Key	EN	RU	DE	FR	IT	PT	ES	JA	ID	MS	AR
title	A Great Friendship	Большая дружба	Eine wunderbare Freundschaft	Une grande amitié	Una grande amicizia	Uma grande\namizade	Una gran amistad	ステキな友情	Persahabatan\nLuar Biasa	Persahabatan\nYang Hebat	صداقةٌ عظيمة
author	María Rafaela Varuzza	Мария Рафаэла Варуцца	María Rafaela Varuzza	María Rafaela Varuzza	María Rafaela Varuzza	María Rafaela Varuzza	María Rafaela Varuzza	María Rafaela Varuzza	María Rafaela Varuzza	María Rafaela Varuzza	ماريا رافائيلا فاروزّا
illustrator	Leandro Francisca	Леандро Франциска	Leandro Francisca	Leandro Francisca	Leandro Francisca	Leandro Francisca	Leandro Francisca	Leandro Francisca	Leandro Francisca	Leandro Francisca	ليندرو فرانسيسكا
composer	Artem Akmulin	Артём Акмулин	Artem Akmulin	Artem Akmulin	Artem Akmulin	Artem Akmulin	Artem Akmulin	Artem Akmulin	Artem Akmulin	Artem Akmulin	أرتم أكملين
boy.description	This is the story of a friendship between a sick man and his dog. The hospital doesn’t allow pets – but will this stop the two friends from seeing each other, or will their friendship find a way?	Эта история о дружбе между человеком, который заболел, и его собакой. В больницу не разрешалось проводить животных. Но помешает ли это друзьям видеть друг друга? Ведь дружба человека и собаки так сильна.	Das ist die Geschichte über die Freundschaft zwischen einem kranken Mann und seinem Hund. Das Krankenhaus erlaubt keine Haustiere – aber wird das die beiden Freunde davon abhalten, sich zu sehen?	Voici l'histoire d'une amitié entre un homme malade et son petit chien. Il doit aller à l'hôpital, mais on n'y accepte pas les animaux de compagnie. Leur amitié pourra-t-elle surmonter cette épreuve ?	Questa è la storia dell’amicizia tra un uomo malato e il suo cane. L’ospedale non ammette animali domestici – ma questo impedirà ai due amici di vedersi, o la loro amicizia riuscirà a superare gli ostacoli?	Esta é a história de uma amizade entre um homem doente e seu cachorrinho. O hospital não permite animais, mas será que isso impedirá os dois amigos de se verem ou eles encontrarão uma saída?	Esta es la historia sobre la amistad entre un hombre enfermo y su perro. El hospital no permitía la entrada de mascotas, pero ¿esto impedirá que los dos amigos se reencuentren?, ¿o la amistad logrará imponerse?	病気になった男性と飼い犬の物語です。病院ではペット同伴は許されていません。2人は会えなくなってしまうのでしょうか、それとも友情が道を切り開くのでしょうか？	Ini kisah persahabatan pria sakit dan anjingnya. Rumah sakit tidak mengizinkan adanya hewan peliharaan – tapi apakah keduanya tidak akan bisa bertemu lagi atau justru persahabatan mereka akan tetap terjalin.	Sebuah kisah persahabatan antara lelaki yang sakit dan anjingnya. Hospital tidak membenarkan anjing masuk – namun adakah ini akan menghalang dua orang kawan bertemu atau mereka tetap akan menemui jalannya?	قصةٌ شيقةٌ لصداقةٍ بين رجلٍ مريضٍ وكلبه الوفيّ. تمنع قوانين المستشفى دخول الحيوانات الأليفة لزيارة المرضى – فهل سيُفرّق هذا الحاجز بين الصديقين، أم أن لصداقتهما قوةً تتخطّى جميع القوانين؟
boy.description.iphone	This is the story of a friendship between a sick man and his dog. The hospital doesn’t allow pets – but will this stop the two friends from seeing each other, or will their friendship find a way?	Эта история о дружбе между человеком, который заболел, и его собакой. В больницу не разрешалось проводить животных. Но помешает ли это друзьям видеть друг друга? Ведь дружба человека и собаки так сильна.	Das ist die Geschichte über die Freundschaft zwischen einem kranken Mann und seinem Hund. Das Krankenhaus erlaubt keine Haustiere – aber wird das die beiden Freunde davon abhalten, sich zu sehen?	Voici l'histoire d'une amitié entre un homme malade et son petit chien. Il doit aller à l'hôpital, mais on n'y accepte pas les animaux de compagnie. Leur amitié pourra-t-elle surmonter cette épreuve ?	Questa è la storia dell’amicizia tra un uomo malato e il suo cane. L’ospedale non ammette animali domestici – ma questo impedirà ai due amici di vedersi, o la loro amicizia riuscirà a superare gli ostacoli?	Esta é a história de uma amizade entre um homem doente e seu cachorrinho. O hospital não permite animais, mas será que isso impedirá os dois amigos de se verem ou eles encontrarão uma saída?	Esta es la historia sobre la amistad entre un hombre enfermo y su perro. El hospital no permitía la entrada de mascotas, pero ¿esto impedirá que los dos amigos se reencuentren?, ¿o la amistad logrará imponerse?	病気になった男性と飼い犬の物語です。病院ではペット同伴は許されていません。2人は会えなくなってしまうのでしょうか、それとも友情が道を切り開くのでしょうか？	Ini kisah persahabatan pria sakit dan anjingnya. Rumah sakit tidak mengizinkan adanya hewan peliharaan – tapi apakah keduanya tidak akan bisa bertemu lagi atau justru persahabatan mereka akan tetap terjalin.	Sebuah kisah persahabatan antara lelaki yang sakit dan anjingnya. Hospital tidak membenarkan anjing masuk – namun adakah ini akan menghalang dua orang kawan bertemu atau mereka tetap akan menemui jalannya?	قصةٌ شيقةٌ لصداقةٍ بين رجلٍ مريضٍ وكلبه الوفيّ. تمنع قوانين المستشفى دخول الحيوانات الأليفة لزيارة المرضى – فهل سيُفرّق هذا الحاجز بين الصديقين، أم أن لصداقتهما قوةً تتخطّى جميع القوانين؟
boy.page.1	One morning, Abel was taking a walk\nwhen he saw a little puppy shivering in the cold.	Как-то утром, выйдя на прогулку,\nЕфим увидел на улице маленького пёсика, дрожащего от холода.	Eines Morgens ging Abel spazieren,\nals er einen kleinen Welpen sah, der zitternd in der Kälte saß.	Un matin, alors qu’il se promenait,\nAbel a aperçu un petit chien qui frissonnait de froid.	Una mattina Alberto stava facendo una passeggiata,\nquando vide un piccolo cucciolo che tremava per il freddo.	Certa manhã, Serafim estava passeando\nquando viu um cachorrinho tremendo de frio.	Una mañana, Itzae estaba dando un paseo\ncuando vio a un cachorrito temblando de frío.	ある⁠朝、​アベベ⁠は​散歩⁠を​し⁠て​いる⁠と、\n寒⁠さ⁠に​ふるえ⁠て​いる​小さな⁠子犬⁠を​見かけ⁠まし⁠た。	Pada suatu pagi, Ogin sedang berjalan-jalan ketika dia\nmelihat seekor anak anjing kecil yang menggigil kedinginan.	Pada suatu pagi, Abel sedang bersiar-siar\ndan ternampak seekor anak anjing menggigil kesejukan.	في صباحٍ مشرق، وبينما كان فراس يتمشى، لمح جروًا صغيرًا يرتجف من شدة البرد.
boy.page.2	“Poor little dog!” Abel said. “I will take care of you.” He took\nthe puppy in his arms, and from that moment on, they were best friends.	«Бедная собачонка! – воскликнул Ефим. – Я о тебе позабочусь».\nОн взял его на руки, и с тех пор они стали неразлучными друзьями.	„Armer kleiner Hund! Ich kümmere mich um dich.“\nAbel hob ihn hoch, und von da an waren sie beste Freunde.	« Pauvre petit chien ! a dit Abel. Je vais prendre soin de toi. »\nIl l’a pris dans ses bras, et ils sont vite devenus les meilleurs amis.	«Povero cagnolino!» Disse Alberto. «Mi prenderò cura di te».\nPrese in braccio il cucciolo e da quel momento divennero migliori amici.	“Tadinho!”, disse Serafim. “Vou cuidar de você.” Ele pegou o cachorrinho\nno colo e, a partir daquele momento, eles se tornaram melhores amigos.	“¡Pobre perrito!”, dijo Itzae al verlo. Tomó al cachorrito entre sus brazos\ny ese día comenzó una gran amistad.	「かわいそう⁠な​子犬⁠！⁠僕⁠が​世話⁠を​し⁠て​あげよ⁠う」​アベベ⁠は​そう⁠言っ⁠て、\n​子犬⁠を​抱き上げ⁠まし⁠た。​すぐ⁠に、​アベベ⁠たち⁠は​親友⁠に​なり⁠まし⁠た。	“Anjing kecil yang malang!” kata Ogin. “Aku akan merawatmu.”\nDia memangku anak anjing itu, dan sejak saat itu, mereka pun bersahabat.	“Kasihan kamu anjing!” kata Abel. “Saya akan menjaga kamu.”\nDia mendukungnya dan sejak saat itu, mereka menjadi kawan baik.	قال فراس: ”يا لك من مسكين أيها الكلب الصغير! سأعتني بك“.\nحمل الجرو بين ذراعيه، ومنذ تلك اللحظة، أصبحا صديقين حميمين.
boy.page.3	He named him {NAME:P1}, and every day after work,\nthey would go for long walks together.	Он назвал пёсика {NAME:P5}. Каждый вечер,\nкогда Ефим приходил с работы, они вместе ходили на прогулку.	Er nannte ihn {NAME:P1}, und jeden Tag nach der Arbeit\nmachten sie gemeinsam einen langen Spaziergang.	Il l’a appelé {NAME:P1}, et tous les jours après le travail,\nils partaient pour de longues promenades.	Lo chiamò {NAME:P1}, e ogni giorno, dopo il lavoro,\nfacevano lunghe passeggiate insieme.	Ele deu o nome de {NAME:P1} para o cachorrinho, e, todos os dias,\ndepois do trabalho, eles saíam para um longo passeio juntos.	Lo llamó {NAME:P1} y todos los días,\ndespués del trabajo, salían juntos a dar largos paseos.	アベベ⁠は​子犬⁠を​{NAME:P1}​と​名付け、\n毎日​仕事⁠が​終わる⁠と​いっしょ⁠に​長い​散歩⁠に​出かけ⁠まし⁠た。	Dia menamai anak anjing itu {NAME:P1},\ndan setiap hari setelah dia pulang bekerja, keduanya berjalan bersama.	Dia menamakannya {NAME:P1} dan setiap hari selepas waktu bekerja,\nmereka akan keluar berjalan bersama.	أطلق عليه اسم {NAME:P1}، وكانا كل يوم،\nبعد عودته من العمل، يخرجان معًا في نزهات طويلة.
boy.page.4	They ate together, celebrated their birthdays together,\nand their friendship continued to grow year after year.	Они вместе ужинали, вместе справляли дни рождения,\nи их дружба только росла из года в год.	Sie aßen zusammen, feierten gemeinsam ihre Geburtstage,\nund ihre Freundschaft wuchs Jahr für Jahr.	Ils mangeaient ensemble, fêtaient leurs anniversaires ensemble\net leur amitié ne cessait de grandir d’année en année.	Mangiavano insieme, festeggiavano insieme i loro compleanni\ne la loro amicizia cresceva di anno in anno.	Eles comiam juntos, comemoravam seus aniversários juntos, e o melhor\nde tudo: a amizade deles ficava cada vez mais forte ao longo dos anos.	Comían juntos, celebraban juntos sus cumpleaños\ny su amistad crecía con el tiempo.	いっしょ⁠に​食事⁠を​し、​いっしょ⁠に​誕生⁠日⁠を​祝い、\nアベベ⁠たち⁠の​友情⁠は​年々​深まっ⁠て​いき⁠まし⁠た。	Mereka makan bersama, merayakan ulang tahun bersama,\ndan persahabatan mereka pun terus tumbuh dari tahun ke tahun.	Mereka makan bersama, meraikan hari lahir bersama\ndan persahabatan mereka bertambah erat saban tahun.	كانا يأكلان معًا، ويحتفلان بأعياد ميلادهما معًا، ونمت صداقتهما عامًا بعد عام.
boy.page.5	Then, one tragic day, Abel got very sick. Before he was taken to the hospital,\nhe asked his neighbor to take care of {NAME:P1}.	Как-то раз Ефим почувствовал себя плохо. Перед тем,\nкак его увезли в больницу, он попросил соседа позаботиться о {NAME:P6}.	Eines Tages wurde Abel krank. Bevor er ins Krankenhaus gebracht wurde,\nbat er seinen Nachbarn, auf {NAME:P1} aufzupassen.	Un jour tragique, Abel est tombé très malade. Avant d’être transporté\nà l’hôpital, il a demandé à son voisin de prendre soin de {NAME:P1}.	Un tragico giorno Alberto si ammalò gravemente. Prima di andare in ospedale,\nchiese al suo vicino di prendersi cura di {NAME:P1}.	Até que, um dia, Serafim ficou muito doente. Antes de ser levado ao hospital,\nele pediu ao seu vizinho para cuidar do {NAME:P1}.	Un día Itzae se enfermó. Antes de que lo llevaran\nal hospital le pidió a su vecina que cuidara a {NAME:P1}.	ある⁠日、​アベベ⁠は​とても⁠具合⁠が​悪く​なり⁠まし⁠た。​病院⁠に​運ば⁠れる⁠前⁠に、\nアベベ⁠は​近所⁠の​人⁠に​{NAME:P1}​の​世話⁠を​お願い​し⁠まし⁠た。	Kemudian, di suatu hari yang menyedihkan, Ogin jatuh sakit. Sebelum dibawa\nke rumah sakit, dia meminta tetangganya untuk merawat {NAME:P1}.	Kemudian, pada suatu hari yang tragis, Abel jatuh sakit.\nSebelum dibawa ke hospital, dia meminta jirannya menjaga {NAME:P1}.	ثم في يومٍ حزين، مرض فراس مرضًا شديدًا.\nوقبل أن يُنقل إلى المستشفى، طلب من جاره أن يعتني ب{NAME:P1}.
boy.page.6	{NAME:P1} lay down and waited patiently for Abel to return.\n“Don’t worry, {NAME:P1}, he will be back soon,” the neighbor said.	{NAME:P1} улёгся в прихожей и стал терпеливо ждать хозяина.\n«Не волнуйся, {NAME:P1}, он скоро вернётся», – сказал сосед.	{NAME:P1} wartete geduldig auf seinen Besitzer.\n„Keine Sorge, {NAME:P1}, er wird bald zurück sein“, sagte der Nachbar.	{NAME:P1} s’est couché pour attendre patiemment son retour.\n« Ne t’inquiète pas, {NAME:P1}, il reviendra bientôt », a dit le voisin.	{NAME:P1} si sdraiò e aspettò pazientemente il ritorno di Alberto.\n«Non preoccuparti, {NAME:P1}, tornerà presto» disse il vicino.	{NAME:P1} se deitou e ficou esperando pelo seu tutor.\n“Não se preocupe, {NAME:P1}. O Serafim vai voltar já já”, disse o vizinho.	{NAME:P1} se acostó y esperó pacientemente que Itzae regresara.\n“No te preocupes, {NAME:P1}, él regresará pronto”, dijo la vecina.	{NAME:P1}​は​横⁠に​なっ⁠て、​じっと⁠アベベ⁠を​待ち⁠まし⁠た。​「心配​し⁠ない⁠で、\n​{NAME:P1}。​アベベ⁠は​すぐ⁠に​帰っ⁠て​くる⁠から」​近所⁠の​人⁠は​言い⁠まし⁠た。	{NAME:P1} berbaring dan sabar menunggu Ogin kembali.\n“Jangan khawatir, {NAME:P1}, dia akan segera kembali,” ujar si tetangga.	{NAME:P1} berbaring dan sabar menunggu Abel pulang.\n“Jangan risau, {NAME:P1}, Abel akan balik tidak lama lagi,” kata jiran itu.	استلقى {NAME:P1} وانتظر بصبر عودة فراس.\nقال له الجار: ”لا تقلق، سيعود قريبًا“.
boy.page.7	Abel was not getting better. He begged the doctor to let his dog visit,\nbut the doctor refused. “No animals allowed in the hospital!”	Но Ефим всё не поправлялся. Он хотел увидеть своего пса, но доктор сказал:\n«К сожалению, мы не пускаем зверей в больницу».	Der Zustand von Abel verbesserte sich nicht, aber sein Hund durfte ihn\nnicht besuchen. Der Arzt sagte: „Tiere dürfen nicht ins Krankenhaus.“	Abel n’allait pas mieux. Il a supplié le médecin de laisser venir son chien,\nmais le médecin a refusé : « Pas d’animaux à l’hôpital ! »	Alberto però non migliorava. Voleva vedere il suo cane, ma il dottore disse:\n«Gli animali non sono ammessi in ospedale!».	Serafim não estava melhorando e implorou ao médico que deixasse seu\ncachorro visitá-lo, mas não funcionou: “Animais são proibidos no hospital!”	Itzae no mejoraba. Suplicó al médico que permitiera que su perro lo visitase,\npero el médico se negó. “¡No se permiten animales en el hospital!”	病気⁠が​良く​なら⁠ない​アベベ⁠は、​{NAME:P1}​を​病院⁠に​連れ⁠て​き⁠たい⁠と\n頼み⁠まし⁠た⁠が、​医者⁠は​言い⁠まし⁠た。​「動物⁠は​病院⁠に​入れ⁠ませ⁠ん」	Ogin tidak kunjung sembuh. Dia memohon dokter agar anjingnya diizinkan\nmasuk, namun dokter menolak. “Hewan dilarang masuk ke rumah sakit!”	Abel tidak bertambah baik. Dia merayu agar doktor membenarkan anjingnya\nmelawat, tetapi doktor menolak. “Haiwan tidak dibenarkan di hospital.”	لكن حالة فراس لم تتحسن. توسل إلى الطبيب أن يسمح لكلبِه بزيارته،\nلكن الطبيب رفض. ”ممنوع دخول الحيوانات إلى المستشفى!“
boy.page.8	{NAME:P1} missed Abel so much that one day, he decided he had had enough.\n“I will just follow Abel’s scent and find him!” he said.	{NAME:P1} тоже скучал по Ефиму. Однажды он решил,\nчто пора что-то делать. «Я просто пойду по его запаху», – подумал он.	{NAME:P1} vermisste Abel so sehr, dass er eine Entscheidung traf:\n„Ich werde einfach seinem Geruch folgen!“	Abel lui manquait tellement qu'un jour, {NAME:P1} a décidé que ça suffisait.\n« Je vais suivre son odeur et le retrouver », a-t-il dit.	{NAME:P1} sentiva così tanto la mancanza di Alberto, che un giorno decise:\n«Seguirò l’odore di Alberto e lo troverò!»	{NAME:P1} também sentia falta do Serafim e, um dia, decidiu ir atrás dele.\n“Já sei, vou seguir o cheiro dele!”, pensou o cãozinho.	{NAME:P1} también lo extrañaba y un día decidió ir a buscarlo.\n“¡Con mi olfato seguiré el rastro de Itzae y lo encontraré!”	{NAME:P1}​は​アベベ⁠に​会い⁠たく⁠て、​ある⁠日、​もう⁠待て⁠ない⁠と​思い⁠まし⁠た。​\n「匂い⁠を​たどっ⁠て、​アベベ⁠を​見つけよ⁠う⁠！」​{NAME:P1}​は​言い⁠まし⁠た。	{NAME:P1} sangat merindukan Ogin hingga suatu hari,\nanjing itu tidak tahan lagi. “Aku akan melacak Ogin sampai ketemu!” pikirnya.	{NAME:P1} amat merindui Abel hingga satu hari, dia tidak dapat menahan\ndiri lagi. “Saya akan ikut saja baunya dan mencarinya!” katanya.	اشتاق {NAME:P1} إلى فراس كثيرًا، وفي أحد الأيام،\nقرر أنه قد طفح به الكيل. قال: ”سأتبع رائحة فراس وأجده!“
boy.page.9	When {NAME:P1} got to the hospital, he cried,\n“Here he is! That smells like Abel to me!”	{NAME:P1} добрался до больницы.\n«Ну, наконец-то, – закричал он, – я нашёл его! Здесь пахнет Ефимом!»	Als {NAME:P1} am Krankenhaus ankam, jaulte er:\n„Da ist er! Das riecht für mich wie Abel!“	Quand {NAME:P1} est arrivé à l’hôpital, il s’est écrié :\n« Il est ici ! Ça sent Abel à plein nez ! »	Quando {NAME:P1} arrivò all’ospedale, gridò:\n«Eccolo! Questo mi sembra l’odore di Alberto!»	Quando {NAME:P1} chegou ao hospital, ele disse:\n“É aqui! Acho que conheço esse cheiro, é do Serafim!”	Cuando {NAME:P1} llegó al hospital exclamó, “¡está aquí, puedo oler a Itzae!”	病院⁠に​着い⁠た​{NAME:P1}​は​叫び⁠まし⁠た。\n「ここ⁠に​いる⁠！⁠アベベ⁠の​匂い⁠が​する⁠！」	Ketika {NAME:P1} sampai di rumah sakit, anjing itu menyalak,\n“Ini dia! Baunya seperti bau Ogin!”	Apabila {NAME:P1} sampai ke hospital dia menangis,\n“Di sinilah dia! Bau ini seperti bau Abel!”	عندما وصل {NAME:P1} إلى المستشفى، صرخ: ”إنه هنا! هذه رائحة فراس!“
boy.page.10	He started barking to get Abel’s attention,\nbut his barking disturbed the patients, and he was quickly chased away.	Он залаял, чтобы привлечь внимание Ефима,\nно его лай мешал пациентам отдыхать, и они прогнали его.	Er bellte, um Abel auf sich aufmerksam zu machen,\naber sein Bellen störte die Patienten, und sie jagten ihn schnell davon.	Il s’est mis à aboyer pour attirer l’attention d’Abel,\nmais ses aboiements dérangeaient les patients, et ils l’ont vite chassé.	Iniziò ad abbaiare per attirare l’attenzione di Alberto,\nma il suo abbaiare disturbò i pazienti, e fu allontanato in fretta.	Ele começou a latir para chamar a atenção do Serafim, mas seu latido\nincomodou os pacientes, que foram logo expulsando o cãozinho de lá.	Comenzó a ladrar para llamar la atención de Itzae,\npero sus ladridos molestaron a los pacientes y lo echaron de allí en seguida.	{NAME:P1}​は​アベベ⁠を​呼ぶ​ため⁠に​ワン​ワン⁠と\nほえ⁠まし⁠た⁠が、​患者⁠たち⁠の​めいわく⁠に​なり、​すぐ⁠に​追い払わ⁠れ⁠まし⁠た。	Dia mulai menggonggong agar Ogin tahu kehadirannya, tetapi suara gonggongannya\nmalah mengganggu para pasien, dan anjing itu pun langsung diusir.	Dia mula menyalak untuk mendapatkan perhatian Abel, tetapi salakannya\nmengganggu pesakit dan mereka cepat-cepat menghalaunya pergi.	بدأ ينبح لجذب انتباه فراس، لكن نباحه أزعج المرضى، فطُرد بسرعة.
boy.page.11	Suddenly, he saw a friendly gentleman entering the hospital.\n“I know,” {NAME:P1} thought, “I’ll put myself between his legs to hide.”	Потом он увидел, как в больницу входит какой-то человек.\n«Спрячусь-ка я у него между ног», – подумал {NAME:P1}.	Da sah er einen Mann das Krankenhaus betreten. „Ich weiß“,\ndachte {NAME:P1}, „Ich werde mich zwischen seinen Beinen verstecken.“	Soudain, il a vu entrer dans l’hôpital un homme à l’air sympathique.\n« Je vais me cacher entre ses jambes, a pensé {NAME:P1}. »	All’improvviso vide un signore dall’aspetto gentile che entrava in ospedale.\n«Lo so» {NAME:P1} pensò: «Mi nasconderò tra le sue gambe».	Logo depois, ele viu um senhor simpático entrando no hospital.\n“Já sei!”, pensou {NAME:P1}. “Vou me esconder entre as pernas dele!”	De repente vio que un señor entraba al hospital. “Ya sé”, pensó {NAME:P1},\n“me colocaré entre sus piernas para pasar desapercibido”.	すると、​やさし⁠そう⁠な​男⁠の​人⁠が、​病院⁠に​入っ⁠て​いく​の⁠が​見え⁠まし⁠た。\n​{NAME:P1}​は​考え⁠まし⁠た。​「そう⁠だ、​足⁠の​間⁠に​かくれ⁠て​入ろう」	Tiba-tiba, dia melihat pria ramah yang memasuki rumah sakit. “Aku tahu,”\npikir {NAME:P1}, “Aku akan bersembunyi di antara kedua kakinya.”	Kemudian dia nampak seorang lelaki ingin masuk.\n“Saya tahu,” fikir {NAME:P1}, “Saya akan bersembunyi di celah kakinya.”	فجأة، رأى رجلاً ودودًا يدخل المستشفى.\nفكر {NAME:P1}: ”أعرف، سأختبئ بين ساقيه“.
boy.page.12	But it was no use; his tail and legs were exposed and gave him away.	Но безуспешно: хвост и ноги торчали наружу и выдавали его.	Aber ohne Erfolg: sein Schwanz\nund seine Beine lugten hervor und verrieten ihn.	Mais ça n’a servi à rien : sa queue et ses pattes, qui dépassaient, l’ont trahi.	Ma non ci riuscì; la sua coda e le sue zampe erano esposte e lo fecero scoprire.	Mas não adiantou nada, porque o rabo\ne as pernas dele ficaram para fora e acabaram denunciando o cachorrinho.	Pero sin éxito; su colita y sus patas quedaron al descubierto y lo delataron.	しかし、​うまく​いき⁠ませ⁠ん⁠でし⁠た。​しっぽ⁠と​足⁠が​見え⁠て、\n{NAME:P1}​は​見つかっ⁠て​しまい⁠まし⁠た。	Namun sia-sia saja; ekor dan kakinya terlihat\njelas sehingga penyamarannya terbongkar.	Namun dia gagal; ekor dan kakinya kelihatan dan orang ramai pun tahu.	لكن دون جدوى؛ كشف ذيله وساقاه أمره.
boy.page.13	Poor {NAME:P1} was chased away again.	Бедного {NAME:P4} снова выгнали.	Der arme {NAME:P1} wurde erneut davongejagt.	Le pauvre {NAME:P1} a été chassé une nouvelle fois.	Il povero {NAME:P1} fu nuovamente scacciato.	Pobre {NAME:P1}, ele foi expulso de novo.	¡Pobre {NAME:P1}! ¡Lo echaron otra vez!	かわいそう⁠な​{NAME:P1}​は、\nまた⁠追い払わ⁠れ⁠て​しまい⁠まし⁠た。	{NAME:P1} yang malang itu kembali diusir.	Kasihan {NAME:P1} dihalau lagi.	طُرد {NAME:P1} المسكين مرة أخرى.
boy.page.14	But he did not give up. “I’ll run in and knock over the potted plant\nat the entrance,” he thought. “While they’re distracted, I’ll sneak past!”	Но он не сдавался. «Я забегу и опрокину вазон с цветами у входа,\nа пока они будут убирать осколки, я и проскочу!»	Aber er gab nicht auf. „Ich werde den Blumentopf am Eingang umschmeißen“,\ndachte er, „wenn sie mit Aufräumen abgelenkt sind, laufe ich vorbei!“	Mais il n'a pas renoncé. « Je vais courir, s'est-il dit, renverser une\nplante en pot à l'entrée et passer pendant qu'ils seront distraits ! »	Ma non si arrese. «Correrò dentro e rovescerò la fioriera in ingresso.\nMentre saranno distratti a raccogliere la pianta, io gli passerò accanto!»	“Já sei! Vou correr e derrubar o vaso da entrada.\nEnquanto eles estiverem distraídos arrumando a planta, eu passo correndo!”	Pero no se dio por vencido. “Entraré corriendo y derribaré la maceta\nde la entrada”, elucubró. “Y podré pasar mientras estén distraídos”.	{NAME:P1}​は​あきらめ⁠ませ⁠ん⁠でし⁠た。​「走っ⁠て​いっ⁠て、​入口⁠の​植木⁠を\nたおそ⁠う。​彼ら⁠が​気⁠を​取ら⁠れ⁠て​いる​間⁠に、​こっそり⁠入る​ん⁠だ⁠！」	Tapi dia tidak menyerah. “Aku akan berlari ke dalam dan menabrak pot\ndi pintu masuk,” pikirnya. “Saat mereka teralihkan, aku akan menyelinap!”	Namun dia tidak putus asa. “Saya akan lari dan langgar pasu di tepi pintu\nmasuk,” fikirnya. “Ketika mereka kebingungan, saya akan berlari masuk!”	لكنه لم يستسلم. فكر: ”سأركض وأسقط المزهرية عند المدخل،\nوبينما هم مشغولون، سأتسلل!“
boy.page.15	But {NAME:P1} was caught again because the hospital’s security guard\nwas sitting in front of the potted plant and saw everything happen.	Но {NAME:P4} опять поймали – прямо напротив вазона\nсидел больничный сторож, и ему всё было прекрасно видно.	Aber {NAME:P1} wurde erneut erwischt, denn der Krankenhaus-Pförtner\nsaß vor dem Blumentopf und konnte alles beobachten.	Mais {NAME:P1} s’est encore fait prendre parce que le gardien de l’hôpital,\nqui était assis devant la plante en pot, a tout vu.	Ma {NAME:P1} fu scoperto di nuovo perché il guardiano dell’ospedale\nera seduto proprio davanti alla grande fioriera e vide tutto.	Mas {NAME:P1} foi pego novamente,\nporque o vigia do hospital estava sentado bem na frente do vaso e viu tudo.	Pero lo atraparon otra vez; el guardia del hospital\nestaba sentado frente a la maceta y vio lo que sucedía.	しかし、​{NAME:P1}​は​また⁠つかまっ⁠て​しまい⁠まし⁠た。\n植木⁠の​前⁠に​い⁠た​病院⁠の​ガードマン⁠が、​ずっと⁠見⁠て​い⁠た​の⁠です。	Tetapi {NAME:P1} tertangkap lagi karena petugas keamanan\nrumah sakit duduk di depan pot itu dan melihat semuanya.	Namun {NAME:P1} ditangkap lagi kerana pengawal hospital\nduduk di depan pasu pokok dan melihat semua kejadian itu.	لكن {NAME:P1} أُمسك مرة أخرى لأن حارس الأمن\nبالمستشفى كان يجلس أمام المزهرية وشاهد كل شيء.
boy.page.16	That night, back in his bed, {NAME:P1} couldn’t sleep.\nHe needed to figure out a way to get into the hospital.	В ту ночь {NAME:P3} не спалось.\nОн всё думал, как бы пробраться в больницу.	In dieser Nacht lag {NAME:P1} zuhause schlaflos wach und überlegte,\nwie er ins Krankenhaus gelangen konnte.	Ce soir-là, de retour sur son lit, {NAME:P1} n’arrivait pas à dormir.\nIl fallait qu’il trouve un moyen d’entrer dans l’hôpital.	Quella notte, nel suo letto, {NAME:P1} non riuscì a dormire.\nDoveva trovare un modo per entrare in ospedale.	Naquela noite, em casa, {NAME:P1} não conseguia dormir\npensando no que ele faria para conseguir entrar no hospital.	Esa noche, ya en casa, {NAME:P1} no podía dormir\npensando en la manera de poder entrar al hospital.	その⁠夜、​家⁠に​帰っ⁠た​{NAME:P1}​は、\nどう⁠し⁠たら​病院⁠に​入れる⁠か⁠を​考え⁠て​眠れ⁠ませ⁠ん⁠でし⁠た。	Malam itu, kembali di tempat tidurnya, {NAME:P1} tidak bisa tidur.\nDia harus menemukan cara untuk bisa masuk ke rumah sakit.	Malam itu setelah pulang ke rumah, {NAME:P1} tidak dapat tidur.\nDia mesti mencari jalan untuk masuk ke dalam hospital.	في تلك الليلة، وعلى فراشه، لم يستطع {NAME:P1} النوم.\nكان بحاجة إلى إيجاد طريقة للدخول إلى المستشفى.
boy.page.17	Suddenly, he had an idea.	И тут ему пришла идея.	Plötzlich kam ihm eine Idee.	Soudain, il lui est venu une idée.	All’improvviso, gli venne un’idea.	De repente, ele teve uma ideia.	De repente, tuvo una idea.	その⁠とき、​{NAME:P1}​は​ひらめき⁠まし⁠た。	Tiba-tiba, terlintas ide di benaknya.	Tiba-tiba, dia mendapat satu idea.	فجأة، خطرت له فكرة.
boy.page.18	“Sultan, wake up, I need you to help me!” Sultan was the neighbor’s dog.	«Султан, проснись, мне нужна твоя помощь!»\nСултаном звали соседского пса.	„Sultan, wach auf. Ich brauche deine Hilfe!“ Sultan war der Nachbarshund.	« Sultan, réveille-toi, il faut que tu m’aides ! » Sultan était le chien du voisin.	«Sultan, svegliati, devi aiutarmi!» Sultan era il cane dei vicini.	“Biriba, acorde, preciso da sua ajuda!” Biriba era o cachorro do vizinho.	“¡Sultán, despierta, necesito que me ayudes!” Sultán era el perro de la vecina.	「スルタン、​起き⁠て⁠！⁠助け⁠て​ほしい​ん⁠だ⁠！」\nスルタン⁠は​近所⁠の​犬⁠でし⁠た。	“Guguk, bangun, aku membutuhkan bantuanmu!”\nGuguk adalah anjing tetangga.	“Simpuh, bangun, kamu mesti bantu saya!” Simpuh ialah anjing milik jiran.	”روكي، استيقظ، أحتاج إلى مساعدتك!“ كان روكي كلب الجيران.
boy.page.19	Drowsy and yawning, Sultan mumbled,\n“What do you want, {NAME:P1}? Go to sleep, it’s too late to play.”	Потягиваясь и зевая, Султан пробормотал:\n«Чего тебе, {NAME:P1}? Иди-ка лучше спать, уже поздно играть».	Gähnend und schläfrig fragte Sultan:\n„Was willst du, {NAME:P1}? Geh schlafen, es ist zu spät zum Spielen.“	Somnolant et bâillant, Sultan lui a dit : « Qu’est-ce que tu veux, {NAME:P1} ?\nVa dormir, il est trop tard pour jouer. »	Assonnato e sbadigliando, Sultan disse:\n«Cosa vuoi, {NAME:P1}? Vai a dormire, è troppo tardi per giocare».	Sonolento e bocejando, Biriba murmurou:\n“O que você quer, {NAME:P1}? Vá dormir, está tarde demais para brincar.”	Somnoliento y bostezando, Sultán murmuró,\n“¿qué quieres {NAME:P1}?, ve a dormir, que es tarde para jugar”.	スルタン⁠は​とても⁠眠く⁠て、​あくび⁠を​し⁠ながら​言い⁠まし⁠た。\n「{NAME:P1}、​どう⁠し⁠た⁠の⁠？⁠寝よ⁠う⁠よ。​遊ぶ⁠に⁠は​遅​すぎる⁠よ」	Dalam keadaan mengantuk dan menguap, Guguk bergumam,\n“Apa maumu, {NAME:P1}? Tidurlah, sudah larut malam.”	Sambil mengantuk dan menguap, Simpuh berkata, “Apa yang kamu mahu,\n{NAME:P1}? Pergilah tidur, sudah terlalu lewat untuk bermain.”	تمتم روكي النعسان وهو يتثاءب:\n”ماذا تريد يا {NAME:P1}؟ اذهب إلى النوم، فات الأوان للعب“.
boy.page.20	“I need you to accompany me to the hospital!”	«Мне нужно, чтобы ты помог мне пробраться в больницу».	„Du musst mich zum Krankenhaus begleiten.“	« Il faut que tu m’accompagnes à l’hôpital. »	«Ho bisogno che mi accompagni all’ospedale».	“Preciso que você me acompanhe até o hospital.”	“Necesito que me acompañes al hospital”.	「病院⁠に​いっしょ⁠に​行っ⁠て​ほしい​ん⁠だ」	“Aku membutuhkanmu untuk menemaniku ke rumah sakit!”	“Kamu perlu temankan saya ke hospital.”	”أحتاجك أن ترافقني إلى المستشفى!“
boy.page.21	“Are you sick?” replied Sultan.	«Ты что, заболел?» – спросил Султан.	„Bist du krank?“, erwiderte Sultan.	« Tu es malade ? » a répondu Sultan.	«Sei malato?», rispose Sultan.	“Você está doente?”, respondeu Biriba.	“¿Estás enfermo?”, replicó Sultán.	「病気⁠な⁠の⁠？」​スルタン⁠は​聞き⁠まし⁠た。	“Kamu sakit?” jawab Guguk.	“Kamu sakit?” balas Simpuh.	رد روكي: ”هل أنت مريض؟“
boy.page.22	“No. We need to go. I’ll explain on the way.”	«Нет. Пойдём, быстрее. Объясню по дороге».	„Nein. Lass uns schnell gehen, ich erklär’s dir auf dem Weg.“	« Non. Il faut y aller. Je t’expliquerai en chemin. »	«No. Andiamo subito, ti spiegherò strada facendo».	“Não. Vamos rápido, eu explico no caminho.”	“No, vamos rápido, te explico en el camino”.	「そう⁠じゃ⁠ない​ん⁠だ。\n​早く​行こ⁠う。​後で⁠説明​する⁠から」	“Tidak. Kita harus pergi. Nanti akan kujelaskan di perjalanan.”	“Tidak. Marilah pergi cepat, saya akan terangkan dalam perjalanan.”	”لا. نحن بحاجة للذهاب. سأشرح لك في الطريق“.
boy.page.23	{NAME:P1} told him what had happened when he had tried to see Abel,\nand explained that he needed to try again when everyone was sleeping.	{NAME:P1} рассказал ему, что случилось, когда он пытался пройти к Ефиму,\nи что нужно попробовать проскользнуть ночью, пока все спят.	{NAME:P1} erzählte ihm, wie er versucht hatte, Abel zu sehen,\nund dass er es nun nachts versuchen wollte, wenn alle schliefen.	{NAME:P1} lui a raconté comment il avait tenté de voir Abel\net lui a dit qu’il devait essayer encore, quand tout le monde dormait.	{NAME:P1} gli raccontò cos’era successo quando aveva cercato di vedere\nAlberto e che voleva provare di notte, mentre tutti dormivano.	{NAME:P1} contou sobre suas tentativas de ver o Serafim e disse\nque precisava tentar de novo à noite, quando todos estivessem dormindo.	{NAME:P1} le contó lo que sucedió cuando trató de visitar a Itzae,\ny le explicó cómo iba a intentarlo cuando todos estuviesen durmiendo.	{NAME:P1}​は、​アベベ⁠に​会お⁠う⁠と​し⁠た​とき⁠に​起こっ⁠た​こと⁠を​話し⁠まし⁠た。\n​そして、​みんな⁠が​寝⁠て​いる​夜⁠に​会い⁠に​行っ⁠た​ほう⁠が​いい⁠と​言い⁠まし⁠た。	{NAME:P1} menceritakan kejadian saat berusaha mengunjungi Ogin,\ndan menjelaskan bahwa dia perlu mencoba lagi saat semua orang tertidur.	{NAME:P1} memberitahu apa yang berlaku ketika dia cuba bertemu Abel\ndan menerangkan dia perlu cuba lagi ketika semua orang sedang tidur.	أخبره {NAME:P1} بما حدث عندما حاول رؤية فراس،\nوشرح له أنه بحاجة إلى المحاولة مرة أخرى عندما يكون الجميع نائمين.
boy.page.24	When they arrived, {NAME:P1} climbed onto Sultan’s back to reach\nthe hospital window. He started to wobble and cried, “Stop moving!”	У больницы {NAME:P1} вскарабкался Султану на спину, чтобы залезть\nчерез окно, но пошатнулся и закричал: «Стой ровно, я падаю!»	Beim Krankenhaus kletterte {NAME:P1} auf Sultans Rücken,\num das Fenster zu erreichen. Schwankend rief er: „Nicht bewegen!“	À l’hôpital, {NAME:P1} a grimpé sur le dos de Sultan pour atteindre la fenêtre.\n« Ne bouge pas ! » a-t-il crié alors qu’il vacillait.	Arrivati, {NAME:P1} salì sulla schiena di Sultan per raggiungere\nla finestra dell’ospedale. Traballando, gridò: «Smettila di muoverti!»	Ao chegarem, {NAME:P1} subiu nas costas do Biriba para alcançar a janela\ndo hospital. Ele começou a balançar e gritou: “Pare de se mexer!”	Cuando llegaron se subió al lomo de Sultán para poder entrar por la ventana\ndel hospital. Mientras se tambaleaba, clamaba, “¡deja de moverte!”	病院⁠に​着く⁠と、​{NAME:P1}​は​スルタン⁠の​上⁠に​乗り、​窓⁠に​近づき⁠まし⁠た。\n​{NAME:P1}​は​フラフラ⁠し⁠ながら、​言い⁠まし⁠た。​「動か⁠ない⁠で、​落ちる⁠よ⁠！」	Ketika mereka sampai, {NAME:P1} menaiki punggung Guguk\nuntuk menjangkau jendela. Dia mulai bergoyang, dan berteriak, “Diam!”	Apabila tiba, {NAME:P1} memanjat belakang Simpuh untuk mencapai tingkap.\nDia mula tergoyang-goyang dan menjerit, “Berhenti bergerak!”	عندما وصلا، صعد {NAME:P1} على ظهر روكي للوصول إلى\nنافذة المستشفى. بدأ يتمايل، وصرخ: ”توقف عن الحركة!“
boy.page.25	Sultan answered him through his teeth.\n“Hurry up! You’re small, but you weigh a ton!”	«Давай поскорее. Ты хоть и маленький,\nно весишь как слон!» – с трудом ответил Султан.	Sultan erwiderte außer Atem:\n„Beeil dich, du bist zwar klein, aber du wiegst eine Menge!“	Sultan lui a répondu en serrant les dents :\n« Dépêche-toi ! Tu es petit, mais tu pèses une tonne ! »	Sultan gli rispose a fatica. «Sbrigati! Sei piccolo ma pesi una tonnellata!»	Biriba respondeu rangendo os dentes.\n“Aaaai, vai rápido! Você é pequeno, mas é pesadinho!”	Y Sultán le contestaba, resoplando.\n“¡Apúrate! ¡Eres pequeño, pero pesas mucho!”	スルタン⁠は​苦し⁠そう⁠に​言い⁠まし⁠た。\n「早く⁠！⁠君⁠は​小さい⁠けど、​すごく​重い​ん⁠だ⁠！」	Guguk menjawab dengan menyeringai.\n“Cepatlah! Tubuhmu kecil, tapi sangat berat!”	Simpuh menjawab dengan susah-payah.\n“Cepat! Kamu kecil tapi badan kamu berat!”	أجابه روكي من بين أسنانه: ”أسرع! أنت صغير، لكنك تزن طنًا!“
boy.page.26	Finally, {NAME:P1} made it through the window\nand fell onto the floor of the hospital. He saw a nurse passing nearby…	Наконец, {NAME:P3} удалось влезть в окно, и он шлёпнулся на пол.\nВ этот момент рядом проходила медсестра…	Schließlich schaffte es {NAME:P1} durch das Fenster und fiel auf den Boden.\nEr sah, wie eine Krankenschwester in der Nähe vorbeiging…	Enfin, {NAME:P1} est parvenu à passer par la fenêtre\net est tombé sur le sol de l’hôpital. Il a vu une infirmière passer tout près…	Alla fine, {NAME:P1} riuscì ad attraversare la finestra\ne cadde sul pavimento dell’ospedale. Vide un’infermiera che passava lì vicino…	Finalmente, {NAME:P1} conseguiu passar pela janela\ne caiu no chão do hospital. Ele viu uma enfermeira passando por perto…	Por fin, {NAME:P1} logra entrar por la ventana y cae dentro del hospital.\nVe que una enfermera se aproxima…	ついに​{NAME:P1}​は​窓⁠を​通り​ぬけ、​病院⁠の​床⁠に​たおれ\nこみ⁠まし⁠た。​看護⁠師⁠が​近く⁠を​通り​すぎる​の⁠が​見え⁠まし⁠た…	Akhirnya, {NAME:P1} bisa masuk ke jendela\ndan jatuh ke lantai rumah sakit. Dia melihat seorang perawat lewat…	Akhirnya, {NAME:P1} berjaya memasuki tingkap itu dan jatuh ke atas lantai\nhospital. Dia nampak seorang jururawat sedang lalu berhampiran…	أخيرًا، تمكن {NAME:P1} من عبور النافذة وسقط\nعلى أرضية المستشفى. رأى ممرضة تمر بالقرب منه…
boy.page.27	…but he managed to hide behind a cabinet just in time.	…но он успел спрятаться за шкафом.	…aber er schafft es, sich hinter einem Schrank zu verstecken.	… mais ila réussi à se cacher derrière une armoire, juste à temps.	…ma riuscì a nascondersi dietro un mobile appena in tempo.	…mas conseguiu se esconder atrás de um armário.	…pero logra esconderse detrás de un armario.	…​しかし、​{NAME:P1}​は\n棚⁠の​後ろ⁠に​うまく​かくれ⁠まし⁠た。	…tapi dia bisa bersembunyi di balik lemari tepat pada waktunya.	…tetapi dia sempat bersembunyi di belakang kabinet.	…لكنه تمكن من الاختباء خلف خزانة في الوقت المناسب.
boy.page.28	Aided by his sense of smell, {NAME:P1} found his way to Abel.	Благодаря своему отменному нюху {NAME:P1} нашёл Ефима.	{NAME:P1} folgte seiner Nase und fand Abel.	Grâce à son odorat, {NAME:P1} a trouvé son chemin jusqu’à Abel.	Grazie al suo fiuto, {NAME:P1} trovò Alberto.	Guiado pelo seu olfato, {NAME:P1} encontrou Serafim.	Valiéndose de su olfato, {NAME:P1} logró encontrar a Itzae.	{NAME:P1}​は​匂い⁠を​たどり、\n​アベベ⁠を​見つけ⁠まし⁠た。	Dengan bantuan indra penciumannya, {NAME:P1} bisa menemukan Ogin.	Dibantu oleh deria baunya, {NAME:P1} menemui Abel.	بمساعدة حاسة الشم لديه، وجد {NAME:P1} طريقه إلى فراس.
boy.page.29	The bed where Abel slept was a bit high,\nbut {NAME:P1} jumped onto a nearby couch and then onto the bed.	Кровать, на которой спал Ефим, была слишком высокой,\nно {NAME:P1} запрыгнул сначала на диван, а потом на кровать.	Das Bett, in dem Abel schlief, war ein bisschen hoch, aber {NAME:P1}\nschaffte es, von einem Sofa in der Nähe auf das Bett zu springen.	Le lit où dormait Abel était un peu haut,\nmais {NAME:P1} a sauté sur un canapé voisin, puis sur le lit.	Il letto dove dormiva Alberto era un po’ alto,\nma {NAME:P1} saltò su un divano vicino e poi sul letto.	A cama onde Serafim estava dormindo era um pouco alta,\nmas {NAME:P1} pulou em um sofá próximo e depois na cama.	Como la cama donde dormía Itzae era un poco alta,\n{NAME:P1} saltó primero a un sofá y luego a la cama.	アベベ⁠は​少し⁠高い​ベッド⁠で​寝⁠て​い⁠まし⁠た⁠が、​{NAME:P1}​は\n近く⁠の​ソファ⁠に​飛び乗っ⁠て、​ベッド⁠に​上がり⁠まし⁠た。	Tempat tidur Ogin agak tinggi, tetapi {NAME:P1} bisa\nmelompat ke kursi di dekatnya lalu ke tempat tidur itu.	Katil tempat Abel tidur agak tinggi, tetapi {NAME:P1} melompat\nke atas sofa berhampiran, kemudian melompat ke katil.	كان السرير الذي ينام عليه فراس مرتفعًا بعض الشيء،\nلكن {NAME:P1} قفز على أريكة قريبة ثم على السرير.
boy.page.30	Abel felt his dog’s paws on his chest. “{NAME:P1}, is that you?\nAm I dreaming?” Abel hugged his dog and asked, “How did you get in?”	Ефим почувствовал прикосновение. «{NAME:P1}, это ты? Я что, сплю?»\nЕфим обнял его и спросил: «Как ты пробрался?»	Abel bemerkte ihn. „{NAME:P1}, bist du das? Träume ich?“\nAbel umarmte ihn und fragte: „Wie bist du ganz allein hereingekommen?“	Abel a senti ses pattes sur sa poitrine. « {NAME:P1}, c’est toi, ou je rêve ? »\nIl l’a serré dans ses bras. « Comment es-tu entré ? »	Alberto sentì le zampe del suo cane sul petto. «{NAME:P1}, sei tu?\nSto sognando?» Alberto lo abbracciò e gli chiese: «Come sei entrato?»	Serafim sentiu as patinhas do cachorro em seu peito. “{NAME:P1}, é você?\nEstou sonhando?” Serafim o abraçou e disse: “Como você entrou?”	Itzae siente las patas del perrito sobre su pecho.\n“{NAME:P1}, ¿eres tú? ¿Estaré soñando?” Lo abraza. “¿Cómo entraste?”	「{NAME:P1}​な⁠の⁠？⁠僕⁠は​夢⁠を​見⁠て​いる⁠の⁠？」​{NAME:P1}​に\n気づい⁠た​アベベ⁠は、​抱きしめ⁠て​言い⁠まし⁠た。​「どう⁠やっ⁠て​入っ⁠た​ん​だい⁠？」	Ogin merasakan garukan anjingnya di dadanya. “{NAME:P1}, itu kamu?\nBermimpikah aku?” Ogin memeluk anjingnya dan bertanya, “Kok bisa masuk?”	Abel mengenali anjingnya. “{NAME:P1}, kamu ya? Adakah aku bermimpi?”\nAbel memeluknya dan berkata, “Bagaimana kamu masuk?”	شعر فراس بمخالب كلبه على صدره. ”{NAME:P1}،\nهل أنت؟ هل أنا أحلم؟“ عانق فراس كلبه وسأل: ”كيف دخلت؟“
boy.page.31	But Abel felt weak and soon fell asleep again.	Но тут же почувствовал слабость и снова уснул.	Aber Abel fühlte sich schwach und schlief bald wieder ein.	Mais Abel se sentait faible et s’est rendormi.	Ma Alberto si sentiva debole e presto si riaddormentò.	Mas Serafim ainda estava fraco e logo adormeceu novamente.	Pero Itzae está débil y se queda dormido nuevamente.	しかし、​アベベ⁠は​疲れ⁠て​き⁠て、\nすぐ⁠に​また⁠眠っ⁠て​しまい⁠まし⁠た。	Tetapi Ogin merasa lemah dan langsung terlelap kembali.	Namun Abel berasa lemah dan tidak lama kemudian tertidur semula.	لكن فراس شعر بالضعف وسرعان ما نام مرة أخرى.
boy.page.32	With Sultan’s help, {NAME:P1} returned home\nbefore dawn so as not to be discovered.	С помощью Султана, {NAME:P1} вернулся домой до рассвета,\nчтобы его не обнаружили в больнице.	Mit Sultans Hilfe kehrte {NAME:P1} noch vor Sonnenaufgang\nnach Hause zurück, damit er unentdeckt blieb.	Avec l’aide de Sultan, {NAME:P1} est rentré\nà la maison avant l’aube pour ne pas être découvert.	Con l’aiuto di Sultan, {NAME:P1} tornò a casa\nprima dell’alba per non essere scoperto.	Com a ajuda de Biriba, {NAME:P1} voltou para casa\nantes do amanhecer para não ser descoberto.	Para no ser descubierto, {NAME:P1} regresa a casa\nantes del amanecer, con la ayuda de Sultán.	スルタン⁠に​手伝っ⁠て​もらい、​{NAME:P1}​は\n見つから⁠ない​よう⁠に​夜⁠が​明ける​前⁠に​家⁠に​帰り⁠まし⁠た。	Dengan bantuan Guguk, {NAME:P1} pulang ke rumah sebelum fajar\nagar tidak ada yang memergokinya.	Dengan bantuan Simpuh, {NAME:P1} pulang ke rumah\nsebelum fajar supaya tidak dijumpai sesiapa.	بمساعدة روكي، عاد {NAME:P1} إلى المنزل قبل الفجر حتى لا يتم اكتشافه.
boy.page.33	Every night thereafter, Sultan helped {NAME:P1} climb\nthrough the hospital window, and Abel recovered quickly.	С тех пор {NAME:P1} и Султан проделывали те же\nдействия каждую ночь, и Ефим вскоре стал поправляться.	In den folgenden Nächten kamen {NAME:P1}\nund Sultan immer wieder zurück, und Abel erholte sich schnell.	Ensuite, chaque nuit, Sultan a aidé {NAME:P1} à passer\npar la fenêtre de l’hôpital, et Abel s’est rapidement rétabli.	Da allora, ogni notte, Sultan aiutò {NAME:P1} ad arrampicarsi\nattraverso la finestra dell’ospedale e Alberto si riprese rapidamente.	Depois disso, {NAME:P1} e Biriba fizeram a mesma coisa todas as noites,\ne Serafim começou a se recuperar rapidamente.	Todas las noches Sultán ayudaba a {NAME:P1} a trepar por la ventana\ndel hospital, y fue así que Itzae se recuperó rápidamente.	それから⁠毎晩、​スルタン⁠に​手伝っ⁠て​も​らい​{NAME:P1}​は​病院⁠の\n窓⁠から​入り⁠まし⁠た。​する⁠と、​アベベ⁠の​病気⁠は​すぐ⁠に​良く​なり⁠まし⁠た。	Di malam-malam berikutnya, Guguk membantu {NAME:P1} memanjat\nke jendela rumah sakit, dan Ogin pun sembuh dengan cepat.	Sejak hari itu, setiap malam {NAME:P1}\ndan Simpuh memanjat tingkap hospital dan Abel pulih dengan cepat.	في كل ليلة بعد ذلك، ساعد روكي {NAME:P1}\nعلى تسلق نافذة المستشفى، وتعافى فراس بسرعة.
boy.page.34	The doctors were surprised by his improvement!	Доктора удивлялись, наблюдая за улучшением его состояния.	Die Ärzte waren überrascht von seiner Genesung!	Les médecins ont été surpris par l’amélioration de sa santé !	I medici furono sorpresi dal suo miglioramento!	Os médicos ficaram surpresos com a melhora dele!	¡Los médicos estaban sorprendidos con su mejoría!	アベベ⁠が​とても⁠元気⁠に​なっ⁠た⁠ので、\n​医者⁠たち⁠は​おどろき⁠まし⁠た⁠！	Para dokter terkejut dengan perkembangan kesehatannya!	Para doktor terkejut dengan perkembangannya!	تفاجأ الأطباء بتحسنه!
boy.page.35	One night, {NAME:P1} fell fast asleep next to Abel.	Однажды ночью {NAME:P1} крепко уснул на кровати Ефима.	Eines Abends schlief {NAME:P1} neben Abel ein.	Une nuit, {NAME:P1} s’est endormi profondément à côté d’Abel.	Una notte, {NAME:P1} si addormentò profondamente accanto ad Alberto.	Certa noite, {NAME:P1} acabou dormindo ao lado de Serafim.	Una noche, {NAME:P1} se quedó profundamente dormido junto a Itzae.	ある⁠夜、​{NAME:P1}​は​アベベ⁠の\nそば⁠で​ぐっすり⁠と​眠っ⁠て​しまい⁠まし⁠た。	Suatu malam, {NAME:P1} tertidur dengan cepat di samping Ogin.	Satu malam, {NAME:P1} tertidur di sebelah Abel.	في إحدى الليالي، نام {NAME:P1} بعمق بجوار فراس.
boy.page.36	From outside the hospital, Sultan called to him,\n“{NAME:P1}, it’s almost daylight, you’re going to get caught!”	Султан долго звал его, стоя снаружи:\n«{NAME:P1}, уже почти светает. Смотри, тебя поймают!»	Sultan rief ihn von draußen: „{NAME:P1},\nes wird bald hell, man wird dich erwischen!“	De l’extérieur de l’hôpital, Sultan l’a appelé :\n« {NAME:P1}, il fait presque jour, tu vas te faire prendre ! »	Dall’esterno dell’ospedale, Sultan lo chiamava.\n«{NAME:P1}, è quasi giorno, così ti scopriranno!»	De fora do hospital, Biriba chamou:\n“{NAME:P1}, já está quase amanhecendo, você vai ser pego!”	Sultán lo llamaba desde abajo; “¡{NAME:P1}, es casi de día, te van a descubrir!”	病院⁠の​外⁠から​スルタン⁠が​{NAME:P1}​に​呼びかけ⁠まし⁠た。\n「{NAME:P1}、​もうすぐ⁠夜⁠が​明ける⁠よ、​つかまっ​ちゃう⁠よ⁠！」	Dari luar rumah sakit, Guguk memanggilnya,\n“{NAME:P1}, hari sudah hampir siang, kamu akan kepergok!”	Dari luar hospital, Simpuh memanggilnya,\n“{NAME:P1}, sudah hampir siang, kamu akan ditangkap!”	من خارج المستشفى، نادى عليه روكي:\n”{NAME:P1}، لقد أوشك النهار على الظهور، سينكشف أمرك!“
boy.page.37	But {NAME:P1} was too tired to hear Sultan’s warnings.	Но {NAME:P1} так устал, что даже не слышал Султана.	Aber {NAME:P1} war zu müde, um die Warnungen von Sultan zu hören.	Mais {NAME:P1} était trop fatigué pour entendre les avertissements de Sultan.	Ma {NAME:P1} era troppo stanco per sentire gli avvertimenti di Sultan.	Mas {NAME:P1} estava tão cansado de sair à noite para ver Serafim,\nque engatou em um sono profundo e não ouviu o Biriba.	Pero {NAME:P1} estaba tan cansado que no lo escuchaba.	しかし、​{NAME:P1}​は​とても⁠疲れ⁠て​い⁠た⁠ので、\nスルタン⁠の​声⁠が​聞こえ⁠ませ⁠ん⁠でし⁠た。	Namun {NAME:P1} terlalu lelah sampai-sampai\ndia tidak mendengar peringatan Guguk.	Namun {NAME:P1} amat letih untuk mendengar amaran Simpuh.	لكن {NAME:P1} كان متعبًا جدًا لدرجة أنه لم يسمع تحذيرات روكي.
boy.page.38	The security guard chased after Sultan, and he barely escaped. Meanwhile…	Сторож погнался за Султаном,\nно тот благополучно убежал. А тем временем…	Der Pförtner jagte Sultan hinterher,\naber er konnte gerade noch entkommen. Unterdessen…	Le gardien a poursuivi Sultan,\nqui a réussi de justesse à s’enfuir. Pendant ce temps…	La guardia rincorse Sultan, ma questi fuggì per un pelo. Nel frattempo…	O vigia foi atrás do Biriba, mas ele escapou. Enquanto isso…	El guardia persiguió a Sultán, ¡y por poco lo atrapa! Mientras tanto…	ガードマン⁠が​スルタン⁠を​追いかけ⁠まし⁠た⁠が、\nスルタン⁠は​逃げる​こと⁠が​でき⁠まし⁠た。​その⁠ころ…	Penjaga rumah sakit mengejar Guguk,\ndan anjing itu hampir tidak bisa lolos. Sementara itu…	Pengawal mengejar Simpuh,\ntetapi dia berjaya melepaskan diri. Sementara itu…	طارد حارس الأمن روكي، وبالكاد هرب. في هذه الأثناء…
boy.page.39	…the doctor entered Abel’s room. “Why is there a dog on the patient’s bed?!\nIt’s the same one that tried to get into the hospital last week!”	…в палату к Ефиму зашёл доктор. «Почему у пациента на кровати – собака?!\nЭто тот же пёс, который пытался пролезть в больницу неделю назад!»	…betrat der Arzt Abels Zimmer. „Wieso liegt da derselbe Hund auf dem Bett,\nder letzte Woche versucht hat, ins Krankenhaus zu gelangen!“	… le médecin est entré dans la chambre d’Abel. « Que fait ce chien ici ?\nC’est celui qui voulait entrer dans l’hôpital la semaine passée ! »	…il medico entrò nella stanza di Alberto. «Perchè c’è un cane sul letto?\nÈ quello che ha cercato di entrare in ospedale la settimana scorsa!»	…o médico entrou no quarto do Serafim. “Por que tem um cachorro na cama\ndo paciente?! É o mesmo que tentou entrar no hospital semana passada!”	…el médico entró en la habitación de Itzae. “¿Por qué hay un perro\nen la cama del paciente? ¡Es el mismo que intentó entrar al hospital!”	…​医者⁠が​アベベ⁠の​部屋⁠に​入り⁠まし⁠た。​「どうして⁠患者⁠の​ベッド⁠の​上⁠に\n犬⁠が​いる​ん⁠だ⁠？⁠先週​病院⁠に​入ろう⁠と​し⁠た​の⁠と​同じ⁠犬⁠じゃ⁠ない⁠か⁠！」	…dokter memasuki ruang perawatan Ogin. “Mengapa ada anjing di tempat\ntidur pasien?! Ini anjing yang minggu lalu mencoba masuk ke rumah sakit!”	…doktor memasuki bilik Abel. “Kenapa ada anjing di atas katil pesakit?!\nIni anjing sama yang cuba masuk ke hospital minggu lepas!”	…دخل الطبيب غرفة فراس. ”لماذا يوجد كلب على سرير المريض؟!\nإنه نفس الكلب الذي حاول الدخول إلى المستشفى الأسبوع الماضي!“
boy.page.40	“His name is {NAME:P1},” Abel said, hugging his little dog.\n“He comes each night and leaves before morning. But today he was too tired.”	«Это {NAME:P1}», – сказал Ефим, обнимая своего пёсика. «Он приходит\nсюда каждую ночь и уходит до рассвета. Но сегодня он очень устал».	„Das ist {NAME:P1}“, sagte Abel und umarmte seinen Hund. „Er war jede\nNacht hier bis zur Morgendämmerung. Aber heute ist er zu erschöpft.“	« C’est {NAME:P1}, a dit Abel en l’étreignant.\nIl vient chaque nuit et repart avant l’aube, mais aujourd’hui, il est trop épuisé. »	«Si chiama {NAME:P1},» disse Alberto, abbracciando il suo cagnolino.\n«Viene ogni notte e va via all’alba. Oggi però era troppo stanco».	“É o {NAME:P1}”, disse Serafim, dando um abraço nele. “Toda noite,\nele vem para cá e fica até quase amanhecer, mas hoje ele está exausto.”	“Es {NAME:P1}”, dice Itzae y abraza al perrito. “Viene a visitarme\ntodas las noches y se va antes del amanecer. Pero hoy estaba agotado”.	「{NAME:P1}​だ⁠よ」​アベベ⁠は​小さな⁠犬⁠を​抱きしめ⁠まし⁠た。​「毎晩​ここ⁠に​来⁠て、\n​夜⁠が​明ける​前⁠に​出⁠て​行く​ん⁠だ。​でも⁠今日⁠は​疲れ​きっ⁠て​いる​ん⁠だ」	“Namanya {NAME:P1},” ujar Ogin, sambil memeluk anjing kecilnya.\n“Dia ke sini tiap malam dan pergi dini hari. Tapi hari ini dia kelelahan.”	“Ini {NAME:P1},” kata Abel, memeluk anjingnya. “Dia datang ke sini\nsetiap malam dan balik sebelum fajar. Tapi hari ini dia terlalu letih.”	قال فراس وهو يعانق كلبه الصغير: ”اسمه {NAME:P1}.\nيأتي كل ليلة ويغادر قبل الصباح. لكنه اليوم كان متعبًا جدًا“.
boy.page.41	“You know what? I think your little dog is\nthe reason you got better,” said the doctor.	«А знаете что? Я думаю, ваш пёс и помог вам выздороветь», – сказал доктор.	„Wissen Sie was? Ich glaube, Ihr kleiner Hund ist der Grund dafür,\ndass es Ihnen besser geht“, sagte der Arzt.	« Vous voulez que je vous dise ? Je pense\nque c’est grâce à votre petit chien que vous allez mieux », a dit le médecin.	«Sa una cosa? Creo proprio che il suo cagnolino sia il motivo\nper cui Lei è guarito», disse il medico.	“Sabe de uma coisa? Acho que você está melhorando\njustamente por causa do seu cachorrinho”, disse o médico.	“¿Sabes qué? Creo que tu perrito es la razón\npor la que te mejoraste”, dijo el médico.	「いい⁠です⁠か⁠？⁠あなた⁠が​元気⁠に​なっ⁠た​の⁠は、\n小さな⁠犬⁠の​おかげ⁠だ⁠と​思い⁠ます」​医者⁠は​言い⁠まし⁠た。	“Tahu, tidak? Menurut saya, anak anjing Anda\nmenjadi alasan Anda pulih,” kata sang dokter.	“Kamu tahu? Saya rasa anjing kamu inilah\nmenjadi sebab kamu semakin sembuh,” kata doktor.	قال الطبيب: ”أتعلم؟ أعتقد أن كلبك الصغير هو سبب تحسنك“.
boy.page.42	The doctor called a meeting with all the other\ndoctors to tell {NAME:P1} and Abel’s story.	Доктор собрал совещание с другими сотрудниками\nи рассказал им историю {NAME:P2} и Ефима.	Der Arzt traf sich mit den anderen Ärzten,\num ihnen die Geschichte von {NAME:P1} und Abel zu erzählen.	Le médecin a réuni tous les autres médecins pour leur\nraconter l’histoire de {NAME:P1} et d’Abel, puis a proposé :	Il dottore convocò una riunione con tutti gli altri medici\nper raccontare la storia di {NAME:P1} e Alberto.	O médico convocou uma reunião com todos os outros\nmédicos para contar a história de {NAME:P1} e Serafim.	El médico convocó una reunión con los demás médicos\npara contar la historia de {NAME:P1} e Itzae.	その⁠医者⁠は、​ほか⁠の​医者⁠たち⁠を​集め⁠て​会議⁠を​開き、\n{NAME:P1}​と​アベベ⁠の​話⁠を​し⁠まし⁠た。	Dokter itu mengadakan pertemuan dengan semua dokter\nlainnya untuk menceritakan kisah {NAME:P1} dan Ogin.	Doktor mengadakan mesyuarat dengan semua doktor\nlain untuk memberitahu kisah {NAME:P1} dan Abel.	عقد الطبيب اجتماعًا مع جميع الأطباء\nالآخرين ليخبرهم قصة {NAME:P1} وفراس.
boy.page.43	Then, he said, “Let’s vote to decide whether we should allow pets\nin the hospital.” After a long discussion, almost everyone voted yes!	«Давайте проголосуем за то, чтобы пускать домашних животных в больницу»,\n– предложил он, и после обсуждения большинство проголосовало «за».	Dann schlug er vor: „Stimmen wir ab, ob Haustiere im Krankenhaus erlaubt\nsein sollten.“ Nach einer langen Diskussion stimmte fast jeder dafür!	« Votons pour décider si nous devons autoriser les animaux de compagnie\nà l’hôpital. » Après une longue discussion, la majorité a voté « oui ».	Poi disse: «Votiamo per decidere se ammettere o meno gli animali domestici\nin ospedale». Dopo una lunga discussione, la maggioranza votò sì.	Então, ele propôs: “Vamos votar para decidir se devemos permitir animais\nde estimação no hospital.” Após um longo debate, a maioria votou sim.	Luego propuso, “votemos para decidir si permitimos la entrada de mascotas\nal hospital”. Después de una larga discusión, la mayoría votó que sí.	そして、​医者⁠は​言い⁠まし⁠た。​「病院⁠に​ペット⁠が​入れる​よう⁠に​する⁠か\nどう⁠か⁠を​決めよ⁠う」​長い​話し合い⁠の​後、​たくさん⁠の​医者⁠が​賛成​し⁠まし⁠た。	Kemudian, katanya, “Ayo kita putuskan apakah kita izinkan hewan piaraan\ndi rumah sakit.” Setelah diskusi panjang, hampir semuanya memilih ya!	Kemudian dia mencadangkan, “Mari kita undi sama ada haiwan peliharaan\npatut dibenarkan di hospital.” Selepas lama berbincang, majoriti menyokong.	ثم قال: ”لنقم بالتصويت لتحديد ما إذا كان ينبغي لنا السماح بدخول\nالحيوانات الأليفة إلى المستشفى“. بعد نقاش طويل، صوت الجميع تقريبًا بنعم!
boy.page.44	The doctor happily told Abel, “We’ve decided to build a room for pets\nto visit their sick owners! That way, our patients will get better faster.”	Доктор объявил Ефиму: «Мы решили разрешить домашним зверям встречаться\nс больными хозяевами. Наши пациенты будут выздоравливать быстрее».	Der Arzt erzählte Abel glücklich: „Wir bauen ein Zimmer, in dem Tiere\nihre kranken Besitzer besuchen! So erholen sich die Patienten schneller.“	Le médecin a dit à Abel : « Nous prévoyons une salle pour les animaux\nde compagnie et leurs maîtres ! Ainsi, les malades guériront plus vite. »	Il medico, felice, disse ad Alberto: «Costruiremo una stanza\nper gli animali in visita ai loro amici malati! Così i pazienti guariranno prima».	O médico disse para Serafim: “Decidimos criar uma sala para os animais\nvisitarem seus tutores! Assim, nossos pacientes vão melhorar mais rápido.”	El médico le comunicó a Itzae, “hemos decidido que construiremos\nuna habitación para que las mascotas puedan visitar a sus dueños enfermos”.	医者⁠は​うれし⁠そう⁠に​言い⁠まし⁠た。​「病気⁠の​飼い主⁠が​ペット⁠に​会える\n部屋⁠を​作る​こと⁠に​し⁠まし⁠た⁠！⁠そう⁠すれ⁠ば、​みんな​早く​良く​なり⁠ます⁠よ」	Dengan gembira, dokter memberi tahu Ogin, “Kami akan membuat ruang bagi\nhewan untuk membesuk tuannya yang sakit! Pasien bisa lebih cepat pulih.”	Doktor memberitahu Abel, “Kami bersetuju membina bilik untuk haiwan\npeliharaan melawat pemilik mereka di sini! Pesakit akan pulih lebih cepat.”	قال الطبيب بسعادة لفراس: ”لقد قررنا بناء غرفة للحيوانات الأليفة لزيارة أصحابها المرضى!\nبهذه الطريقة، سيتحسن مرضانا بشكل أسرع“.
boy.page.45	“Oh, and by the way, you can go home now – you’re completely healthy!”	«Ах, да, кстати, вы можете отправляться домой.\nВы уже совершенно здоровы!»	„Oh, und übrigens: Sie können jetzt nach Hause gehen\n– Sie sind nun komplett geheilt!“	« Oh, et au fait, vous pouvez rentrer chez vous,\nmaintenant. Vous êtes en parfaite santé ! »	«Oh, e a proposito, ora può tornare a casa – è guarito completamente!»	“Ah, e a propósito, você já pode ir para casa – você está 100% curado!”	“Ah, por cierto, ya puedes volver a casa. ¡Estás completamente sano!”	「ああ、​そう⁠だ。​あなた⁠は​もう⁠家⁠に​帰れ⁠ます⁠よ。\nすっかり⁠元気⁠に​なり⁠まし⁠た⁠ね⁠！」	“Oh, ngomong-ngomong, sekarang Anda bisa pulang\n– Anda sudah sembuh total!”	“Oh, selain itu, kamu sudah boleh pulang ke rumah\n– kamu sudah sihat sepenuhnya!”	”أوه، وبالمناسبة، يمكنك العودة إلى المنزل الآن – أنت بصحة جيدة تمامًا!“
boy.page.46	And since then, the hospital has cured many patients\n– with the help of their animal friends!	С тех пор в больнице поправилось много пациентов\n– с помощью их любимых животных.	Und seitdem hat das Krankenhaus schon viele Patienten geheilt\n– mit der Hilfe ihrer tierischen Freunden.	Et depuis lors, l’hôpital a guéri de nombreux patients,\navec l’aide de leurs animaux bien-aimés.	Da allora, l’ospedale ha curato molti pazienti – con l’aiuto dei loro amici animali.	E, desde então, o hospital tem curado\nmuitos pacientes – com a ajuda dos animais.	Desde entonces el hospital ha curado a muchos pacientes…\n¡con la ayuda de sus amigos, las mascotas!	それ​以来、​この⁠病院⁠は​動物⁠たち⁠の​助け⁠の​おかげ⁠で、\nたくさん⁠の​患者⁠を​治し⁠まし⁠た。	Sejak saat itu, rumah sakit tersebut sudah menyembuhkan banyak pasien\n– dengan bantuan hewan yang menjadi teman mereka!	Sejak hari itu, hospital berjaya merawat ramai pesakit\n– dengan bantuan haiwan sebagai teman.	ومنذ ذلك الحين، عالج المستشفى العديد من المرضى\n– بمساعدة أصدقائهم من الحيوانات!
girl.description	This is the story of a friendship between a sick man and his dog. The hospital doesn’t allow pets – but will this stop the two friends from seeing each other, or will their friendship find a way?	Эта история о дружбе между человеком, который заболел, и его собакой. В больницу не разрешалось проводить животных. Но помешает ли это друзьям видеть друг друга? Ведь дружба человека и собаки так сильна.	Das ist die Geschichte über die Freundschaft zwischen einem kranken Mann und seinem Hund. Das Krankenhaus erlaubt keine Haustiere – aber wird das die beiden Freunde davon abhalten, sich zu sehen?	Voici l'histoire d'une amitié entre un homme malade et sa petite chienne. Il doit aller à l'hôpital, mais on n'y accepte pas les animaux de compagnie. Leur amitié pourra-t-elle surmonter cette épreuve ?	Questa è la storia dell’amicizia tra un uomo malato e la sua cagnolina. L’ospedale non ammette animali domestici – ma questo impedirà ai due amici di vedersi, o la loro amicizia supererà questi ostacoli?	Esta é a história de uma amizade entre um homem doente e sua cachorrinha. O hospital não permite animais, mas será que isso impedirá os dois amigos de se verem ou eles encontrarão uma saída?	Esta es la historia sobre la amistad entre un hombre enfermo y su perro. El hospital no permitía la entrada de mascotas, pero ¿esto impedirá que los dos amigos se reencuentren?, ¿o la amistad logrará imponerse?	病気になった男性と飼い犬の物語です。病院ではペット同伴は許されていません。2人は会えなくなってしまうのでしょうか、それとも友情が道を切り開くのでしょうか？	Ini kisah persahabatan pria sakit dan anjingnya. Rumah sakit tidak mengizinkan adanya hewan peliharaan – tapi apakah keduanya tidak akan bisa bertemu lagi atau justru persahabatan mereka akan tetap terjalin.	Sebuah kisah persahabatan antara lelaki yang sakit dan anjingnya. Hospital tidak membenarkan anjing masuk – namun adakah ini akan menghalang dua orang kawan bertemu atau mereka tetap akan menemui jalannya?	قصةٌ شيقةٌ لصداقةٍ بين رجلٍ مريضٍ وكلبه الوفيّ. تمنع قوانين المستشفى دخول الحيوانات الأليفة لزيارة المرضى – فهل سيُفرّق هذا الحاجز بين الصديقين، أم أن لصداقتهما قوةً تتخطّى جميع القوانين؟
girl.description.iphone	This is the story of a friendship between a sick man and his dog. The hospital doesn’t allow pets – but will this stop the two friends from seeing each other, or will their friendship find a way?	Эта история о дружбе между человеком, который заболел, и его собакой. В больницу не разрешалось проводить животных. Но помешает ли это друзьям видеть друг друга? Ведь дружба человека и собаки так сильна.	Das ist die Geschichte über die Freundschaft zwischen einem kranken Mann und seinem Hund. Das Krankenhaus erlaubt keine Haustiere – aber wird das die beiden Freunde davon abhalten, sich zu sehen?	Voici l'histoire d'une amitié entre un homme malade et sa petite chienne. Il doit aller à l'hôpital, mais on n'y accepte pas les animaux de compagnie. Leur amitié pourra-t-elle surmonter cette épreuve ?	Questa è la storia dell’amicizia tra un uomo malato e la sua cagnolina. L’ospedale non ammette animali domestici – ma questo impedirà ai due amici di vedersi, o la loro amicizia supererà questi ostacoli?	Esta é a história de uma amizade entre um homem doente e sua cachorrinha. O hospital não permite animais, mas será que isso impedirá os dois amigos de se verem ou eles encontrarão uma saída?	Esta es la historia sobre la amistad entre un hombre enfermo y su perro. El hospital no permitía la entrada de mascotas, pero ¿esto impedirá que los dos amigos se reencuentren?, ¿o la amistad logrará imponerse?	病気になった男性と飼い犬の物語です。病院ではペット同伴は許されていません。2人は会えなくなってしまうのでしょうか、それとも友情が道を切り開くのでしょうか？	Ini kisah persahabatan pria sakit dan anjingnya. Rumah sakit tidak mengizinkan adanya hewan peliharaan – tapi apakah keduanya tidak akan bisa bertemu lagi atau justru persahabatan mereka akan tetap terjalin.	Sebuah kisah persahabatan antara lelaki yang sakit dan anjingnya. Hospital tidak membenarkan anjing masuk – namun adakah ini akan menghalang dua orang kawan bertemu atau mereka tetap akan menemui jalannya?	قصةٌ شيقةٌ لصداقةٍ بين رجلٍ مريضٍ وكلبه الوفيّ. تمنع قوانين المستشفى دخول الحيوانات الأليفة لزيارة المرضى – فهل سيُفرّق هذا الحاجز بين الصديقين، أم أن لصداقتهما قوةً تتخطّى جميع القوانين؟
girl.page.1	One morning, Abel was taking a walk\nwhen he saw a little puppy shivering in the cold.	Как-то утром, выйдя на прогулку,\nЕфим увидел на улице маленькую собачку, дрожащую от холода.	Eines Morgens ging Abel spazieren,\nals er einen kleinen Welpen sah, der zitternd in der Kälte saß.	Un matin, alors qu’il se promenait,\nAbel a aperçu une petite chienne qui frissonnait de froid.	Una mattina Alberto stava facendo una passeggiata,\nquando vide una piccola cucciola che tremava per il freddo.	Certa manhã, Serafim estava passeando\nquando viu uma cachorrinha tremendo de frio.	Una mañana, Itzae estaba dando un paseo\ncuando vio a una cachorrita temblando de frío.	ある⁠朝、​アベベ⁠は​散歩⁠を​し⁠て​いる⁠と、\n寒⁠さ⁠に​ふるえ⁠て​いる​小さな⁠子犬⁠を​見かけ⁠まし⁠た。	Pada suatu pagi, Ogin sedang berjalan-jalan ketika dia\nmelihat seekor anak anjing kecil yang menggigil kedinginan.	Pada suatu pagi, Abel sedang bersiar-siar\ndan ternampak seekor anak anjing menggigil kesejukan.	في صباحٍ مشرق، وبينما كان فراس يتمشى،\nلمح جروةً صغيرةً ترتجف من شدة البرد.
girl.page.2	“Poor little dog!” Abel said. “I will take care of you.” He took\nthe puppy in his arms, and from that moment on, they were best friends.	«Бедная собачонка! – воскликнул Ефим. – Я о тебе позабочусь».\nОн взял её на руки, и с тех пор они стали неразлучными друзьями.	„Armer kleine Hündin! Ich kümmere mich um dich.“\nAbel hob sie hoch, und von da an waren sie beste Freunde.	« Pauvre petite chienne ! a dit Abel. Je vais prendre soin de toi. »\nIl l’a prise dans ses bras, et ils sont vite devenus les meilleurs amis.	«Povera cagnolina!» Disse Alberto. «Mi prenderò cura di te».\nPrese in braccio la cucciola e da quel momento divennero migliori amici.	“Tadinha!”, disse Serafim. “Vou cuidar de você.” Ele pegou a cachorrinha\nno colo e, a partir daquele momento, eles se tornaram melhores amigos.	“¡Pobre perrita!”, dijo Itzae al verla. Tomó a la cachorrita entre sus brazos\ny ese día comenzó una gran amistad.	「かわいそう⁠な​子犬⁠！⁠僕⁠が​世話⁠を​し⁠て​あげよ⁠う」​アベベ⁠は​そう⁠言っ⁠て、\n​子犬⁠を​抱き上げ⁠まし⁠た。​すぐ⁠に、​アベベ⁠たち⁠は​親友⁠に​なり⁠まし⁠た。	“Anjing kecil yang malang!” kata Ogin. “Aku akan merawatmu.”\nDia memangku anak anjing itu, dan sejak saat itu, mereka pun bersahabat.	“Kasihan kamu anjing!” kata Abel. “Saya akan menjaga kamu.”\nDia mendukungnya dan sejak saat itu, mereka menjadi kawan baik.	قال فراس: ”يا لكِ من مسكينة أيها الكلبة الصغيرة! سأعتني بكِ“.\nحمل الجروة بين ذراعيه، ومنذ تلك اللحظة، أصبحا صديقين حميمين.
girl.page.3	He named her {NAME:P1}, and every day after work,\nthey would go for long walks together.	Он назвал собачку {NAME:P5}. Каждый вечер,\nкогда Ефим приходил с работы, они вместе ходили на прогулку.	Er nannte sie {NAME:P1}, und jeden Tag nach der Arbeit\nmachten sie gemeinsam einen langen Spaziergang.	Il l’a appelée {NAME:P1}, et tous les jours après le travail,\nils partaient pour de longues promenades.	La chiamò {NAME:P1}, e ogni giorno, dopo il lavoro,\nfacevano lunghe passeggiate insieme.	Ele deu o nome de {NAME:P1} para a cachorrinha, e, todos os dias,\ndepois do trabalho, eles saíam para um longo passeio juntos.	La llamó {NAME:P1} y todos los días,\ndespués del trabajo, salían juntos a dar largos paseos.	アベベ⁠は​子犬⁠を​{NAME:P1}​と​名付け、\n毎日​仕事⁠が​終わる⁠と​いっしょ⁠に​長い​散歩⁠に​出かけ⁠まし⁠た。	Dia menamai anak anjing itu {NAME:P1},\ndan setiap hari setelah dia pulang bekerja, keduanya berjalan bersama.	Dia menamakannya {NAME:P1} dan setiap hari selepas waktu bekerja,\nmereka akan keluar berjalan bersama.	أطلق عليها اسم {NAME:P1}، وكانا كل يوم،\nبعد عودته من العمل، يخرجان معًا في نزهات طويلة.
girl.page.4	They ate together, celebrated their birthdays together,\nand their friendship continued to grow year after year.	Они вместе ужинали, вместе справляли дни рождения,\nи их дружба только росла из года в год.	Sie aßen zusammen, feierten gemeinsam ihre Geburtstage,\nund ihre Freundschaft wuchs Jahr für Jahr.	Ils mangeaient ensemble, fêtaient leurs anniversaires ensemble\net leur amitié ne cessait de grandir d’année en année.	Mangiavano insieme, festeggiavano insieme i loro compleanni\ne la loro amicizia cresceva di anno in anno.	Eles comiam juntos, comemoravam seus aniversários juntos, e o melhor\nde tudo: a amizade deles ficava cada vez mais forte ao longo dos anos.	Comían juntos, celebraban juntos sus cumpleaños\ny su amistad crecía con el tiempo.	いっしょ⁠に​食事⁠を​し、​いっしょ⁠に​誕生⁠日⁠を​祝い、\nアベベ⁠たち⁠の​友情⁠は​年々​深まっ⁠て​いき⁠まし⁠た。	Mereka makan bersama, merayakan ulang tahun bersama,\ndan persahabatan mereka pun terus tumbuh dari tahun ke tahun.	Mereka makan bersama, meraikan hari lahir bersama\ndan persahabatan mereka bertambah erat saban tahun.	كانا يأكلان معًا، ويحتفلان بأعياد ميلادهما معًا، ونمت صداقتهما عامًا بعد عام.
girl.page.5	Then, one tragic day, Abel got very sick. Before he was taken to the hospital,\nhe asked his neighbor to take care of {NAME:P1}.	Как-то раз Ефим почувствовал себя плохо. Перед тем,\nкак его увезли в больницу, он попросил соседа позаботиться о {NAME:P6}.	Eines Tages wurde Abel krank. Bevor er ins Krankenhaus gebracht wurde,\nbat er seinen Nachbarn, auf {NAME:P1} aufzupassen.	Un jour tragique, Abel est tombé très malade. Avant d’être transporté\nà l’hôpital, il a demandé à son voisin de prendre soin de {NAME:P1}.	Un tragico giorno Alberto si ammalò gravemente. Prima di andare in ospedale,\nchiese al suo vicino di prendersi cura di {NAME:P1}.	Até que, um dia, Serafim ficou muito doente. Antes de ser levado ao hospital,\nele pediu ao seu vizinho para cuidar da {NAME:P1}.	Un día Itzae se enfermó. Antes de que lo llevaran\nal hospital le pidió a su vecina que cuidara a {NAME:P1}.	ある⁠日、​アベベ⁠は​とても⁠具合⁠が​悪く​なり⁠まし⁠た。​病院⁠に​運ば⁠れる⁠前⁠に、\nアベベ⁠は​近所⁠の​人⁠に​{NAME:P1}​の​世話⁠を​お願い​し⁠まし⁠た。	Kemudian, di suatu hari yang menyedihkan, Ogin jatuh sakit. Sebelum dibawa\nke rumah sakit, dia meminta tetangganya untuk merawat {NAME:P1}.	Kemudian, pada suatu hari yang tragis, Abel jatuh sakit.\nSebelum dibawa ke hospital, dia meminta jirannya menjaga {NAME:P1}.	ثم في يومٍ حزين، مرض فراس مرضًا شديدًا.\nوقبل أن يُنقل إلى المستشفى، طلب من جاره أن يعتني ب{NAME:P1}.
girl.page.6	{NAME:P1} lay down and waited patiently for Abel to return.\n“Don’t worry, {NAME:P1}, he will be back soon,” the neighbor said.	{NAME:P1} улеглась в прихожей и стала терпеливо ждать хозяина.\n«Не волнуйся, {NAME:P1}, он скоро вернётся», – сказал сосед.	{NAME:P1} wartete geduldig auf ihren Besitzer.\n„Keine Sorge, {NAME:P1}, Abel wird bald zurück sein“, sagt der Nachbar.	{NAME:P1} s’est couchée pour attendre patiemment son retour.\n« Ne t’inquiète pas, {NAME:P1}, il reviendra bientôt », a dit le voisin.	{NAME:P1} si sdraiò e aspettò pazientemente il ritorno di Alberto.\n«Non preoccuparti, {NAME:P1}, tornerà presto» disse il vicino.	{NAME:P1} se deitou e ficou esperando pelo seu tutor.\n“Não se preocupe, {NAME:P1}. O Serafim vai voltar já já”, disse o vizinho.	{NAME:P1} se acostó y esperó pacientemente que Itzae regresara.\n“No te preocupes, {NAME:P1}, él regresará pronto”, dijo la vecina.	{NAME:P1}​は​横⁠に​なっ⁠て、​じっと⁠アベベ⁠を​待ち⁠まし⁠た。​「心配​し⁠ない⁠で、\n​{NAME:P1}。​アベベ⁠は​すぐ⁠に​帰っ⁠て​くる⁠から」​近所⁠の​人⁠は​言い⁠まし⁠た。	{NAME:P1} berbaring dan sabar menunggu Ogin kembali.\n“Jangan khawatir, {NAME:P1}, dia akan segera kembali,” ujar si tetangga.	{NAME:P1} berbaring dan sabar menunggu Abel pulang.\n“Jangan risau, {NAME:P1}, Abel akan balik tidak lama lagi,” kata jiran itu.	استلقت {NAME:P1} وانتظرت بصبر عودة فراس.\nقال لها الجار: ”لا تقلقي، سيعود قريبًا“.
girl.page.7	Abel was not getting better. He begged the doctor to let his dog visit,\nbut the doctor refused. “No animals allowed in the hospital!”	Но Ефим всё не поправлялся. Он хотел увидеть свою собаку,\nно доктор сказал: «К сожалению, мы не пускаем зверей в больницу».	Der Zustand von Abel verbesserte sich nicht, aber seine Hündin durfte\nihn nicht besuchen. Der Arzt sagte: „Tiere dürfen nicht ins Krankenhaus.“	Abel n’allait pas mieux. Il a supplié le médecin de laisser venir sa chienne,\nmais le médecin a refusé : « Pas d’animaux à l’hôpital ! »	Alberto però non migliorava. Voleva vedere la sua cagnolina, ma il dottore disse:\n«Gli animali non sono ammessi in ospedale!».	Serafim não estava melhorando e implorou ao médico que deixasse sua\ncachorra visitá-lo, mas não funcionou: “Animais são proibidos no hospital!”	Itzae no mejoraba. Suplicó al médico que permitiera que su perro lo visitase,\npero el médico se negó. “¡No se permiten animales en el hospital!”	病気⁠が​良く​なら⁠ない​アベベ⁠は、​{NAME:P1}​を​病院⁠に​連れ⁠て​き⁠たい⁠と\n頼み⁠まし⁠た⁠が、​医者⁠は​言い⁠まし⁠た。​「動物⁠は​病院⁠に​入れ⁠ませ⁠ん」	Ogin tidak kunjung sembuh. Dia memohon dokter agar anjingnya diizinkan\nmasuk, namun dokter menolak. “Hewan dilarang masuk ke rumah sakit!”	Abel tidak bertambah baik. Dia merayu agar doktor membenarkan anjingnya\nmelawat, tetapi doktor menolak. “Haiwan tidak dibenarkan di hospital.”	لكن حالة فراس لم تتحسن. توسل إلى الطبيب أن يسمح لكلبِه بزيارته،\nلكن الطبيب رفض. ”ممنوع دخول الحيوانات إلى المستشفى!“
girl.page.8	{NAME:P1} missed Abel so much that one day, she decided she had had\nenough. “I will just follow Abel’s scent and find him!” she said.	{NAME:P1} тоже скучала по Ефиму. Однажды она решила,\nчто пора что-то делать. «Я просто пойду по его запаху», – подумала она.	{NAME:P1} vermisste Abel so sehr, dass sie eine Entscheidung traf:\n„Ich werde einfach seinem Geruch folgen!“	Abel lui manquait tellement qu'un jour, {NAME:P1} a décidé que ça suffisait.\n« Je vais suivre son odeur et le retrouver », a-t-elle dit.	{NAME:P1} sentiva così tanto la mancanza di Alberto, che un giorno decise:\n«Seguirò l’odore di Alberto e lo troverò!»	{NAME:P1} também sentia falta do Serafim e, um dia, decidiu ir atrás dele.\n“Já sei, vou seguir o cheiro dele!”, pensou a cachorrinha.	{NAME:P1} también lo extrañaba y un día decidió ir a buscarlo.\n“¡Con mi olfato seguiré el rastro de Itzae y lo encontraré!”	{NAME:P1}​は​アベベ⁠に​会い⁠たく⁠て、​ある⁠日、​もう⁠待て⁠ない⁠と​思い⁠まし⁠た。​\n「匂い⁠を​たどっ⁠て、​アベベ⁠を​見つけよ⁠う⁠！」​{NAME:P1}​は​言い⁠まし⁠た。	{NAME:P1} sangat merindukan Ogin hingga suatu hari,\nanjing itu tidak tahan lagi. “Aku akan melacak Ogin sampai ketemu!” pikirnya.	{NAME:P1} amat merindui Abel hingga satu hari, dia tidak dapat menahan\ndiri lagi. “Saya akan ikut saja baunya dan mencarinya!” katanya.	اشتاقت {NAME:P1} إلى فراس كثيرًا، وفي أحد الأيام،\nقررت أنه قد طفح به الكيل. قالت: ”سأتبع رائحة فراس وأجده!“
girl.page.9	When {NAME:P1} got to the hospital, she cried,\n“Here he is! That smells like Abel to me!”	{NAME:P1} добралась до больницы.\n«Ну, наконец-то, – закричала она, – я нашла его! Здесь пахнет Ефимом!»	Als {NAME:P1} am Krankenhaus ankam, jaulte sie:\n„Da ist er! Das riecht für mich wie Abel!“	Quand {NAME:P1} est arrivée à l’hôpital, elle s’est écriée :\n« Il est ici ! Ça sent Abel à plein nez ! »	Quando {NAME:P1} arrivò all’ospedale, gridò:\n«Eccolo! Questo mi sembra l’odore di Alberto!»	Quando {NAME:P1} chegou ao hospital, ela disse:\n“É aqui! Acho que conheço esse cheiro, é do Serafim!”	Cuando {NAME:P1} llegó al hospital exclamó, “¡está aquí, puedo oler a Itzae!”	病院⁠に​着い⁠た​{NAME:P1}​は​叫び⁠まし⁠た。\n「ここ⁠に​いる⁠わ⁠！⁠アベベ⁠の​匂い⁠が​する⁠！」	Ketika {NAME:P1} sampai di rumah sakit, anjing itu menyalak,\n“Ini dia! Baunya seperti bau Ogin!”	Apabila {NAME:P1} sampai ke hospital dia menangis,\n“Di sinilah dia! Bau ini seperti bau Abel!”	عندما وصلت {NAME:P1} إلى المستشفى، صرخت: ”إنه هنا! هذه رائحة فراس!“
girl.page.10	She started barking to get Abel’s attention,\nbut her barking disturbed the patients, and she was quickly chased away.	Она залаяла, чтобы привлечь внимание Ефима,\nно её лай мешал пациентам отдыхать, и они прогнали её.	Sie bellte, um Abel auf sich aufmerksam zu machen,\naber ihr Bellen störte die Patienten, und sie jagten sie schnell davon.	Elle s’est mise à aboyer pour attirer l’attention d’Abel,\nmais ses aboiements dérangeaient les patients, et ils l’ont vite chassée.	Iniziò ad abbaiare per attirare l’attenzione di Alberto,\nma il suo abbaiare disturbò i pazienti, e fu allontanata in fretta.	Ela começou a latir para chamar a atenção do Serafim, mas seu latido\nincomodou os pacientes, que foram logo expulsando a cadelinha de lá.	Comenzó a ladrar para llamar la atención de Itzae,\npero sus ladridos molestaron a los pacientes y la echaron de allí en seguida.	{NAME:P1}​は​アベベ⁠を​呼ぶ​ため⁠に​ワン​ワン⁠と\nほえ⁠まし⁠た⁠が、​患者⁠たち⁠の​めいわく⁠に​なり、​すぐ⁠に​追い払わ⁠れ⁠まし⁠た。	Dia mulai menggonggong agar Ogin tahu kehadirannya, tetapi suara gonggongannya\nmalah mengganggu para pasien, dan anjing itu pun langsung diusir.	Dia mula menyalak untuk mendapatkan perhatian Abel, tetapi salakannya\nmengganggu pesakit dan mereka cepat-cepat menghalaunya pergi.	بدأت تنبح لجذب انتباه فراس، لكن نباحها أزعج المرضى، فطُردت بسرعة.
girl.page.11	Suddenly, she saw a friendly gentleman entering the hospital.\n“I know,” {NAME:P1} thought, “I’ll put myself between his legs to hide.”	Потом она увидела, как в больницу входит какой-то человек.\n«Спрячусь-ка я у него между ног», – подумала {NAME:P1}.	Da sah sie einen Mann das Krankenhaus betreten. „Ich weiß“,\ndachte {NAME:P1}, „Ich werde mich zwischen seinen Beinen verstecken.“	Soudain, elle a vu entrer dans l’hôpital un monsieur à l’air sympathique.\n« Je vais me cacher entre ses jambes, a pensé {NAME:P1}. »	All’improvviso vide un signore dall’aspetto gentile che entrava in ospedale.\n«Lo so» {NAME:P1} pensò: «Mi nasconderò tra le sue gambe».	Logo depois, ela viu um senhor simpático entrando no hospital.\n“Já sei!”, pensou {NAME:P1}. “Vou me esconder entre as pernas dele!”	De repente vio que un señor entraba al hospital. “Ya sé”, pensó {NAME:P1},\n“me colocaré entre sus piernas para pasar desapercibida”.	すると、​やさし⁠そう⁠な​男⁠の​人⁠が、​病院⁠に​入っ⁠て​いく​の⁠が​見え⁠まし⁠た。\n​{NAME:P1}​は​考え⁠まし⁠た。​「そう⁠だ、​足⁠の​間⁠に​かくれ⁠て​入ろう」	Tiba-tiba, dia melihat pria ramah yang memasuki rumah sakit. “Aku tahu,”\npikir {NAME:P1}, “Aku akan bersembunyi di antara kedua kakinya.”	Kemudian dia nampak seorang lelaki ingin masuk.\n“Saya tahu,” fikir {NAME:P1}, “Saya akan bersembunyi di celah kakinya.”	فجأة، رأت رجلاً ودودًا يدخل المستشفى.\nفكرت {NAME:P1}: ”أعرف، سأختبئ بين ساقيه“.
girl.page.12	But it was no use; her tail and legs were exposed and gave her away.	Но безуспешно: хвост и ноги торчали наружу и выдавали её.	Aber ohne Erfolg: ihr Schwanz und ihre Beine lugten hervor und verrieten sie.	Mais ça n’a servi à rien : sa queue et ses pattes, qui dépassaient, l’ont trahie.	Ma non ci riuscì; la sua coda e le sue zampe erano esposte e la fecero scoprire.	Mas não adiantou nada, porque o rabo\ne as pernas dela ficaram para fora e acabaram denunciando a cachorrinha.	Pero sin éxito; su colita y sus patas quedaron al descubierto y la delataron.	しかし、​うまく​いき⁠ませ⁠ん⁠でし⁠た。​しっぽ⁠と​足⁠が​見え⁠て、\n{NAME:P1}​は​見つかっ⁠て​しまい⁠まし⁠た。	Namun sia-sia saja; ekor dan kakinya terlihat\njelas sehingga penyamarannya terbongkar.	Namun dia gagal; ekor dan kakinya kelihatan dan orang ramai pun tahu.	لكن دون جدوى؛ كشف ذيلها وساقاها أمرها.
girl.page.13	Poor {NAME:P1} was chased away again.	Бедную {NAME:P4} снова выгнали.	Die arme {NAME:P1} wurde erneut davongejagt.	La pauvre {NAME:P1} a été chassée une nouvelle fois.	La povera {NAME:P1} fu nuovamente scacciata.	Pobre {NAME:P1}, ela foi expulso de novo.	¡Pobre {NAME:P1}! ¡La echaron otra vez!	かわいそう⁠な​{NAME:P1}​は、\nまた⁠追い払わ⁠れ⁠て​しまい⁠まし⁠た。	{NAME:P1} yang malang itu kembali diusir.	Kasihan {NAME:P1} dihalau lagi.	طُردت {NAME:P1} المسكينة مرة أخرى.
girl.page.14	But she did not give up. “I’ll run in and knock over the potted plant\nat the entrance,” she thought. “While they’re distracted, I’ll sneak past!”	Но она не сдавалась. «Я забегу и опрокину вазон с цветами у входа,\nа пока они будут убирать осколки, я и проскочу!»	Aber sie gab nicht auf. „Ich werde den Blumentopf am Eingang umschmeißen“,\ndachte sie, „wenn sie mit Aufräumen abgelenkt sind, laufe ich vorbei!“	Mais elle n'a pas renoncé. « Je vais courir, s'est-elle dit, renverser\nune plante en pot à l'entrée et passer pendant qu'ils seront distraits ! »	Ma non si arrese. «Correrò dentro e rovescerò la fioriera in ingresso.\nMentre saranno distratti a raccogliere la pianta, io gli passerò accanto!»	“Já sei! Vou correr e derrubar o vaso da entrada.\nEnquanto eles estiverem distraídos arrumando a planta, eu passo correndo!”	Pero no se dio por vencida. “Entraré corriendo y derribaré la maceta\nde la entrada”, elucubró. “Y podré pasar mientras estén distraídos”.	{NAME:P1}​は​あきらめ⁠ませ⁠ん⁠でし⁠た。​「走っ⁠て​いっ⁠て、​入口⁠の​植木⁠を\nたおそ⁠う。​彼ら⁠が​気⁠を​取ら⁠れ⁠て​いる​間⁠に、​こっそり⁠入る​の⁠よ⁠！」	Tapi dia tidak menyerah. “Aku akan berlari ke dalam dan menabrak pot\ndi pintu masuk,” pikirnya. “Saat mereka teralihkan, aku akan menyelinap!”	Namun dia tidak putus asa. “Saya akan lari dan langgar pasu di tepi pintu\nmasuk,” fikirnya. “Ketika mereka kebingungan, saya akan berlari masuk!”	لكنها لم تستسلم. فكرت: ”سأركض وأسقط المزهرية\nعند المدخل، وبينما هم مشغولون، سأتسلل!“
girl.page.15	But {NAME:P1} was caught again because the hospital’s security guard\nwas sitting in front of the potted plant and saw everything happen.	Но {NAME:P4} опять поймали – прямо напротив вазона\nсидел больничный сторож, и ему всё было прекрасно видно.	Aber {NAME:P1} wurde erneut erwischt, denn der Krankenhaus-Pförtner\nsaß vor dem Blumentopf und konnte alles beobachten.	Mais {NAME:P1} s’est encore fait prendre parce que le gardien de l’hôpital,\nqui était assis devant la plante en pot, a tout vu.	Ma {NAME:P1} fu scoperta di nuovo perché il guardiano dell’ospedale\nera seduto proprio davanti alla grande fioriera e vide tutto.	Mas {NAME:P1} foi pega novamente,\nporque o vigia do hospital estava sentado bem na frente do vaso e viu tudo.	Pero la atraparon otra vez; el guardia del hospital\nestaba sentado frente a la maceta y vio lo que sucedía.	しかし、​{NAME:P1}​は​また⁠つかまっ⁠て​しまい⁠まし⁠た。\n植木⁠の​前⁠に​い⁠た​病院⁠の​ガードマン⁠が、​ずっと⁠見⁠て​い⁠た​の⁠です。	Tetapi {NAME:P1} tertangkap lagi karena petugas keamanan\nrumah sakit duduk di depan pot itu dan melihat semuanya.	Namun {NAME:P1} ditangkap lagi kerana pengawal hospital\nduduk di depan pasu pokok dan melihat semua kejadian itu.	لكن {NAME:P1} أُمسكت مرة أخرى لأن حارس الأمن\nبالمستشفى كان يجلس أمام المزهرية وشاهد كل شيء.
girl.page.16	That night, back in his bed, {NAME:P1} couldn’t sleep.\nShe needed to figure out a way to get into the hospital.	В ту ночь {NAME:P3} не спалось.\nОна всё думала, как бы пробраться в больницу.	In dieser Nacht lag {NAME:P1} zuhause schlaflos wach und überlegte,\nwie sie ins Krankenhaus gelangen konnte.	Ce soir-là, de retour sur son lit, {NAME:P1} n’arrivait pas à dormir.\nIl fallait qu’elle trouve un moyen d’entrer dans l’hôpital.	Quella notte, nel suo letto, {NAME:P1} non riuscì a dormire.\nDoveva trovare un modo per entrare in ospedale.	Naquela noite, em casa, {NAME:P1} não conseguia dormir\npensando no que ela faria para conseguir entrar no hospital.	Esa noche, ya en casa, {NAME:P1} no podía dormir\npensando en la manera de poder entrar al hospital.	その⁠夜、​家⁠に​帰っ⁠た​{NAME:P1}​は、\nどう⁠し⁠たら​病院⁠に​入れる⁠か⁠を​考え⁠て​眠れ⁠ませ⁠ん⁠でし⁠た。	Malam itu, kembali di tempat tidurnya, {NAME:P1} tidak bisa tidur.\nDia harus menemukan cara untuk bisa masuk ke rumah sakit.	Malam itu setelah pulang ke rumah, {NAME:P1} tidak dapat tidur.\nDia mesti mencari jalan untuk masuk ke dalam hospital.	في تلك الليلة، وعلى فراشها، لم تستطع {NAME:P1} النوم.\nكانت بحاجة إلى إيجاد طريقة للدخول إلى المستشفى.
girl.page.17	Suddenly, she had an idea.	И тут ей пришла идея.	Plötzlich kam ihr eine Idee.	Soudain, il lui est venu une idée.	All’improvviso, le venne un’idea.	De repente, ela teve uma ideia.	De repente, tuvo una idea.	その⁠とき、​{NAME:P1}​は​ひらめき⁠まし⁠た。	Tiba-tiba, terlintas ide di benaknya.	Tiba-tiba, dia mendapat satu idea.	فجأة، خطرت له فكرة.
girl.page.18	“Sultan, wake up, I need you to help me!” Sultan was the neighbor’s dog.	«Султан, проснись, мне нужна твоя помощь!»\nСултаном звали соседского пса.	„Sultan, wach auf. Ich brauche deine Hilfe!“ Sultan war der Nachbarshund.	« Sultan, réveille-toi, il faut que tu m’aides ! » Sultan était le chien du voisin.	«Sultan, svegliati, devi aiutarmi!» Sultan era il cane dei vicini.	“Biriba, acorde, preciso da sua ajuda!” Biriba era o cachorro do vizinho.	“¡Sultán, despierta, necesito que me ayudes!” Sultán era el perro de la vecina.	「スルタン、​起き⁠て⁠！⁠助け⁠て​ほしい⁠の⁠！」\nスルタン⁠は​近所⁠の​犬⁠でし⁠た。	“Guguk, bangun, aku membutuhkan bantuanmu!”\nGuguk adalah anjing tetangga.	“Simpuh, bangun, kamu mesti bantu saya!” Simpuh ialah anjing milik jiran.	”روكي، استيقظ، أحتاج إلى مساعدتك!“ كان روكي كلب الجيران.
girl.page.19	Drowsy and yawning, Sultan mumbled,\n“What do you want, {NAME:P1}? Go to sleep, it’s too late to play.”	Потягиваясь и зевая, Султан пробормотал:\n«Чего тебе, {NAME:P1}? Иди-ка лучше спать, уже поздно играть».	Gähnend und schläfrig fragte Sultan:\n„Was willst du, {NAME:P1}? Geh schlafen, es ist zu spät zum Spielen.“	Somnolant et bâillant, Sultan lui a dit : « Qu’est-ce que tu veux, {NAME:P1} ?\nVa dormir, il est trop tard pour jouer. »	Assonnato e sbadigliando, Sultan disse:\n«Cosa vuoi, {NAME:P1}? Vai a dormire, è troppo tardi per giocare».	Sonolento e bocejando, Biriba murmurou:\n“O que você quer, {NAME:P1}? Vá dormir, está tarde demais para brincar.”	Somnoliento y bostezando, Sultán murmuró,\n“¿qué quieres {NAME:P1}?, ve a dormir, que es tarde para jugar”.	スルタン⁠は​とても⁠眠く⁠て、​あくび⁠を​し⁠ながら​言い⁠まし⁠た。\n「{NAME:P1}、​どう⁠し⁠た⁠の⁠？⁠寝よ⁠う⁠よ。​遊ぶ⁠に⁠は​遅​すぎる⁠よ」	Dalam keadaan mengantuk dan menguap, Guguk bergumam,\n“Apa maumu, {NAME:P1}? Tidurlah, sudah larut malam.”	Sambil mengantuk dan menguap, Simpuh berkata, “Apa yang kamu mahu,\n{NAME:P1}? Pergilah tidur, sudah terlalu lewat untuk bermain.”	تمتم روكي النعسان وهو يتثاءب: ”ماذا تريدين يا\n{NAME:P1}؟ اذهب إلى النوم، فات الأوان للعب“.
girl.page.20	“I need you to accompany me to the hospital!”	«Мне нужно, чтобы ты помог мне пробраться в больницу».	„Du musst mich zum Krankenhaus begleiten.“	« Il faut que tu m’accompagnes à l’hôpital. »	«Ho bisogno che mi accompagni all’ospedale».	“Preciso que você me acompanhe até o hospital.”	“Necesito que me acompañes al hospital”.	「病院⁠に​いっしょ⁠に​行っ⁠て​ほしい⁠の」	“Aku membutuhkanmu untuk menemaniku ke rumah sakit!”	“Kamu perlu temankan saya ke hospital.”	”أحتاجك أن ترافقني إلى المستشفى!“
girl.page.21	“Are you sick?” replied Sultan.	«Ты что, заболела?» – спросил Султан.	„Bist du krank?“, erwiderte Sultan.	« Tu es malade ? » a répondu Sultan.	«Sei malata?», rispose Sultan.	“Você está doente?”, respondeu Biriba.	“¿Estás enferma?”, replicó Sultán.	「病気⁠な⁠の⁠？」​スルタン⁠は​聞き⁠まし⁠た。	“Kamu sakit?” jawab Guguk.	“Kamu sakit?” balas Simpuh.	رد روكي: ”هل أنتِ مريضة؟“
girl.page.22	“No. We need to go. I’ll explain on the way.”	«Нет. Пойдём, быстрее. Объясню по дороге».	„Nein. Lass uns schnell gehen, ich erklär’s dir auf dem Weg.“	« Non. Il faut y aller. Je t’expliquerai en chemin. »	«No. Andiamo subito, ti spiegherò strada facendo».	“Não. Vamos rápido, eu explico no caminho.”	“No, vamos rápido, te explico en el camino”.	「そう⁠じゃ⁠ない⁠の。​早く​行こ⁠う。\n​後で⁠説明​する⁠から」	“Tidak. Kita harus pergi. Nanti akan kujelaskan di perjalanan.”	“Tidak. Marilah pergi cepat, saya akan terangkan dalam perjalanan.”	”لا. نحن بحاجة للذهاب. سأشرح لك في الطريق“.
girl.page.23	{NAME:P1} told him what had happened when she had tried to see Abel,\nand explained that she needed to try again when everyone was sleeping.	{NAME:P1} рассказала ему, что случилось, когда она пыталась пройти\nк Ефиму, и что нужно попробовать проскользнуть ночью, пока все спят.	{NAME:P1} erzählte ihm, wie sie versucht hatte, Abel zu sehen,\nund dass sie es nun nachts versuchen wollte, wenn alle schliefen.	{NAME:P1} lui a raconté comment elle avait tenté de voir Abel\net lui a dit qu’elle devait essayer encore, quand tout le monde dormait.	{NAME:P1} gli raccontò cos’era successo quando aveva cercato di vedere\nAlberto e che voleva provare di notte, mentre tutti dormivano.	{NAME:P1} contou sobre suas tentativas de ver o Serafim e disse\nque precisava tentar de novo à noite, quando todos estivessem dormindo.	{NAME:P1} le contó lo que sucedió cuando trató de visitar a Itzae,\ny le explicó cómo iba a intentarlo cuando todos estuviesen durmiendo.	{NAME:P1}​は、​アベベ⁠に​会お⁠う⁠と​し⁠た​とき⁠に​起こっ⁠た​こと⁠を​話し⁠まし⁠た。\n​そして、​みんな⁠が​寝⁠て​いる​夜⁠に​会い⁠に​行っ⁠た​ほう⁠が​いい⁠と​言い⁠まし⁠た。	{NAME:P1} menceritakan kejadian saat berusaha mengunjungi Ogin,\ndan menjelaskan bahwa dia perlu mencoba lagi saat semua orang tertidur.	{NAME:P1} memberitahu apa yang berlaku ketika dia cuba bertemu Abel\ndan menerangkan dia perlu cuba lagi ketika semua orang sedang tidur.	أخبرته {NAME:P1} بما حدث عندما حاولت رؤية فراس،\nوشرحت له أنها بحاجة إلى المحاولة مرة أخرى عندما يكون الجميع نائمين.
girl.page.24	When they arrived, {NAME:P1} climbed onto Sultan’s back to reach\nthe hospital window. She started to wobble and cried, “Stop moving!”	У больницы {NAME:P1} вскарабкалась Султану на спину, чтобы залезть\nчерез окно, но пошатнулась и закричала: «Стой ровно, я падаю!»	Beim Krankenhaus kletterte {NAME:P1} auf Sultans Rücken,\num das Fenster zu erreichen. Schwankend rief sie: „Nicht bewegen, ich falle!“	À l’hôpital, {NAME:P1} a grimpé sur le dos de Sultan pour atteindre la fenêtre.\n« Ne bouge pas ! » a-t-elle crié alors qu’elle vacillait.	Arrivati, {NAME:P1} salì sulla schiena di Sultan per raggiungere\nla finestra dell’ospedale. Traballando, gridò: «Smettila di muoverti!»	Ao chegarem, {NAME:P1} subiu nas costas do Biriba para alcançar a janela\ndo hospital. Ela começou a balançar e gritou: “Pare de se mexer!”.	Cuando llegaron se subió al lomo de Sultán para poder entrar por la ventana\ndel hospital. Mientras se tambaleaba, clamaba, “¡deja de moverte!”	病院⁠に​着く⁠と、​{NAME:P1}​は​スルタン⁠の​上⁠に​乗り、​窓⁠に​近づき⁠まし⁠た。\n​{NAME:P1}​は​フラフラ⁠し⁠ながら、​言い⁠まし⁠た。​「動か⁠ない⁠で、​落ちる⁠わ⁠！」	Ketika mereka sampai, {NAME:P1} menaiki punggung Guguk\nuntuk menjangkau jendela. Dia mulai bergoyang, dan berteriak, “Diam!”	Apabila tiba, {NAME:P1} memanjat belakang Simpuh untuk mencapai tingkap.\nDia mula tergoyang-goyang dan menjerit, “Berhenti bergerak!”	عندما وصلا، صعدت {NAME:P1} على ظهر روكي للوصول إلى نافذة المستشفى.\nبدأت تتمايل، وصرخت: ”توقف عن الحركة!“
girl.page.25	Sultan answered her through his teeth.\n“Hurry up! You’re small, but you weigh a ton!”	«Давай поскорее. Ты хоть и маленькая,\nно весишь как слон!» – с трудом ответил Султан.	Sultan erwiderte außer Atem:\n„Beeil dich, du bist zwar klein, aber du wiegst eine Menge!“	Sultan lui a répondu en serrant les dents :\n« Dépêche-toi ! Tu es petite, mais tu pèses une tonne ! »	Sultan le rispose a fatica. «Sbrigati! Sei piccola ma pesi una tonnellata!»	Biriba respondeu rangendo os dentes.\n“Aaaai, vai rápido! Você é pequena, mas é pesadinha!”	Y Sultán le contestaba, resoplando.\n“¡Apúrate! ¡Eres pequeña, pero pesas mucho!”	スルタン⁠は​苦し⁠そう⁠に​言い⁠まし⁠た。\n「早く⁠！⁠君⁠は​小さい⁠けど、​すごく​重い​ん⁠だ⁠！」	Guguk menjawab dengan menyeringai.\n“Cepatlah! Tubuhmu kecil, tapi sangat berat!”	Simpuh menjawab dengan susah-payah.\n“Cepat! Kamu kecil tapi badan kamu berat!”	أجابه روكي من بين أسنانه: ”أسرع! أنت صغير، لكنك تزن طنًا!“
girl.page.26	Finally, {NAME:P1} made it through the window\nand fell onto the floor of the hospital. She saw a nurse passing nearby…	Наконец, {NAME:P3} удалось влезть в окно, и она шлёпнулась на пол.\nВ этот момент рядом проходила медсестра…	Schließlich schaffte es {NAME:P1} durch das Fenster und fiel auf den Boden.\nSie sah, wie eine Krankenschwester in der Nähe vorbeiging…	Enfin, {NAME:P1} est parvenue à passer par la fenêtre\net est tombée sur le sol de l’hôpital. Elle a vu une infirmière passer tout près…	Alla fine, {NAME:P1} riuscì ad attraversare la finestra\ne cadde sul pavimento dell’ospedale. Vide un’infermiera che passava lì vicino…	Finalmente, {NAME:P1} conseguiu passar pela janela\ne caiu no chão do hospital. Ela viu uma enfermeira passando por perto…	Por fin, {NAME:P1} logra entrar por la ventana y cae dentro del hospital.\nVe que una enfermera se aproxima…	ついに​{NAME:P1}​は​窓⁠を​通り​ぬけ、​病院⁠の​床⁠に​たおれ\nこみ⁠まし⁠た。​看護⁠師⁠が​近く⁠を​通り​すぎる​の⁠が​見え⁠まし⁠た…	Akhirnya, {NAME:P1} bisa masuk ke jendela\ndan jatuh ke lantai rumah sakit. Dia melihat seorang perawat lewat…	Akhirnya, {NAME:P1} berjaya memasuki tingkap itu dan jatuh ke atas lantai\nhospital. Dia nampak seorang jururawat sedang lalu berhampiran…	أخيرًا، تمكنت {NAME:P1} من عبور النافذة وسقطت\nعلى أرضية المستشفى. رأت ممرضة تمر بالقرب منها…
girl.page.27	…but she managed to hide behind a cabinet just in time.	…но она успела спрятаться за шкафом.	…aber sie schafft es, sich hinter einem Schrank zu verstecken.	… mais elle a réussi à se cacher derrière une armoire, juste à temps.	…ma riuscì a nascondersi dietro un mobile appena in tempo.	…mas conseguiu se esconder atrás de um armário.	…pero logra esconderse detrás de un armario.	…​しかし、​{NAME:P1}​は\n棚⁠の​後ろ⁠に​うまく​かくれ⁠まし⁠た。	…tapi dia bisa bersembunyi di balik lemari tepat pada waktunya.	…tetapi dia sempat bersembunyi di belakang kabinet.	…لكنها تمكنت من الاختباء خلف خزانة في الوقت المناسب.
girl.page.28	Aided by her sense of smell, {NAME:P1} found her way to Abel.	Благодаря своему отменному нюху {NAME:P1} нашла Ефима.	{NAME:P1} folgte ihrer Nase und fand Abel.	Grâce à son odorat, {NAME:P1} a trouvé son chemin jusqu’à Abel.	Grazie al suo fiuto, {NAME:P1} trovò Alberto.	Guiada pelo seu olfato, {NAME:P1} encontrou Serafim.	Valiéndose de su olfato, {NAME:P1} logró encontrar a Itzae.	{NAME:P1}​は​匂い⁠を​たどり、\n​アベベ⁠を​見つけ⁠まし⁠た。	Dengan bantuan indra penciumannya, {NAME:P1} bisa menemukan Ogin.	Dibantu oleh deria baunya, {NAME:P1} menemui Abel.	بمساعدة حاسة الشم لديها، وجدت {NAME:P1} طريقها إلى فراس.
girl.page.29	The bed where Abel slept was a bit high,\nbut {NAME:P1} jumped onto a nearby couch and then onto the bed.	Кровать, на которой спал Ефим, была слишком высокой,\nно {NAME:P1} запрыгнула сначала на диван, а потом на кровать.	Das Bett, in dem Abel schlief, war ein bisschen hoch, aber {NAME:P1}\nschaffte es, von einem Sofa in der Nähe auf das Bett zu springen.	Le lit où dormait Abel était un peu haut,\nmais {NAME:P1} a sauté sur un canapé voisin, puis sur le lit.	Il letto dove dormiva Alberto era un po’ alto,\nma {NAME:P1} saltò su un divano vicino e poi sul letto.	A cama onde Serafim estava dormindo era um pouco alta,\nmas {NAME:P1} pulou em um sofá próximo e depois na cama.	Como la cama donde dormía Itzae era un poco alta,\n{NAME:P1} saltó primero a un sofá y luego a la cama.	アベベ⁠は​少し⁠高い​ベッド⁠で​寝⁠て​い⁠まし⁠た⁠が、​{NAME:P1}​は\n近く⁠の​ソファ⁠に​飛び乗っ⁠て、​ベッド⁠に​上がり⁠まし⁠た。	Tempat tidur Ogin agak tinggi, tetapi {NAME:P1} bisa\nmelompat ke kursi di dekatnya lalu ke tempat tidur itu.	Katil tempat Abel tidur agak tinggi, tetapi {NAME:P1} melompat\nke atas sofa berhampiran, kemudian melompat ke katil.	كان السرير الذي ينام عليه فراس مرتفعًا بعض الشيء،\nلكن {NAME:P1} قفزت على أريكة قريبة ثم على السرير.
girl.page.30	Abel felt his dog’s paws on his chest. “{NAME:P1}, is that you?\nAm I dreaming?” Abel hugged his dog and asked, “How did you get in?”	Ефим почувствовал прикосновение. «{NAME:P1}, это ты? Я что, сплю?»\nЕфим обнял её и спросил: «Как ты пробралась?»	Abel bemerkte sie. „{NAME:P1}, bist du das? Träume ich?“\nAbel umarmte sie und fragte: „Wie bist du ganz allein hereingekommen?“	Abel a senti ses pattes sur sa poitrine. « {NAME:P1}, c’est toi, ou je rêve ? »\nIl l’a serrée dans ses bras. « Comment es-tu entrée ? »	Alberto sentì le zampe della sua cagnolina sul petto. «{NAME:P1}, sei tu?\nSto sognando?» Alberto la abbracciò e chiese: «Come sei entrata?»	Serafim sentiu as patinhas da cachorra em seu peito. “{NAME:P1}, é você?\nEstou sonhando?” Serafim a abraçou e disse: “Como você entrou?”	Itzae siente las patas de la perrita sobre su pecho.\n“{NAME:P1}, ¿eres tú? ¿Estaré soñando?” La abraza. “¿Cómo entraste?”	「{NAME:P1}​な⁠の⁠？⁠僕⁠は​夢⁠を​見⁠て​いる⁠の⁠？」​{NAME:P1}​に\n気づい⁠た​アベベ⁠は、​抱きしめ⁠て​言い⁠まし⁠た。​「どう⁠やっ⁠て​入っ⁠た​ん​だい⁠？」	Ogin merasakan garukan anjingnya di dadanya. “{NAME:P1}, itu kamu?\nBermimpikah aku?” Ogin memeluk anjingnya dan bertanya, “Kok bisa masuk?”	Abel mengenali anjingnya. “{NAME:P1}, kamu ya? Adakah aku bermimpi?”\nAbel memeluknya dan berkata, “Bagaimana kamu masuk?”	شعر فراس بمخالب كلبته على صدره. ”{NAME:P1}،\nهل أنتِ؟ هل أنا أحلم؟“ عانق فراس كلبته وسأل: ”كيف دخلتِ؟“
girl.page.31	But Abel felt weak and soon fell asleep again.	Но тут же почувствовал слабость и снова уснул.	Aber Abel fühlte sich schwach und schlief bald wieder ein.	Mais Abel se sentait faible et s’est rendormi.	Ma Alberto si sentiva debole e presto si riaddormentò.	Mas Serafim ainda estava fraco e logo adormeceu novamente.	Pero Itzae está débil y se queda dormido nuevamente.	しかし、​アベベ⁠は​疲れ⁠て​き⁠て、\nすぐ⁠に​また⁠眠っ⁠て​しまい⁠まし⁠た。	Tetapi Ogin merasa lemah dan langsung terlelap kembali.	Namun Abel berasa lemah dan tidak lama kemudian tertidur semula.	لكن فراس شعر بالضعف وسرعان ما نام مرة أخرى.
girl.page.32	With Sultan’s help, {NAME:P1} returned home\nbefore dawn so as not to be discovered.	С помощью Султана, {NAME:P1} вернулась домой до рассвета,\nчтобы её не обнаружили в больнице.	Mit Sultans Hilfe kehrte {NAME:P1} noch vor Sonnenaufgang\nnach Hause zurück, damit sie unentdeckt blieb.	Avec l’aide de Sultan, {NAME:P1} est rentrée\nà la maison avant l’aube pour ne pas être découverte.	Con l’aiuto di Sultan, {NAME:P1} tornò a casa\nprima dell’alba per non essere scoperta.	Com a ajuda de Biriba, {NAME:P1} voltou para casa\nantes do amanhecer para não ser descoberta.	Para no ser descubierta, {NAME:P1} regresa a casa\nantes del amanecer, con la ayuda de Sultán.	スルタン⁠に​手伝っ⁠て​もらい、​{NAME:P1}​は\n見つから⁠ない​よう⁠に​夜⁠が​明ける​前⁠に​家⁠に​帰り⁠まし⁠た。	Dengan bantuan Guguk, {NAME:P1} pulang ke rumah sebelum fajar\nagar tidak ada yang memergokinya.	Dengan bantuan Simpuh, {NAME:P1} pulang ke rumah\nsebelum fajar supaya tidak dijumpai sesiapa.	بمساعدة روكي، عادت {NAME:P1} إلى المنزل قبل الفجر حتى لا يتم اكتشافها.
girl.page.33	Every night thereafter, Sultan helped {NAME:P1} climb\nthrough the hospital window, and Abel recovered quickly.	С тех пор {NAME:P1} и Султан проделывали те же\nдействия каждую ночь, и Ефим вскоре стал поправляться.	In den folgenden Nächten kamen {NAME:P1}\nund Sultan immer wieder zurück, und Abel erholte sich schnell.	Ensuite, chaque nuit, Sultan a aidé {NAME:P1} à passer\npar la fenêtre de l’hôpital, et Abel s’est rapidement rétabli.	Da allora, ogni notte, Sultan aiutò {NAME:P1} ad arrampicarsi\nattraverso la finestra dell’ospedale e Alberto si riprese rapidamente.	Depois disso, {NAME:P1} e Biriba fizeram a mesma coisa todas as noites,\ne Serafim começou a se recuperar rapidamente.	Todas las noches Sultán ayudaba a {NAME:P1} a trepar por la ventana\ndel hospital, y fue así que Itzae se recuperó rápidamente.	それから⁠毎晩、​スルタン⁠に​手伝っ⁠て​も​らい​{NAME:P1}​は​病院⁠の\n窓⁠から​入り⁠まし⁠た。​する⁠と、​アベベ⁠の​病気⁠は​すぐ⁠に​良く​なり⁠まし⁠た。	Di malam-malam berikutnya, Guguk membantu {NAME:P1} memanjat\nke jendela rumah sakit, dan Ogin pun sembuh dengan cepat.	Sejak hari itu, setiap malam {NAME:P1}\ndan Simpuh memanjat tingkap hospital dan Abel pulih dengan cepat.	في كل ليلة بعد ذلك، ساعد روكي {NAME:P1}\nعلى تسلق نافذة المستشفى، وتعافى فراس بسرعة.
girl.page.34	The doctors were surprised by his improvement!	Доктора удивлялись, наблюдая за улучшением его состояния.	Die Ärzte waren überrascht von seiner Genesung!	Les médecins ont été surpris par l’amélioration de sa santé !	I medici furono sorpresi dal suo miglioramento!	Os médicos ficaram surpresos com a melhora dele!	¡Los médicos estaban sorprendidos con su mejoría!	アベベ⁠が​とても⁠元気⁠に​なっ⁠た⁠ので、\n​医者⁠たち⁠は​おどろき⁠まし⁠た⁠！	Para dokter terkejut dengan perkembangan kesehatannya!	Para doktor terkejut dengan perkembangannya!	تفاجأ الأطباء بتحسنه!
girl.page.35	One night, {NAME:P1} fell fast asleep next to Abel.	Однажды ночью {NAME:P1} крепко уснула на кровати Ефима.	Eines Abends schlief {NAME:P1} neben Abel ein.	Une nuit, {NAME:P1} s’est endormie profondément à côté d’Abel.	Una notte, {NAME:P1} si addormentò profondamente accanto ad Alberto.	Certa noite, {NAME:P1} acabou dormindo ao lado de Serafim.	Una noche, {NAME:P1} se quedó profundamente dormida junto a Itzae.	ある⁠夜、​{NAME:P1}​は​アベベ⁠の\nそば⁠で​ぐっすり⁠と​眠っ⁠て​しまい⁠まし⁠た。	Suatu malam, {NAME:P1} tertidur dengan cepat di samping Ogin.	Satu malam, {NAME:P1} tertidur di sebelah Abel.	في إحدى الليالي، نامت {NAME:P1} بعمق بجوار فراس.
girl.page.36	From outside the hospital, Sultan called to her,\n“{NAME:P1}, it’s almost daylight, you’re going to get caught!”	Султан долго звал её, стоя снаружи:\n«{NAME:P1}, уже почти светает. Смотри, тебя поймают!»	Sultan rief ihn von draußen: „{NAME:P1},\nes wird bald hell, man wird dich erwischen!“	De l’extérieur de l’hôpital, Sultan l’a appelée :\n« {NAME:P1}, il fait presque jour, tu vas te faire prendre ! »	Dall’esterno dell’ospedale, Sultan la chiamava.\n«{NAME:P1}, è quasi giorno, così ti scopriranno!»	De fora do hospital, Biriba chamou:\n“{NAME:P1}, já está quase amanhecendo, você vai ser pega!”	Sultán la llamaba desde abajo; “¡{NAME:P1}, es casi de día, te van a descubrir!”	病院⁠の​外⁠から​スルタン⁠が​{NAME:P1}​に​呼びかけ⁠まし⁠た。\n「{NAME:P1}、​もうすぐ⁠夜⁠が​明ける⁠よ、​つかまっ​ちゃう⁠よ⁠！」	Dari luar rumah sakit, Guguk memanggilnya,\n“{NAME:P1}, hari sudah hampir siang, kamu akan kepergok!”	Dari luar hospital, Simpuh memanggilnya,\n“{NAME:P1}, sudah hampir siang, kamu akan ditangkap!”	من خارج المستشفى، نادى عليها روكي:\n”{NAME:P1}، لقد أوشك النهار على الظهور، سينكشف أمركِ!“
girl.page.37	But {NAME:P1} was too tired to hear Sultan’s warnings.	Но {NAME:P1} так устала, что даже не слышала Султана.	Aber {NAME:P1} war zu müde, um die Warnungen von Sultan zu hören.	Mais {NAME:P1} était trop fatiguée\npour entendre les avertissements de Sultan.	Ma {NAME:P1} era troppo stanca per sentire gli avvertimenti di Sultan.	Mas {NAME:P1} estava tão cansada de sair à noite para ver Serafim,\nque engatou em um sono profundo e não ouviu o Biriba.	Pero {NAME:P1} estaba tan cansada que no lo escuchaba.	しかし、​{NAME:P1}​は​とても⁠疲れ⁠て​い⁠た⁠ので、\nスルタン⁠の​声⁠が​聞こえ⁠ませ⁠ん⁠でし⁠た。	Namun {NAME:P1} terlalu lelah sampai-sampai\ndia tidak mendengar peringatan Guguk.	Namun {NAME:P1} amat letih untuk mendengar amaran Simpuh.	لكن {NAME:P1} كانت متعبةً جدًا لدرجة أنها لم تسمع تحذيرات روكي.
girl.page.38	The security guard chased after Sultan, and he barely escaped. Meanwhile…	Сторож погнался за Султаном,\nно тот благополучно убежал. А тем временем…	Der Pförtner jagte Sultan hinterher,\naber er konnte gerade noch entkommen. Unterdessen…	Le gardien a poursuivi Sultan,\nqui a réussi de justesse à s’enfuir. Pendant ce temps…	La guardia rincorse Sultan, ma questi fuggì per un pelo. Nel frattempo…	O vigia foi atrás do Biriba, mas ele escapou. Enquanto isso…	El guardia persiguió a Sultán, ¡y por poco lo atrapa! Mientras tanto…	ガードマン⁠が​スルタン⁠を​追いかけ⁠まし⁠た⁠が、\nスルタン⁠は​逃げる​こと⁠が​でき⁠まし⁠た。​その⁠ころ…	Penjaga rumah sakit mengejar Guguk,\ndan anjing itu hampir tidak bisa lolos. Sementara itu…	Pengawal mengejar Simpuh,\ntetapi dia berjaya melepaskan diri. Sementara itu…	طارد حارس الأمن روكي، وبالكاد هرب. في هذه الأثناء…
girl.page.39	…the doctor entered Abel’s room. “Why is there a dog on the patient’s bed?!\nIt’s the same one that tried to get into the hospital last week!”	…в палату к Ефиму зашёл доктор. «Почему у пациента на кровати – собака?!\nЭто та же, что пыталась пролезть в больницу неделю назад!»	…betrat der Arzt Abels Zimmer. „Wieso liegt da dieselbe Hündin auf dem Bett,\ndie letzte Woche versucht hat, ins Krankenhaus zu gelangen!“	… le médecin est entré dans la chambre d’Abel. « Que fait cette chienne ici ?\nC’est celle qui voulait entrer dans l’hôpital la semaine passée ! »	…il medico entrò nella stanza di Alberto. «Perché c’è un cane sul letto?\nÈ quello che ha cercato di entrare in ospedale la settimana scorsa!»	…o médico entrou no quarto do Serafim. “Por que tem um cachorro na cama\ndo paciente?! É o mesmo que tentou entrar no hospital semana passada!”	…el médico entró en la habitación de Itzae. “¿Por qué hay un perro\nen la cama del paciente? ¡Es el mismo que intentó entrar al hospital!”	…​医者⁠が​アベベ⁠の​部屋⁠に​入り⁠まし⁠た。​「どうして⁠患者⁠の​ベッド⁠の​上⁠に\n犬⁠が​いる​ん⁠だ⁠？⁠先週​病院⁠に​入ろう⁠と​し⁠た​の⁠と​同じ⁠犬⁠じゃ⁠ない⁠か⁠！」	…dokter memasuki ruang perawatan Ogin. “Mengapa ada anjing di tempat\ntidur pasien?! Ini anjing yang minggu lalu mencoba masuk ke rumah sakit!”	…doktor memasuki bilik Abel. “Kenapa ada anjing di atas katil pesakit?!\nIni anjing sama yang cuba masuk ke hospital minggu lepas!”	…دخل الطبيب غرفة فراس. ”لماذا يوجد كلب على سرير المريض؟!\nإنه نفس الكلب الذي حاول الدخول إلى المستشفى الأسبوع الماضي!“
girl.page.40	“Her name is {NAME:P1},” Abel said, hugging his little dog. “She comes\neach night and leaves before morning. But today she was too tired.”	«Это {NAME:P1}», – сказал Ефим, обнимая свою собаку. «Она приходит\nсюда каждую ночь и уходит до рассвета. Но сегодня она очень устала».	„Das ist {NAME:P1}“, sagte Abel und umarmte die Hündin. „Sie war jede\nNacht hier bis zur Morgendämmerung. Aber heute ist sie zu erschöpft.“	« C’est {NAME:P1}, a dit Abel en l’étreignant. Elle vient chaque nuit\net repart avant l’aube, mais aujourd’hui, elle est trop épuisée. »	«Si chiama {NAME:P1},» disse Alberto, abbracciando la sua cagnolina.\n«Viene ogni notte e va via all’alba. Oggi però era troppo stanca».	“É a {NAME:P1}”, disse Serafim, dando um abraço nela. “Toda noite,\nela vem para cá e fica até quase amanhecer, mas hoje ela está exausta.”	“Es {NAME:P1}”, dice Itzae y abraza a la perrita. “Viene a visitarme\ntodas las noches y se va antes del amanecer. Pero hoy estaba agotada”.	「{NAME:P1}​だ⁠よ」​アベベ⁠は​小さな⁠犬⁠を​抱きしめ⁠まし⁠た。​「毎晩​ここ⁠に​来⁠て、\n​夜⁠が​明ける​前⁠に​出⁠て​行く​ん⁠だ。​でも⁠今日⁠は​疲れ​きっ⁠て​いる​ん⁠だ」	“Namanya {NAME:P1},” ujar Ogin, sambil memeluk anjing kecilnya.\n“Dia ke sini tiap malam dan pergi dini hari. Tapi hari ini dia kelelahan.”	“Ini {NAME:P1},” kata Abel, memeluk anjingnya. “Dia datang ke sini\nsetiap malam dan balik sebelum fajar. Tapi hari ini dia terlalu letih.”	قال فراس وهو يعانق كلبته الصغيرة: ”اسمها {NAME:P1}.\nتأتي كل ليلة وتغادر قبل الصباح. لكنها اليوم كانت متعبةً جدًا“.
girl.page.41	“You know what? I think your little dog is\nthe reason you got better,” said the doctor.	«А знаете что? Я думаю, ваша собака\nи помогла вам выздороветь», – сказал доктор.	„Wissen Sie was? Ich glaube, Ihre kleine Hündin ist der Grund dafür,\ndass es Ihnen besser geht“, sagte der Arzt.	« Vous voulez que je vous dise ? Je pense que c’est grâce à votre petite chienne\nque vous allez mieux », a dit le médecin.	«Sa una cosa? Creo proprio che la sua cagnolina sia il motivo\nper cui Lei è guarito», disse il medico.	“Sabe de uma coisa? Acho que você está melhorando\njustamente por causa da sua cachorrinha”, disse o médico.	“¿Sabes qué? Creo que tu perrita es la razón\npor la que te mejoraste”, dijo el médico.	「いい⁠です⁠か⁠？⁠あなた⁠が​元気⁠に​なっ⁠た​の⁠は、\n小さな⁠犬⁠の​おかげ⁠だ⁠と​思い⁠ます」​医者⁠は​言い⁠まし⁠た。	“Tahu, tidak? Menurut saya, anak anjing Anda\nmenjadi alasan Anda pulih,” kata sang dokter.	“Kamu tahu? Saya rasa anjing kamu inilah\nmenjadi sebab kamu semakin sembuh,” kata doktor.	قال الطبيب: ”أتعلم؟ أعتقد أن كلبتك الصغيرة هي سبب تحسنك“.
girl.page.42	The doctor called a meeting with all the other\ndoctors to tell {NAME:P1} and Abel’s story.	Доктор собрал совещание с другими сотрудниками\nи рассказал им историю {NAME:P2} и Ефима.	Der Arzt traf sich mit den anderen Ärzten,\num ihnen die Geschichte von {NAME:P1} und Abel zu erzählen.	Le médecin a réuni tous les autres médecins pour leur\nraconter l’histoire de {NAME:P1} et d’Abel, puis a proposé :	Il dottore convocò una riunione con tutti gli altri medici\nper raccontare la storia di {NAME:P1} e Alberto.	O médico convocou uma reunião com todos os outros\nmédicos para contar a história de {NAME:P1} e Serafim.	El médico convocó una reunión con los demás médicos\npara contar la historia de {NAME:P1} e Itzae.	その⁠医者⁠は、​ほか⁠の​医者⁠たち⁠を​集め⁠て​会議⁠を​開き、\n{NAME:P1}​と​アベベ⁠の​話⁠を​し⁠まし⁠た。	Dokter itu mengadakan pertemuan dengan semua dokter\nlainnya untuk menceritakan kisah {NAME:P1} dan Ogin.	Doktor mengadakan mesyuarat dengan semua doktor\nlain untuk memberitahu kisah {NAME:P1} dan Abel.	عقد الطبيب اجتماعًا مع جميع الأطباء\nالآخرين ليخبرهم قصة {NAME:P1} وفراس.
girl.page.43	Then, he said, “Let’s vote to decide whether we should allow pets\nin the hospital.” After a long discussion, almost everyone voted yes!	«Давайте проголосуем за то, чтобы пускать домашних животных в больницу»,\n– предложил он, и после обсуждения большинство проголосовало «за».	Dann schlug er vor: „Stimmen wir ab, ob Haustiere im Krankenhaus erlaubt\nsein sollten.“ Nach einer langen Diskussion stimmte fast jeder dafür!	« Votons pour décider si nous devons autoriser les animaux de compagnie\nà l’hôpital. » Après une longue discussion, la majorité a voté « oui ».	Poi disse: «Votiamo per decidere se ammettere o meno gli animali domestici\nin ospedale». Dopo una lunga discussione, la maggioranza votò sì.	Então, ele propôs: “Vamos votar para decidir se devemos permitir animais\nde estimação no hospital.” Após um longo debate, a maioria votou sim.	Luego propuso, “votemos para decidir si permitimos la entrada de mascotas\nal hospital”. Después de una larga discusión, la mayoría votó que sí.	そして、​医者⁠は​言い⁠まし⁠た。​「病院⁠に​ペット⁠が​入れる​よう⁠に​する⁠か\nどう⁠か⁠を​決めよ⁠う」​長い​話し合い⁠の​後、​たくさん⁠の​医者⁠が​賛成​し⁠まし⁠た。	Kemudian, katanya, “Ayo kita putuskan apakah kita izinkan hewan piaraan\ndi rumah sakit.” Setelah diskusi panjang, hampir semuanya memilih ya!	Kemudian dia mencadangkan, “Mari kita undi sama ada haiwan peliharaan\npatut dibenarkan di hospital.” Selepas lama berbincang, majoriti menyokong.	ثم قال: ”لنقم بالتصويت لتحديد ما إذا كان ينبغي لنا السماح بدخول\nالحيوانات الأليفة إلى المستشفى“. بعد نقاش طويل، صوت الجميع تقريبًا بنعم!
girl.page.44	The doctor happily told Abel, “We’ve decided to build a room for pets\nto visit their sick owners! That way, our patients will get better faster.”	Доктор объявил Ефиму: «Мы решили разрешить домашним зверям встречаться\nс больными хозяевами. Наши пациенты будут выздоравливать быстрее».	Der Arzt erzählte Abel glücklich: „Wir bauen ein Zimmer, in dem Tiere\nihre kranken Besitzer besuchen! So erholen sich die Patienten schneller.“	Le médecin a dit à Abel : « Nous prévoyons une salle pour les animaux\nde compagnie et leurs maîtres ! Ainsi, les malades guériront plus vite. »	Il medico, felice, disse ad Alberto: «Costruiremo una stanza\nper gli animali in visita ai loro amici malati! Così i pazienti guariranno prima».	O médico disse para Serafim: “Decidimos criar uma sala para os animais\nvisitarem seus tutores! Assim, nossos pacientes vão melhorar mais rápido.”	El médico le comunicó a Itzae, “hemos decidido que construiremos\nuna habitación para que las mascotas puedan visitar a sus dueños enfermos”.	医者⁠は​うれし⁠そう⁠に​言い⁠まし⁠た。​「病気⁠の​飼い主⁠が​ペット⁠に​会える\n部屋⁠を​作る​こと⁠に​し⁠まし⁠た⁠！⁠そう⁠すれ⁠ば、​みんな​早く​良く​なり⁠ます⁠よ」	Dengan gembira, dokter memberi tahu Ogin, “Kami akan membuat ruang bagi\nhewan untuk membesuk tuannya yang sakit! Pasien bisa lebih cepat pulih.”	Doktor memberitahu Abel, “Kami bersetuju membina bilik untuk haiwan\npeliharaan melawat pemilik mereka di sini! Pesakit akan pulih lebih cepat.”	قال الطبيب بسعادة لفراس: ”لقد قررنا بناء غرفة للحيوانات الأليفة لزيارة أصحابها المرضى!\nبهذه الطريقة، سيتحسن مرضانا بشكل أسرع“.
girl.page.45	“Oh, and by the way, you can go home now – you’re completely healthy!”	«Ах, да, кстати, вы можете отправляться домой.\nВы уже совершенно здоровы!»	„Oh, und übrigens: Sie können jetzt nach Hause gehen\n– Sie sind nun komplett geheilt!“	« Oh, et au fait, vous pouvez rentrer chez vous,\nmaintenant. Vous êtes en parfaite santé ! »	«Oh, e a proposito, ora può tornare a casa – è guarito completamente!»	“Ah, e a propósito, você já pode ir para casa – você está 100% curado!”	“Ah, por cierto, ya puedes volver a casa. ¡Estás completamente sano!”	「ああ、​そう⁠だ。​あなた⁠は​もう⁠家⁠に​帰れ⁠ます⁠よ。\nすっかり⁠元気⁠に​なり⁠まし⁠た⁠ね⁠！」	“Oh, ngomong-ngomong, sekarang Anda bisa pulang\n– Anda sudah sembuh total!”	“Oh, selain itu, kamu sudah boleh pulang ke rumah\n– kamu sudah sihat sepenuhnya!”	”أوه، وبالمناسبة، يمكنكِ العودة إلى المنزل الآن – أنتِ بصحة جيدة تمامًا!“
girl.page.46	And since then, the hospital has cured many patients\n– with the help of their animal friends!	С тех пор в больнице поправилось много пациентов\n– с помощью их любимых животных.	Und seitdem hat das Krankenhaus schon viele Patienten geheilt\n– mit der Hilfe ihrer tierischen Freunden.	Et depuis lors, l’hôpital a guéri de nombreux patients,\navec l’aide de leurs animaux bien-aimés.	Da allora, l’ospedale ha curato molti pazienti – con l’aiuto dei loro amici animali.	E, desde então, o hospital tem curado\nmuitos pacientes – com a ajuda dos animais.	Desde entonces el hospital ha curado a muchos pacientes…\n¡con la ayuda de sus amigos, las mascotas!	それ​以来、​この⁠病院⁠は​動物⁠たち⁠の​助け⁠の​おかげ⁠で、\nたくさん⁠の​患者⁠を​治し⁠まし⁠た。	Sejak saat itu, rumah sakit tersebut sudah menyembuhkan banyak pasien\n– dengan bantuan hewan yang menjadi teman mereka!	Sejak hari itu, hospital berjaya merawat ramai pesakit\n– dengan bantuan haiwan sebagai teman.	ومنذ ذلك الحين، عالج المستشفى العديد من المرضى\n– بمساعدة أصدقائهم من الحيوانات!
spotlight.keywords											
tags.for.filters											