Key	EN	RU	DE	FR	IT	PT	ES	JA	ID	MS	AR
title	How to Follow\nYour Dream	Как добраться\nдо мечты	Den Traum verwirklichen	Ton rêve\nest tout près	Quando un sogno diventa realtà	Como ir em busca do seu sonho	Cómo alcanzar\ntus sueños	夢の追い方	Cara Mengejar Mimpi	Mengejar Impianmu	الطريق إلى الحلم
author	Dale Neal	Дэил Нил	Dale Neal	Dale Neal	Dale Neal	Dale Neal	Dale Neal	Dale Neal	Dale Neal	Dale Neal	ديل نيل
illustrator	Vicky Amrullah	Викки Амруллах	Vicky Amrullah	Vicky Amrullah	Vicky Amrullah	Vicky Amrullah	Vicky Amrullah	Vicky Amrullah	Vicky Amrullah	Vicky Amrullah	فيكي أمر الله
composer	Artem Akmulin	Артём Акмулин	Artem Akmulin	Artem Akmulin	Artem Akmulin	Artem Akmulin	Artem Akmulin	Artem Akmulin	Artem Akmulin	Artem Akmulin	أرتم أكملين
boy.description	What challenges would you overcome in the pursuit of your\ndream? Embark on a daring adventure as a brave young\nsquirrel tries to climb the tallest tree in the forest.\nChallenges await at every step!	Какие препятствия ты мог бы преодолеть в погоне\nза своей мечтой? Начни смелое путешествие, так же как\nсмелый бельчонок, который пытается влезть на самое\nвысокое дерево в лесу. Препятствия на каждом шагу!	Welche Hindernisse würdest du für deinen Traum überwinden? Erlebe ein spannendes Abenteuer und sei dabei, wenn ein mutiges Eichhörnchen den höchsten Berg im Wald erklimmt. Überall lauern Hindernisse!	Jusqu'où iras-tu pour atteindre ton rêve ? Entreprends un\nvoyage audacieux comme le petit écureuil qui veut grimper\nen haut du plus grand arbre de la forêt. A chaque branche,\nt’attend un nouvel obstacle !	Quali prove affronteresti per inseguire un sogno? Vivi\nl’avventura di uno scoiattolino coraggioso che cerca\ndi arrampicarsi sull’albero più alto della foresta. A ogni ramo,\nti aspetta una nuova sfida!	Que desafios você enfrentaria em busca do seu sonho?\nEmbarque nesta aventura ousada sobre um esquilo jovem\ne corajoso que tenta escalar a árvore mais alta da floresta.\nOs desafios estão por toda parte!	¿Qué desafíos enfrentarías para alcanzar tus sueños?\nSumate a una audaz aventura en la que una joven\ny valiente ardilla intenta trepar el árbol más alto del bosque.\n¡Encontrará desafíos a cada paso!	夢を達成するために挑戦しなきゃいけないことは何かな？冒険の旅に出る勇敢なリスになって、森一番の高い木を登りきろう！たくさんの挑戦が待ってるよ！	Tantangan apa yang akan kamu atasi dalam mengejar mimpi? Mulailah petualangan penuh nyali sebagai seekor tupai muda pemberani yang memanjat pohon tertinggi di hutan. Beragam tantangan menanti di setiap langkah!	Apakah cabaran yang akan kamu atasi dalam mengejar impian kamu? Mulakan pengembaraan yang amat berani sebagai anak tupai yang cuba memanjat pokok paling tinggi di hutan. Cabaran menanti pada setiap langkah!	ما هي التحديات التي ستُواجهها في سبيل تحقيق حلمك؟ انطلق في مُغامرةٍ جريئة مع سنجابٍ شُجاع يُحاول تسلّق أعلى شجرة في الغابة، مُواجهًا مخاطرًا ومُفاجآتٍ في كل خطوة!
boy.description.iphone	What challenges would you overcome in the pursuit of your dream?\nEmbark on a daring adventure as a brave young squirrel tries to climb\nthe tallest tree in the forest. Challenges await at every step!	Какие препятствия ты мог бы преодолеть в погоне за своей мечтой?\nНачни смелое путешествие, так же как смелый бельчонок,\nкоторый пытается влезть на самое высокое дерево в лесу.	Welche Hindernisse würdest du für deinen Traum überwinden? Erlebe ein spannendes Abenteuer und sei dabei, wenn ein mutiges Eichhörnchen den höchsten Berg im Wald erklimmt. Überall lauern Hindernisse!	Jusqu'où iras-tu pour atteindre ton rêve ? Entreprends un voyage audacieux\ncomme le petit écureuil qui veut grimper en haut du plus grand arbre\nde la forêt. A chaque branche, t’attend un nouvel obstacle !	Quali prove affronteresti per inseguire un sogno? Vivi l’avventura\ndi uno scoiattolino coraggioso che cerca di arrampicarsi sull’albero\npiù alto della foresta. A ogni ramo, ti aspetta una nuova sfida!	Que desafios você enfrentaria em busca do seu sonho? Embarque nesta\naventura ousada sobre um esquilo jovem e corajoso que tenta escalar\na árvore mais alta da floresta. Os desafios estão por toda parte!	¿Qué desafíos enfrentarías para alcanzar tus sueños? Sumate\na una audaz aventura en la que una joven y valiente ardilla intenta trepar\nel árbol más alto del bosque. ¡Encontrará desafíos a cada paso!	夢を達成するために挑戦しなきゃいけないことは何かな？冒険の旅に出る勇敢なリスになって、森一番の高い木を登りきろう！たくさんの挑戦が待ってるよ！	Tantangan apa yang akan kamu atasi dalam mengejar mimpi? Mulailah petualangan penuh nyali sebagai seekor tupai muda pemberani yang memanjat pohon tertinggi di hutan. Beragam tantangan menanti di setiap langkah!	Apakah cabaran yang akan kamu atasi dalam mengejar impian kamu? Mulakan pengembaraan yang amat berani sebagai anak tupai yang cuba memanjat pokok paling tinggi di hutan. Cabaran menanti pada setiap langkah!	ما هي التحديات التي ستُواجهها في سبيل تحقيق حلمك؟ انطلق في مُغامرةٍ جريئة مع سنجابٍ شُجاع يُحاول تسلّق أعلى شجرة في الغابة، مُواجهًا مخاطرًا ومُفاجآتٍ في كل خطوة!
boy.page.1	Deep in the woods there once lived a squirrel, {NAME:P1},\nwho had never climbed a tree.	В густом лесу жил-был бельчонок {NAME:P1},\nкоторый никогда не влезал на дерево.	Tief im Wald lebte einst das Eichhörnchen {NAME:P1},\ndas noch nie auf einen Baum geklettert war.	Au fond des bois vivait un petit écureuil qui s’appelait {NAME:P1}\net qui n’avait jamais encore grimpé à un arbre.	C’era una volta, nella foresta più fitta, uno scoiattolino\ndi nome {NAME:P1}, che non si era mai arrampicato su un albero.	Nas profundezas da floresta, vivia um esquilo chamado {NAME:P1}.\nEle nunca tinha subido em uma árvore.	Había una vez una ardilla, {NAME:P1},\nque vívía en lo más profundo del bosque y nunca había trepado a un árbol.	森⁠の​奥深く⁠に、​まだ⁠一⁠度⁠も​木⁠に​登っ⁠た​こと⁠の​ない、\n{NAME:P1}​という​リス⁠が​い⁠まし⁠た。	Alkisah nun jauh di tengah hutan, hiduplah seekor tupai,\n{NAME:P1}, yang tidak pernah memanjat pohon seumur hidupnya.	Pada suatu masa, jauh di dalam hutan tinggal seekor tupai,\n{NAME:P1}, yang tidak pernah memanjat pokok.	في أعماق الغابة، عاش سنجابٌ صغير يُدعى {NAME:P1}.\nلم يَتسلق أي شجرة في حياته.
boy.page.2	Every day he would gaze up at the tree tops,\ndreaming of all the wonderful adventures he might have up there.	Каждый день он вглядывался в вершины деревьев,\nмечтая о чудесных приключениях, которые ожидали его там, наверху.	Jeden Tag blickte er zum Wipfel der Bäume empor, wobei er\nvon den wundervollen Abenteuern träumte, die ihn dort oben erwarteten.	Chaque jour, il scrutait les cimes\nen rêvant aux merveilleuses aventures qui l'attendaient là-haut.	Ogni giorno guardava a lungo le cime degli alberi\ne sognava le belle avventure che avrebbe potuto vivere lassù.	Todos os dias, ele ficava observando o topo das árvores e sonhando\ncom todas as maravilhosas aventuras que poderia encontrar por lá.	Contemplaba las copas de los árboles todos los días,\nsoñando con las maravillosas aventuras que allí podría pergeñar.	毎日、​{NAME:P1}​は​木⁠の​てっぺん⁠を​見つめ、​そこ⁠に\nどんな⁠冒険⁠が​広がっ⁠て​いる​の⁠か⁠を​想像​し⁠ます。	Setiap hari dia melihat ke atas puncak pepohonan, memimpikan\nsemua petualangan seru yang mungkin bisa dia nikmati di atas sana.	Setiap hari dia akan merenung jauh ke puncak pokok, mengimpikan\nsemua pengembaraan hebat yang mungkin ditemuinya nun di atas.	كان يقضي أوقاته يُحدّق في قمم الأشجار العالية،\nيَحلم بِمُغامراتٍ مُثيرة في ذلك العالم المجهول.
boy.page.3	But the trees seemed so high and he was just too afraid.	Но деревья выглядели слишком высокими, и он боялся.	Aber die Bäume schienen so hoch zu sein, und er hatte zu viel Angst.	Mais les arbres semblaient trop grands et lui faisaient peur.	Ma gli alberi erano così alti, e lui aveva tanta paura!	Mas as árvores pareciam altas demais e ele tinha muito medo.	Pero los árboles parecían tan altos, y él tenía mucho miedo.	しかし、​木⁠は​とても⁠高く、\n​{NAME:P1}​は​怖く⁠て​登れ⁠ませ⁠ん⁠でし⁠た。	Tetapi pohon-pohon itu terlalu tinggi dan dia terlalu ketakutan.	Namun pokok-pokok itu kelihatan terlalu tinggi dan dia pula terlalu takut.	لكن الأشجار بدت له شاهقة للغاية، وكان الخوف يَتملّكه كلما فكّر في تسلّقها.
boy.page.4	One day, {NAME:P2} friends were happily playing\nin the highest tree in the forest.	Однажды друзья {NAME:P2} радостно играли\nна самом высоком дереве в лесу.	Eines Tages spielten die Freunde von {NAME:P1}\nfröhlich im höchsten Baum des Waldes.	Un jour, ses amis s’amusaient sur le plus grand arbre de la forêt.	Un giorno, gli amici di {NAME:P1} stavano\ngiocando sull’albero più alto della foresta.	Certo dia, os amigos do {NAME:P1} estavam\nbrincando felizes na árvore mais alta da floresta.	Un día, los amigos de {NAME:P1} estaban\njugando alegremente en el árbol más alto del bosque.	ある⁠日、​{NAME:P1}​の​友達⁠たち⁠が、\n森⁠で​一番​高い​木⁠の​上⁠で​遊ん⁠で​い⁠まし⁠た。	Suatu hari, teman-teman {NAME:P1} sedang riang\nbermain di pohon tertinggi yang ada di hutan itu.	Suatu hari, kawan-kawan {NAME:P1} bermain\ndengan gembira di atas pokok tertinggi di dalam hutan.	وفي أحد الأيام، كان أصدقاء {NAME:P1} يلعبون بِمرح في أعلى شجرة في الغابة.
boy.page.5	He wanted to join them so much that he decided to face his fear.	Он хотел поиграть с ними так сильно,\nчто решил встретиться со своим страхом лицом к лицу.	Er wollte so gerne mit ihnen spielen,\ndass er beschloss, sich seiner Angst zu stellen.	{NAME:P1} avait tellement envie de se joindre à eux\nqu'il décida de dompter sa peur.	A {NAME:P1} sarebbe piaciuto un sacco poter\ngiocare con loro, e così decise di affrontare la sua paura.	Ele queria tanto se juntar aos seus amigos que decidiu encarar seu medo.	Anhelaba tanto jugar con ellos que decidió enfrentar sus miedos.	{NAME:P1}​は、​どうしても⁠一緒⁠に​遊び⁠たかっ⁠た⁠ので、\nついに⁠高い​木⁠に​登る​怖⁠さ⁠に​立ち向かう​こと⁠に​し⁠まし⁠た。	Dia sangat ingin bergabung dengan mereka sehingga\ndia memutuskan untuk menghadapi rasa takutnya.	Dia amat ingin menyertai mereka sehingga dia\nmemutuskan untuk menghadapi ketakutannya.	أراد الانضمام إليهم، فَقرّر مُواجهة مخاوفه.
boy.page.6	So looking up, he took a deep breath, and bravely began to climb.	И вот, глядя наверх, он глубоко вдохнул\nи начал смело карабкаться по дереву.	Also blickte er nach oben, atmete tief\nein und begann mutig, den Baum hochzuklettern.	Il leva les yeux, pris une profonde inspiration et,\néquipé de tout son courage, se mit à grimper à l'arbre.	Guardò in alto, fece un gran respiro e, facendosi coraggio, cominciò a salire.	Olhando para cima, ele respirou fundo e,\ncorajosamente, começou a escalar.	Así que miró hacia arriba, respiró hondo y empezó a trepar valientemente.	木⁠を​見上げ、​深呼吸⁠を​し、\n​そして⁠勇気⁠を​出し⁠て​木⁠に​登り​始め⁠まし⁠た。	Dengan menatap ke atas, dia menarik napas dalam-dalam,\nlalu memberanikan diri mulai memanjat.	Maka sambil melihat ke atas, dia menghela nafas\nyang dalam dan mula memanjat dengan berani.	رفع رأسه نحو الأعلى، وأخذ نفسًا عميقًا، ثم بدأ بِتسلّق الشجرة بِشجاعة.
boy.page.7	At the first branch, {NAME:P1} met the wise old forest owl,\nresting after a busy night's hunting.	На самой нижней ветке {NAME:P1} встретил старую мудрую\nлесную сову, которая отдыхала после нелёгкой ночной охоты.	Auf dem untersten Ast traf {NAME:P1} eine alte weise Waldeule,\ndie sich nach einer anstrengenden nächtlichen Jagd ausruhte.	Sur la branche la plus basse {NAME:P1} rencontra un vieil hibou\nqui se reposait de sa longue nuit de chasse.	Al primo ramo, {NAME:P1} incontrò il vecchio gufo saggio,\nche stava facendo un riposino dopo una dura notte di caccia.	No primeiro galho, {NAME:P1} encontrou a velha\ne sábia coruja da floresta, descansando após uma longa noite de caça.	En la primer rama, {NAME:P1} se encontró con el sabio y anciano\nbúho del bosque descansando después de una ajetreada noche de caza.	最初⁠の​枝⁠で、​{NAME:P1}​は、​歳⁠を​とっ⁠た​賢い​フクロウ⁠に​会い⁠まし⁠た。\n昨日⁠の​夜⁠の​狩り⁠に​疲れ⁠て、​休ん⁠で​いる​よう⁠です。	Di dahan pertama, {NAME:P1} bertemu dengan burung hantu yang tua\ndan bijak, yang tengah beristirahat setelah sibuk berburu semalam suntuk.	Di dahan yang pertama, {NAME:P1} bertemu dengan burung hantu yang tua\ntetapi bijaksana, sedang berehat selepas sibuk berburu pada malamnya.	عند أوّل غصن في الشجرة، التقى {NAME:P1} بِبومة الغابة الحكيمة،\nالتي كانت تستريح بعد ليلةٍ طويلة من الصيد.
boy.page.8	“Good morning young squirrel, how are you today?” said the owl.	«Доброе утро, юный бельчонок! Как поживаешь?» – спросила сова.	„Guten Morgen, kleines Eichhörnchen! Wie geht es dir heute?“, fragte die Eule.	« Bonjour, petit écureuil ! Comment vas-tu ? » lui demanda le hibou.	«Buongiorno, giovane scoiattolo, come va?», chiese il gufo.	“Bom dia, esquilinho, tudo bem?”, disse a coruja.	“Buenos días, joven ardilla, ¿cómo estás hoy?” dijo el búho.	「おはよう、​若い​リス⁠ちゃん、​調子⁠は\nどう⁠じゃい⁠？」​フクロウ⁠は​言い⁠まし⁠た。	“Selamat pagi tupai muda, apa kabarmu hari ini?” sapa si burung hantu.	“Selamat pagi anak tupai, apa khabar kamu hari ini?” tanya burung hantu.	قالت البومة: ”صباح الخير أيها السنجاب الصغير، كيف حالُك اليوم؟“
boy.page.9	“Good morning, Mr Owl” replied {NAME:P1}, “This is the first time\nI've ever climbed a tree and I'm quite frightened.”	«Доброе утро, тётушка Сова, – ответил {NAME:P1}. – Я впервые\nлезу на дерево, и мне очень страшно».	„Guten Morgen, Herr Eule“, erwiderte {NAME:P1}.\n„Ich klettere zum ersten Mal auf einen Baum und habe ziemlich Angst.“	« Bonjour, Maître Hibou, répondit {NAME:P1}.\nC’est la première fois que grimpe à un arbre et j'ai très peur. »	«Buongiorno, signor gufo», rispose {NAME:P1}. «È la prima volta\nche mi arrampico su un albero e ho un po’ di paura».	“Bom dia, senhora coruja”, respondeu {NAME:P1}.\n“Esta é a primeira vez que subo em uma árvore e estou com muito medo.”	“Buenos días, señor búho”, contestó {NAME:P1}.\n“Esta es la primera vez que trepo a un árbol y estoy un poco asustado”.	「おはよう、​フクロウ⁠さん⁠！」​{NAME:P1}​は​言い⁠まし⁠た。\n「木⁠に​登る​の⁠が​初めて⁠で、​正直​とっても⁠怖い​ん⁠です」	“Selamat pagi, Pak Burung Hantu” jawab {NAME:P1},\n“Ini pertama kalinya aku memanjat pohon dan aku lumayan ketakutan.”	“Selamat pagi, En Burung Hantu” balas {NAME:P1},\n“Inilah kali pertama saya memanjat pokok dan saya agak ketakutan.”	أجابها {NAME:P1}: ”صباح الخير أيتها البومة.\nهذه هي المرة الأولى التي أَتسلّق فيها شجرة، وأنا خائفٌ قليلاً“.
boy.page.10	“Don't be afraid” said the wise old owl “Just climb one branch at a time.”	«Не бойся, – сказала старая мудрая\nсова. – Просто влезай на одну ветку за раз».	„Fürchte dich nicht“, sagte die alte weise Eule.\n„Klettere einfach nur von einem Ast zum nächsten.“	« N'aie pas peur, lui dit le vieux sage.\nIl te suffit de grimper une branche à la fois. »	«Non avere paura», rispose il vecchio gufo saggio.\n«Basta che sali su un ramo alla volta».	“Não tenha medo”, disse a velha e sábia coruja.\n“É só subir em um galho de cada vez.”	“No tengas miedo” dijo el sabio y anciano búho. “Salta una rama a la vez”.	「大丈夫⁠じゃ、​怖がる​こと⁠は​ない」​歳⁠を​とっ⁠た​賢い\nフクロウ⁠は​言い⁠まし⁠た。​「枝⁠を​目指し⁠て​登れ​ばいいん⁠じゃ⁠よ」	“Jangan takut” kata burung hantu yang tua dan bijak itu\n“Panjat saja dahannya satu per satu.”	“Jangan takut” kata burung hantu yang tua tetapi bijaksana itu\n“Panjat sahaja dahan itu satu demi satu.”	قالت له البومة الحكيمة: ”لا تَخف. اصعد غصنًا بِعد غصن“.
boy.page.11	“You will face many challenges in the tree, but keep going,\nfor when you get to the top you will receive a wonderful reward.”	«На дереве ты повстречаешь множество препятствий.\nНо продолжай лезть наверх, и тебя ждёт чудесное вознаграждение».	„Im Baum triffst du auf viele Hindernisse. Aber klettere immerzu weiter,\ndenn ganz oben erwartet dich eine wunderbare Belohnung.“	« Tu rencontreras de nombreux obstacles. Mais tu ne dois pas abandonner,\ntu dois continuer et une fois en haut tu seras bien récompensé. »	«Dovrai affrontare molte prove su questo albero, ma non fermarti.\nQuando sarai in cima, otterrai una grande ricompensa».	“Você vai encontrar muitos desafios pela árvore, mas não desista,\npois quando chegar ao topo, você vai receber uma recompensa maravilhosa.”	“Te enfrentarás a muchos desafíos en el árbol pero sigue avanzando,\ny cuando llegues a la cima obtendrás una maravillosa recompensa”.	「色々⁠な​挑戦⁠が​やってくる⁠じゃろ⁠う。​じゃが、​登り​続け​なさい。\n頂上⁠まで​続け⁠られる⁠と、​とても⁠すばらしい​もの⁠が​返っ⁠て​くる⁠よ」	“Kamu akan menghadapi banyak tantangan di pohon ini, tapi teruslah naik,\nkarena ketika sampai ke puncak, kamu akan menerima imbalan luar biasa.”	“Kamu akan menghadapi banyak cabaran di pokok ini, tapi teruslah memanjat,\nkerana ketika kamu tiba di puncak, kamu akan menerima ganjaran hebat.”	”ستُواجه العديد من العقبات في الشجرة، لكن استمر في التسلق،\nفعندما تصل إلى القمة ستحصل على مُكافأة رائعة“.
boy.page.12	“Thank you Mr Owl” replied {NAME:P1}, and he continued to climb.	«Спасибо, тётушка Сова», – ответил {NAME:P1} и полез дальше.	„Vielen Dank, Herr Eule“, antwortete {NAME:P1} und kletterte weiter.	« Merci, Maître Hibou, » lui répondit {NAME:P1}\navant de se remettre à grimper.	«La ringrazio, signor gufo», disse {NAME:P1}, e continuò a salire.	“Muito obrigado, senhora coruja”, respondeu {NAME:P1},\ne ele continuou a escalar.	“Gracias, señor búho”, contestó {NAME:P1} y continuó trepando.	「ありがとう、​フクロウ⁠さん」​{NAME:P1}​は​そう⁠返し、\nまた⁠頂上⁠に​向け⁠て​登り​始め⁠まし⁠た。	“Terima kasih, Pak Burung Hantu”\njawab {NAME:P1}, dan dia pun terus memanjat.	“Terima kasih En Burung Hantu” balas {NAME:P1}, dan dia terus memanjat.	أجاب {NAME:P1}: ”شكرًا لك، سيدتي البومة“، ثم أكمل طريقه صعودًا.
boy.page.13	At the second branch {NAME:P1} happened upon a big brown bear,\nlazily dozing after having eaten all the honey from the bees nest in the tree.	На второй ветке {NAME:P1} повстречал большого бурого медведя,\nлениво отдыхающего после того, как он съел весь мёд у пчёл на дереве.	Auf dem zweiten Ast traf {NAME:P1} einen Bären, der faulenzte,\nnachdem er all den Honig aus einem Bienennest am Baum gegessen hatte.	Sur la deuxième branche {NAME:P1} rencontra un grand ours brun\nqui somnolait, repu d’avoir mangé tout le miel de la ruche de l’arbre.	Al secondo ramo, {NAME:P1} trovò un enorme orso bruno che dormiva,\nsazio del miele che aveva trovato in un alveare sull’albero.	No segundo galho, {NAME:P1} encontrou um grande urso marrom,\ncochilando preguiçosamente depois de comer todo o mel da colmeia da árvore.	En la segunda rama, {NAME:P1} se topó con un gran oso pardo\ndormitando después de haberse comido toda la miel de la colmena del árbol.	二つ⁠目⁠の​枝⁠の​ところ⁠で、​{NAME:P1}​は、​この⁠木⁠に​あっ⁠た​ハチミツ⁠を\n全部​食べ⁠て、​寝⁠て​い⁠た​茶色⁠の​大きい​クマ⁠に​出会い⁠まし⁠た。	Di dahan kedua {NAME:P1} bertemu beruang cokelat besar,\nyang terkantuk-kantuk setelah memakan semua madu dari sarang lebah di pohon itu.	Di dahan yang kedua {NAME:P1} tersua beruang perang yang besar,\ntidur kemalasan selepas memakan madu daripada sarang lebah di pokok ini.	عند الغصن الثاني، وَجد {NAME:P1} دُبًا بُنيًا كبيرًا يَغُطُّ\nفي نومٍ عميق بعد أن أكل كل العسل من خَلية النحل في الشجرة.
boy.page.14	“Go back squirrel!” Said the bear. “I'm about to have a snooze.\nMy belly is filled to bursting and I will not be moved.”	«Возвращайся назад, бельчонок, – сказал медведь. – Я собираюсь поспать.\nМой живот переполнен, и я не сдвинусь с места».	„Geh zurück, Eichhörnchen“, sagte der Bär. „Ich möchte schlafen.\nMein Bauch ist so voll vom Honig, dass ich mich nicht rühren kann.“	« Passe ta route, petit écureuil, dit l’ours. C'est l'heure de ma sieste.\nJ’ai bien mangé et il est hors de question que je bouge. »	«Gira al largo, scoiattolo», brontolò l’orso. «Devo fare il mio sonnellino.\nHo la pancia piena e non ho intenzione di muovermi da qui».	“Por aqui, não, esquilo!”, disse o urso. “Agora é hora do meu cochilo.\nMinha barriga está cheia a ponto de estourar e não vou sair daqui.”	“¡Vuelve, ardilla!” dijo el oso. “Estoy a punto de dormir una siesta.\nMi barriga está tan llena que va a reventar, y no me moveré”.	「戻り⁠な、​リス⁠！」​クマ⁠が​言い⁠まし⁠た。\n「食べ​過ぎ⁠て​動け⁠ない⁠から、​もう⁠一⁠回⁠寝る​ところ⁠な​ん⁠だ」	“Kembalilah, tupai!” Kata si beruang. “Aku akan tidur sebentar.\nPerutku kekenyangan dan aku tidak bisa diganggu.”	“Pergi balik tupai!” Kata beruang. “Saya baru saja ingin tidur.\nPerut saya kekenyangan dan saya tidak akan beralih.”	قال الدب: ”عُد من حيث أتيت أيها السنجاب! أنا على وشك النوم.\nبطني ممتلئة للغاية ولن أتحرك“.
boy.page.15	“How can I get past?” {NAME:P1} wondered.	«Но как мне пройти?» – задумался {NAME:P1}.	„Wie komme ich hier nur vorbei?“, fragte sich {NAME:P1}.	« Mais comment vais-je passer ? » se demanda {NAME:P1}.	«Come farò a passare?», si chiese {NAME:P1}.	“Então como faço para passar?”, perguntou {NAME:P1}.	“¿Cómo podría pasar?” se preguntó {NAME:P1}.	「どう⁠やっ⁠て​通ろ⁠う⁠？」\n​{NAME:P1}​は​考え⁠ます。	“Bagaimana aku bisa lewat?” {NAME:P1} bertanya-tanya.	“Bagaimana saya dapat lalu?” {NAME:P1} tertanya-tanya.	تساءل {NAME:P1}: ”كيف لي أن أَمُر من هنا؟“
boy.page.16	{NAME:P1} noticed the bear's big, bulging belly,\n'That looks very bouncy' he thought to himself.	Бельчонок обратил внимание на большой, раздутый живот медведя.\n«Выглядит очень упругим», – подумал он.	{NAME:P1} bemerkte den großen aufgeblähten Bauch des Bären.\n„Der sieht ein wenig wie eine Hüpfburg aus“, dachte er.	{NAME:P1} observa la bedaine rebondie de l’ours.\n« Il m’a l’air bien ferme ce ventre, » se dit-il.	{NAME:P1} osservò l’enorme pancia\ndell’orso e pensò: «Lì ci si rimbalzerebbe bene».	{NAME:P1} percebeu a barriga grande e protuberante do urso.\n“Isso parece bom para pular”, ele pensou.	{NAME:P1} se fijó en la enorme\ne hinchada barriga del oso. “Parece inflada”, pensó.	{NAME:P1}​は​クマ⁠の​ポッコリ​膨らん⁠だ​お腹⁠に​気がつき⁠まし⁠た。\n「あれ⁠は​すごく​跳ね⁠そう⁠だ⁠なあ」​{NAME:P1}​は​一⁠人⁠で​考え⁠ます。	{NAME:P1} melihat perut si beruang yang besar dan buncit,\n'Kelihatannya empuk sekali' ujarnya dalam hati.	{NAME:P1} ternampak perut beruang yang besar dan membonjol,\n'Perut itu nampaknya boleh melantun' dia berfikir dalam hati.	نظر {NAME:P1} إلى بَطن الدب الكبيرة البارزة،\nوقال في نفسه: ’يبدو أنها مُرتفعة جدًا‘.
boy.page.17	{NAME:P1} dived onto the bear's giant, bouncy belly\nas though it was an enormous trampoline.	{NAME:P1} прыгнул на огромный, упругий живот медведя,\nкак будто это был большущий трамплин.	{NAME:P1} sprang auf den riesigen elastischen Bauch des Bären,\nals ob er ein großes Trampolin wäre.	{NAME:P1} a sauté sur le ventre énorme\net ferme de l’ours, comme si c’était un grand trampoline.	{NAME:P1} saltò sulla pancia dell’orso\ncome se fosse stato un gigantesco trampolino.	{NAME:P1} pulou na barriga gigante\ndo urso como se fosse um enorme trampolim.	{NAME:P1} se zambulló sobre la imponente barriga del oso\ncomo si fuera un enorme trampolín.	{NAME:P1}​は​クマ⁠の​大きな⁠お腹⁠に​飛び込み⁠まし⁠た。\nボヨンボヨン​跳ね⁠て、​まるで⁠巨大⁠な​トランポリン⁠の​よう⁠です。	{NAME:P1} melompat ke perut si beruang yang besar\ndan buncit seolah perut itu trampolin raksasa.	{NAME:P1} terjun ke atas perut beruang yang besar\ndan boleh melantun itu seolah-olah perutnya trampolin yang besar.	قفز {NAME:P1} على بَطن الدب الكبيرة المُرتفعة وكأنها ترامبولين ضخم.
boy.page.18	“Yippee! Not today Mr Bear!” {NAME:P1} shouted,\nas he bounced high up into the tree.	«Эгегей! Не сегодня, сеньор медведь!» – крикнул {NAME:P1},\nвзлетая высоко на дерево.	„Jippie! Heute nicht, Herr Bär!“,\nrief {NAME:P1} und sprang hoch in die Baumkronen.	« Eh bien non ! Pas aujourd’hui, monsieur l’ours ! »\ncria {NAME:P1} en rebondissant bien haut vers la branche suivante.	«Non mi fermerai, signor orso!», gridò {NAME:P1}, volando in alto.	“Uhull! Obrigado, senhor urso!”, disse {NAME:P1}\nenquanto saltava para uma parte mais alta da árvore.	“¡Yupiiii! ¡Discúlpeme, señor oso!”\ngritó {NAME:P1} mientras saltaba hacia la rama más alta.	「イェーイ⁠！⁠今日⁠は​ごめん⁠よ​クマ⁠さん⁠！」​{NAME:P1}​は\n高い​ところ⁠まで​跳ね上がり⁠ながら​叫び⁠まし⁠た。	“Horeee! Tidak hari ini, Pak Beruang!”\n{NAME:P1} berteriak, sambil melenting di udara dan hinggap di pohon.	“Hore! Bukan hari ini En Beruang!”\n{NAME:P1} menjerit, sambil dia melantun tinggi di pokok itu.	صاح {NAME:P1} وهو يَرتفع في الهواء: ”يا سلام! ليس اليوم يا سيدي الدب!“
boy.page.19	At the next branch, {NAME:P1} saw\na slippery, slithering snake coiled around the tree.	На следующей ветке {NAME:P1} увидел гладкую, скользкую змею,\nсвернувшуюся кольцами вокруг дерева.	Auf dem nächsten Ast sah {NAME:P1} eine glitschige\nSchlange, die sich um den Baum wand.	{NAME:P1} se trouva alors nez à nez avec\nun long serpent lisse enroulé autour de l’arbre.	Al ramo successivo, {NAME:P1} si trovò dinanzi a un liscio,\nviscido serpente arrotolato intorno all’albero.	No próximo galho, {NAME:P1} viu uma cobra enrolada\nna árvore, ziguezagueando e deslizando pelo galho.	En la siguiente rama, {NAME:P1} vio\nuna reptante serpiente enroscada en el árbol.	次⁠の​枝⁠の​とこ⁠で⁠は、​{NAME:P1}​は​木⁠に​体⁠を​巻き​つけ⁠て​いる、\nなめらか⁠な​肌⁠を​し⁠た​ヘビ⁠に​会い⁠まし⁠た。	Di dahan berikutnya, {NAME:P1} melihat ular yang licin\ndan melata yang melilit pohon.	Di dahan seterusnya, {NAME:P1} melihat ular yang licin\ndan menjalar berlingkar di pokok.	عند الغصن التالي، رأى {NAME:P1} أفعى زَلقة مُلتفّة حول الشجرة.
boy.page.20	“Mmm, fresh squirrel, my favourite” hissed the snake.\n“I haven't eaten all morning and I'm very hungry.”	«Ммм, свеженькая белочка, моя любимая, – прошипела\nзмея. – Я не ела с утра, и я очень голодна».	„Mh, ein frisches Eichhörnchen, meine Lieblingsspeise“, zischte die Schlange.\n„Ich habe heute noch nichts gegessen und bin sehr hungrig.“	« Miam, un écureuil, mon plat favori, siffla le serpent.\nJe n'ai pas mangé ce matin et j'ai très faim. »	«Mmm, uno scoiattolo fresco di giornata… il mio piatto preferito»,\nsibilò il serpente. «Non ho ancora fatto colazione, e ho un certo appetito».	“Humm, esquilo fresco, meu favorito”, silvou a cobra.\n“Não comi nada a manhã toda e estou morrendo de fome.”	“Mmm, ardilla fresca, mi favorita”, siseo la serpiente.\n“No he comido nada en toda la mañana y tengo mucha hambre”.	「ん​ーー、​うま⁠そう⁠な​リス、​私⁠の​好物」​ヘビ⁠が​シャー⁠っと​言い​ま\nし​た。​「朝⁠から​何⁠も​食べ⁠て​なく⁠て、​とっても⁠お腹⁠が​空い​てる​ん⁠だ」	“Mmm, tupai segar, favoritku” si ular berdesis.\n“Sejak pagi aku belum makan dan sekarang lapar sekali.”	“Mmm, tupai segar, memang kegemaran saya” desis ular.\n“Aku belum makan sejak pagi dan aku sangat lapar.”	”ممم، سنجابٌ طازج، وجبتي المُفضلة. لم آكل شيئًا طوال الصباح وأنا جائعٌ جدًا“.
boy.page.21	As the snake lunged, {NAME:P1} bravely leaped into the air\nand grabbed onto the snake’s tail.	Змея сделала выпад, но {NAME:P1} смело прыгнул в воздух\nи ухватился за змеиный хвост.	Die Schlange schnellte nach vorne, aber {NAME:P1} sprang\nmutig in die Luft und griff den Schwanz der Schlange.	Le serpent se précipita mais {NAME:P1} fit un bond dans les airs\net se rattrapa à la queue du reptile.	Il serpente balzò in avanti, ma {NAME:P1} si lanciò\nnel vuoto e lo afferrò per la lunga coda.	Quando a cobra avançou, {NAME:P1} saltou\ncorajosamente no ar e agarrou-se à cauda da cobra.	Cuando la serpiente se abalanzó, {NAME:P1} saltó en el aire\ny se agarró valientemente de la cola de la serpiente.	ヘビ⁠が​突っ込ん⁠で​き⁠た​時、​{NAME:P1}​は​勇敢⁠に​空中⁠に\nジャンプ​し、​ヘビ⁠の​シッポ⁠に​つかまり⁠まし⁠た。	Saat si ular menyerang, {NAME:P1} dengan berani\nmelompat di udara dan menyambar ekor si ular.	Ketika ular itu menerpa, {NAME:P1} dengan berani\nmelompat ke udara dan berpegang pada ekor ular itu.	عندما انقضّت الأفعى على {NAME:P1}، قفز بِشجاعة في الهواء وأمسك بِذيلها.
boy.page.22	“Take that, Mr Snake, ha ha!” {NAME:P1} yelled,\nas he skillfully swung around the branch and even higher up the tree.	«А вот тебе, змея, ха-ха!» – завопил {NAME:P1},\nловко перекрутившись вокруг ветки и бросившись наверх.	„Nicht mit mir, Schlange, ha, ha!“, rief {NAME:P1},\nals er sich geübt um den Ast schwang und noch höher den Baum hochsprang.	« Voilà pour toi, vilain serpent ! » cria {NAME:P1} en agrippant habilement\nla branche suivante et en grimpant encore plus haut.	«Beccati questo, signor serpente! Ah ah!»,\ngridò {NAME:P1}, dandosi lo slancio e volando verso l’alto.	“Fique com essa, senhora cobra, ha ha!”, gritou {NAME:P1}\nenquanto subia até um galho ainda mais alto da árvore.	“¡Qué tal esto, señora serpiente, ja, ja!” gritó {NAME:P1} girando\nhábilmente alrededor de la rama, elevándose por el árbol.	「ハッ⁠ハー⁠！⁠残念、​ヘビ⁠さん⁠！」​{NAME:P1}​は​枝⁠で\n高く​スイング​し⁠て​飛び上がる​準備⁠を​し⁠ながら、​叫び⁠まし⁠た。	“Rasakanlah, Pak Ular, ha ha!” {NAME:P1} berteriak,\nsaat dia dengan gesit berayun-ayun di dahan dan semakin tinggi di pohon.	“Rasakan, En Ular, ha ha!” {NAME:P1} menjerit, sambil dia mengayun\ndiri dengan mahir di sekeliling dahan malahan naik lebih tinggi lagi.	صاح {NAME:P1} وهو يَتأرجح بِمهارة حول الغصن\nويَصعد إلى أعلى: ”تَلقّي هذه أيتها الأفعى، هاها!“
boy.page.23	When he landed {NAME:P1} was standing beside a bustling bees nest.\nThere was honey all over the branch.	{NAME:P1} приземлился прямо возле шебуршащего\nпчелиного гнезда. По всей ветке был размазан мёд.	Als er landete, stand {NAME:P1} direkt neben einem summenden Bienennest.\nDer ganze Ast war mit Honig beschmiert.	{NAME:P1} atterrit alors juste à côté d'un nid d'abeilles affairées.\nLa branche était recouverte de miel.	Quando giunse sul ramo successivo, {NAME:P1} vide un alveare\nin cui c’era un gran viavai. C’era miele su tutto il ramo.	Chegando no outro galho, {NAME:P1} foi parar ao lado\nde uma colmeia movimentada. Havia mel espalhado por todo o galho.	Cuando aterrizó, {NAME:P1} estaba junto\na una alborotada colmena. Había miel por toda la rama.	{NAME:P1}​は、​ブンブン⁠ブンブン⁠音⁠を​立てる​ハチ⁠の\n巣⁠の​横⁠に​着地​し⁠まし⁠た。​枝⁠中、​ハチミツ⁠だらけ⁠です。	Saat mendarat, {NAME:P1} berdiri di samping sarang lebah\nyang sibuk. Madu berleleran di seluruh dahan.	Apabila dia mendarat, {NAME:P1} sedang berdiri di tepi sarang lebah\nyang sibuk. Madu berlumuran di atas seluruh dahan itu.	عندما هبط {NAME:P1} على الغصن التالي، وَجد نفسه بجانب خَلية نحل مُزدحمة.\nكان العسل يَتدفق من الخَلية ويُغطي الغصن بِالكامل.
boy.page.24	“Turn back, young squirrel!” they buzzed, “A bear has pinched all our honey,\nwe're very angry and you may get stung if you come by us today.”	«Возвращайся назад, бельчонок, – зажужжали пчёлы. – Медведь украл весь\nнаш мёд. Мы очень злые, и ужалим тебя, если ты пройдёшь мимо нас».	„Zurück, Eichhörnchen“, summten die Bienen. „Der Bär hat unseren Honig\ngestohlen. Wir sind sehr böse und stechen dich, wenn du weitergehst.“	« Fais demi-tour, petit écureuil, bourdonnèrent les abeilles.\nL'ours a volé notre miel et nous te piquerons si tu t’approches. »	«Vattene, scoiattolo!», ronzarono le api. «Un orso ci ha rubato tutto il miele,\ne noi siamo piuttosto nervose. Se ti avvicinerai, ti pungeremo!»	“Saia, esquilo”, as abelhas zumbiram. “Um urso pegou todo o nosso mel,\nestamos muito zangadas e podemos te picar se você passar por nós hoje.”	“Vuelve, joven ardilla”, zumbaban. “Un oso nos ha robado toda la miel,\nestamos furiosas y te picaremos si te acercas”.	「帰り⁠な​リス⁠ちゃん」​ハチ⁠は​言い⁠まし⁠た。​「クマ⁠に​全て⁠の​ハチミツ⁠を\n食べ⁠られ⁠て​機嫌⁠が​悪い⁠から、​近づか⁠れる⁠と​刺し​ちゃう⁠かも​しれ⁠ねえ」	“Pergi, tupai muda!” mereka berdengung, “Seekor beruang mengambil semua\nmadu kami, kami marah dan kamu mungkin tersengat kalau ke sini hari ini.”	“Pergi balik, tupai!” mereka berdengung, “Beruang curi semua madu kami,\nkami amat marah dan mungkin menyengat kamu jika lalu di sini hari ini.”	”عُد من حيث أتيت أيها السنجاب الصغير!“ قالَت النحلات بِغضب،\n”لقد سرق الدب كل عسلنا، ونحن غاضبون جدًا وقد نَلدغك اليوم“.
boy.page.25	“How can I get through?” {NAME:P1} wondered.	«Но как же мне пройти?» – подумал {NAME:P1}.	„Wie komme ich hier nur vorbei?“, fragte sich {NAME:P1}.	« Comment faire pour passer ? » se demanda {NAME:P1}.	«Che cosa posso fare?», si domandò {NAME:P1}.	“Como eu vou fazer para passar?”, {NAME:P1} se perguntou.	“¿Cómo podría pasar?” se preguntó {NAME:P1}.	「どう⁠やっ⁠て​通ろ⁠う⁠？」\n​{NAME:P1}​は​考え⁠ます。	“Bagaimana aku bisa melewati mereka?” {NAME:P1} bertanya-tanya.	“Bagaimanakah saya dapat lalu?” {NAME:P1} tertanya-tanya.	تساءل {NAME:P1}: ”كيف لي أن أَمُر من هنا؟“
boy.page.26	Just then, he noticed a big pile of brown and yellow leaves on the branch.	И в этот момент он заметил большой ворох коричневых\nи жёлтых листьев на ветке.	In diesem Augenblick bemerkte er auf dem Ast\neinen großen Haufen brauner und gelber Blätter.	Il remarqua alors un tas de feuilles brunes\net jaunes sur une branche plus basse.	Notò in quel momento delle foglie marroni e gialle su un ramo.	Até que ele notou uma grande pilha de folhas marrons e amarelas no galho.	Justo en ese momento vio\nun montón de hojas marrones y amarillas en la rama.	その⁠時、​{NAME:P1}​は​枝⁠の​上⁠に、​黄色⁠と​茶色⁠の\n葉っぱ⁠の​山⁠が​ある​こと⁠に​気がつき⁠まし⁠た。	Saat itu, dia melihat tumpukan daun berwarna cokelat dan kuning di dahan itu.	Tiba-tiba sahaja, dia ternampak setimbunan besar\ndaun berwarna perang dan kuning di dahan itu.	في تلك اللحظة، لَاحظ كومةً كبيرةً من أوراق الشجر البُنية والصفراء على الغصن.
boy.page.27	Sticking the leaves all over himself with honey,\n{NAME:P1} cunningly disguised himself as a bee.	{NAME:P1} вывалялся в листьях с ног до головы, обмазавшись мёдом,\nи таким образом искусно замаскировался под пчелу.	{NAME:P1} bestrich sich mit Honig, wälzte sich von Kopf\nbis Fuß in den Blättern und verkleidete sich listig als Biene.	{NAME:P1} se couvrit de feuilles en utilisant le miel\npour colle et le petit écureuil rusé se retrouva déguisé en abeille.	E così gli venne un’idea. {NAME:P1} decise di travestirsi\nda ape: usò il miele come colla, e si incollò le foglie sul pelo.	Colando as folhas por todo o seu corpo com mel,\n{NAME:P1} disfarçou-se astuciosamente de abelha.	Con la miel pegoteó las hojas sobre todo su cuerpo;\nastuto, {NAME:P1} se hizo pasar por una abeja.	その⁠葉っぱ⁠を​ハチミツ⁠で​体⁠中⁠に​くっつけ⁠ます。	Dengan merekatkan dedaunan ke tubuhnya menggunakan madu,\n{NAME:P1} dengan cerdik menyamar menjadi lebah.	Dengan melekatkan semua daun di badannya dengan madu,\n{NAME:P1} menyamar diri dengan licik sebagai lebah.	قام {NAME:P1} بِإلصاق الأوراق على جسمه بِالعسل، وتنكّر بِزيّ نحلة.
boy.page.28	“Buzz buzz, I'm a real bee, a very real bee, buzz buzz” {NAME:P1} said,\nas he carefully crept through the swarm.	«Ж-ж-ж, я настоящая пчела, самая настоящая пчела, ж-ж-ж», – пропел\n{NAME:P1}, осторожно прокравшись сквозь пчелиный рой.	„Sssumm, ich bin eine Biene, eine wirklich echte Biene, sssumm“,\nsummte {NAME:P1} und schlich vorsichtig durch den Bienenschwarm.	« Bzz-bzz, je suis une vraie abeille, une vraie abeille, bzz, »\nchanta {NAME:P1} en traversant l’essaim avec précaution.	«Bzz-bzz, sono un’ape, una vera ape, bzz-bzz»,\ndisse {NAME:P1}, passando con cautela in mezzo allo sciame.	“Buzz buzz, eu sou uma abelha de verdade, buzz buzz”, disse {NAME:P1}\nenquanto ele rastejava cuidadosamente através das abelhas.	“Buzz buzz, soy una abeja real, una abeja muy real, buzz buzz” zumbaba\n{NAME:P1} mientras avanzaba cautelosamente a través del enjambre.	「ブンブン、​私⁠は​本物⁠の​ハチ⁠だ。​本物⁠の​ハチ⁠だ、​ブンブン」\n{NAME:P1}​は​ハチ⁠の​群れ⁠の​中⁠を​そっと⁠進み⁠ながら​言い⁠まし⁠た。	“Ngung ngung, aku lebah sebenarnya, lebah yang sangat asli, ngung ngung”\nkata {NAME:P1}, sambil dengan hati-hati melewati kerumunan lebah.	“Ngung ngung, saya lebah sebenar, lebah yang betul-betul, ngung ngung”\n{NAME:P1} berkata sambil hati-hati merangkak melalui kawanan lebah.	قال {NAME:P1} وهو يَزحف بِحذر بين النحل:\n”وزز وزز، أنا نحلة حقيقية، نحلة حقيقية جدًا، وزز وزز“.
boy.page.29	Surprisingly, the bees seemed convinced by {NAME:P2} disguise\nand left him alone as he pressed on further up the tree.	Удивительно, но пчёлы поверили в то, что {NAME:P1} был пчелой, и\nоставили его в покое, а {NAME:P1} пробрался дальше вверх по дереву.	Erstaunlicherweise glaubten die Bienen, dass {NAME:P1} eine von ihnen war,\nund ließen ihn in Ruhe, als er höher kletterte.	Étonnamment, les abeilles crurent\nque {NAME:P1} était un des leurs et le laissèrent grimper plus haut.	Le api sembrarono convinte che {NAME:P1} fosse uno di loro\ne lo lasciarono passare. E così lo scoiattolino continuò a salire.	Surpreendentemente, as abelhas ficaram convencidas com o disfarce\ndo {NAME:P1} e o deixaram em paz enquanto ele subia na árvore.	Sorprendentemente, {NAME:P1} engañó a las abejas\ncon su disfraz y se alejaron de él mientras seguía subiendo por el árbol.	驚い⁠た​こと⁠に、​ハチ⁠たち⁠は​{NAME:P1}​の​変装⁠に​気づい⁠て​おら⁠ず、\n{NAME:P1}​が​また⁠木⁠を​登ろ⁠う⁠として⁠も​何⁠も​し⁠て​き⁠ませ⁠ん⁠でし⁠た。	Mengejutkannya, para lebah itu terlihat percaya dengan penyamaran\n{NAME:P1} dan membiarkannya terus naik ke atas pohon.	Yang hairannya, lebah-lebah itu nampak yakin dengan penyamaran\n{NAME:P1} dan membiarkannya ketika dia terus memanjat pokok lebih tinggi.	والمُفاجئ أن النحل صدّق تنكّر {NAME:P1} وتركوه يَمُر دون أن يُؤذوه.
boy.page.30	At the next branch {NAME:P1} met a woodpecker,\npecking a cozy little nest in the tree for his young family.	На следующей ветке бельчонок повстречал дятла, который\nвыдалбливал клювом уютное маленькое гнездышко для своей семьи.	Auf dem nächsten Ast traf {NAME:P1} einen Specht, der mit dem Schnabel\nein gemütliches kleines Nestchen für seine Familie baute.	Sur la branche suivante {NAME:P1} découvrit un pivert\nqui creusait avec son bec un petit nid douillet pour sa famille.	Al ramo successivo, {NAME:P1} incontrò un picchio\nche stava preparando un piccolo nido per la sua famiglia.	No próximo galho, {NAME:P1} encontrou um pica-pau. Ele estava\nbicando a árvore e construindo um ninho aconchegante para a sua família.	En la siguiente rama, {NAME:P1} se encontró con un pájaro carpintero\nque construía un acogedor nido en el árbol para su joven familia.	次⁠の​枝⁠の​ところ⁠で⁠は、​{NAME:P1}​は、​木⁠を​つつい⁠て​小さな\n家族⁠の​ため⁠に​快適⁠な​巣⁠を​作っ⁠て​いる、​キツツキ⁠に​出会い⁠まし⁠た。	Di dahan berikutnya, {NAME:P1} bertemu dengan burung pelatuk,\nyang sedang mematuk sarang kecil nyaman untuk keluarga mudanya.	Di dahan seterusnya {NAME:P1} bertemu belatuk,\nmematuk sarang kecil yang selesa untuk keluarganya.	عند الغصن التالي، التقى {NAME:P1} بِطائر نَقّار الخَشب\nالذي كان يَنقر عُشًا صغيرًا لِعائلته في الشجرة.
boy.page.31	By this time he was very tired\nand was wondering if he would ever reach the top.	К этому времени {NAME:P1} уже сильно устал и сомневался,\nчто сможет добраться до вершины.	Inzwischen war er sehr müde geworden und fragte sich,\nob er jemals den Wipfel erreichen würde.	Il se faisait tard et {NAME:P1} était très fatigué.\nIl ne savait pas s’il pourrait atteindre le sommet de l’arbre.	Ma si sentì improvvisamente stanchissimo.\nSarebbe mai riuscito ad arrivare in cima?	A essa altura, ele estava muito cansado\ne na dúvida se conseguiria chegar ao topo da árvore algum dia.	Al llegar allí estaba muy cansado\ny comenzó a dudar sobre si realmente podría llegar a la cima.	この⁠時、​{NAME:P1}​は、​もう⁠クタクタ⁠で、​本当に\n頂上⁠まで​行ける​の⁠か​どう⁠か⁠も​わかり⁠ませ⁠ん⁠でし⁠た。	Saat ini dia sangat lelah dan penasaran\napakah dia bisa sampai ke puncak pohon.	Ketika ini dia sudah terlalu letih dan tertanya-tanya\nsama ada dia akan dapat sampai ke puncak.	في هذه الأثناء، كان يشعر بالتعب الشديد،\nويتساءل عما إذا كان سيصل إلى قمة الشجرة يومًا ما.
boy.page.32	“Could I rest here for a while, Mr Woodpecker?” asked {NAME:P1}.\n“I'm very weary and I'm trying to climb all the way to the top of the tree.”	«Можно мне отдохнуть здесь немного, господин Дятел?\nЯ очень устал, а мне нужно забраться на самую верхушку дерева».	„Darf ich mich hier etwas ausruhen, Herr Specht?“, fragte {NAME:P1}.\n„Ich bin sehr müde und muss noch bis zur Krone klettern.“	« Puis-je me reposer un peu ici, monsieur le pivert ? lui demanda\n{NAME:P1}. Je suis fatigué mais je dois aller au sommet de l’arbre. »	«Signor picchio, non è che potrei riposarmi qui un momento?»,\nchiese {NAME:P1}. «Sono tanto stanco e devo arrivare lassù in cima».	“Eu poderia descansar aqui um pouco, senhor pica-pau?”, perguntou\n{NAME:P1}. “Estou muito exausto e tentando subir até o topo da árvore.”	“¿Podría descansar aquí, señor pájaro carpintero?” preguntó {NAME:P1}.\n“Estoy muy cansado y quiero trepar hasta lo más alto del árbol”.	「キツツキ⁠さん、​ここ⁠で​少し⁠休ん⁠で⁠も​いい⁠？」​{NAME:P1}​は\n聞き⁠まし⁠た。​「頂上⁠まで​行き⁠たい​ん⁠だ⁠けど、​今⁠は​クタクタ⁠な​ん⁠だ」	“Bisakah aku beristirahat di sini sebentar, Pak Burung Pelatuk?” tanya\n{NAME:P1}. “Aku sangat lelah dan mencoba memanjat sampai ke puncak.”	“Bolehkah saya berehat di sini sebentar, En Belatuk?” tanya {NAME:P1}.\n“Saya amat penat dan cuba memanjat jauh hingga ke puncak pokok.”	سأل {NAME:P1} طائر نقّار الخَشب: ”هل يُمكنني الراحة هنا لِبُرهة؟ أنا مُرهق جدًا،\nوأُحاول مُنذ وقتٍ طويل الوصول إلى قمة الشجرة“.
boy.page.33	“I'm afraid my nest is only small” said the woodpecker,\n“way too small for a squirrel.”	«Боюсь, моё гнездо маловато, – ответил дятел. – Слишком мало для белки».	„Ich fürchte, mein Nest ist zu klein“, erwiderte der Specht.\n„Viel zu klein für ein Eichhörnchen.“	« Je crains que mon nid ne soit trop petit\npour un écureuil, » lui répondit le pivert.	«Temo che il mio nido sia troppo piccolo per uno scoiattolo», disse il picchio.	“Acho que o meu ninho é muito pequeno”,\ndisse o pica-pau, “pequeno demais para um esquilo.”	“Me temo que mi nido es pequeño”\ndijo el pájaro carpintero, “muy pequeño para una ardilla”.	「この⁠巣⁠は​とっても⁠小さい​ん⁠だ⁠よ⁠ね」​キツツキ⁠は​言い⁠まし⁠た。\n「リス⁠の​体⁠に⁠は​小さ​すぎる⁠と​思う⁠なあ」	“Aku rasa sarangku kecil” ujar si burung pelatuk,\n“terlalu kecil untuk seekor tupai.”	“Saya risau sarang saya terlalu kecil” kata belatuk,\n“terlalu kecil untuk seekor tupai.”	أجاب نقّار الخَشب: ”أخشى أن عُشي صغير جدًا، لا يَتّسع لِسنجاب“.
boy.page.34	“Oh no, what shall I do?” Replied {NAME:P1}, “I'm so tired\nand I need to climb even further if I'm going to reach the top.”	«О нет! Что же мне делать? – воскликнул {NAME:P1}. – Я так устал,\nи мне нужно ещё карабкаться, если я хочу достичь вершины».	„Oh nein! Was soll ich jetzt machen?“ erwiderte {NAME:P1}.\n„Ich bin so müde und muss noch klettern, wenn ich den Wipfel erreichen will.“	« Oh non ! Que faire ? s’exclama {NAME:P1}. Je suis si fatigué\net je dois continuer à grimper, si je veux arriver au sommet. »	«Oh. E adesso che faccio?», esclamò {NAME:P1}.\n«Sono così stanco, e la salita è ancora lunga…»	“Ah, não, e agora, o que eu faço?”, respondeu {NAME:P1}.\n“Estou tão cansado e preciso subir ainda mais alto se quiser chegar ao topo.”	“Oh, ¿qué puedo hacer?” replicó {NAME:P1}. “Estoy muy cansado\ny me queda aún un largo trecho que trepar para llegar hasta la cima”.	「ああ、​なら​どう⁠しよ⁠う」​{NAME:P1}​は​言い⁠まし⁠た。​「本当に\n疲れ⁠た⁠し、​もし⁠頂上⁠まで​行く⁠なら、​もっと⁠登ら⁠なきゃ​いけ⁠ない⁠し」	“Oh tidak, apa yang harus kulakukan?” Jawab {NAME:P1}, “Aku sangat lelah\ndan harus memanjat lebih tinggi lagi untuk sampai ke puncak.”	“Oh tidak, apakah yang patut saya buat?” Balas {NAME:P1}, “Saya amat letih\ndan perlu memanjat lebih tinggi jika hendak sampai ke puncak.”	قال {NAME:P1} بِقلق: ”ماذا أفعل؟ أنا مُتعب جدًا،\nولا يزال أمامي مَسافة طويلة لِلوصول إلى القمة“.
boy.page.35	“Hm. There are lots of fresh chestnuts on this tree. If you can find them\nthey will give you the energy you need to continue.”	«Хм. На этом дереве полно орехов. Если найдёшь их,\nони придадут тебе сил, чтобы добраться до верха».	„Hm. Dieser Baum ist voller Kastanien.\nWenn du sie findest, geben sie dir Kraft, um den Wipfel zu erreichen.“	« Cet arbre est couvert de châtaignes. Si tu les trouves,\nelles te donneront la force d’aller au sommet, » lui confia l’oiseau.	«Questo albero è pieno di castagne. Se ti fermi a mangiarne qualcuna,\navrai tutta l’energia di cui hai bisogno per la tua arrampicata».	“Hum. Há muitas castanhas frescas nesta árvore.\nSe você conseguir encontrá-las, você terá energia suficiente para continuar.”	“Mmmm. Hay muchas castañas frescas en este árbol.\nSi puedes encontrarlas te darán la energía que necesitas para continuar”.	「ん​ー、​この⁠木⁠に⁠は​新鮮⁠な​くるみ⁠が​たくさん​ある⁠から、\nそれ⁠を​見つけ⁠て​食べ⁠られ⁠たら、​また⁠登る​元気⁠が​出る⁠と​思う⁠よ」	“Hm. Di pohon ini banyak kastanye segar. Kalau kamu bisa menemukannya,\nkamu akan mendapatkan energi untuk melanjutkan perjalanan.”	“Hm. Ada banyak buah berangan segar di atas pokok ini. Jika kamu\ndapat mencarinya, kamu akan mendapat tenaga untuk terus memanjat.”	”مم. هناك الكثير من ثمار الكستناء الطازجة على هذه الشجرة. إذا تمكنت من\nالعثور عليها، فسوف تُعطيك الطاقة التي تحتاجها للاستمرار في التسلق“.
boy.page.36	“Thank you Mr. Woodpecker” said {NAME:P1},\nand off he went in search of the tasty chestnuts.	«Спасибо, господин Дятел», – сказал {NAME:P1}\nи отправился на поиски вкусных орехов.	„Vielen Dank, Herr Specht“, sagte {NAME:P1}\nund machte sich auf die Suche nach den leckeren Kastanien.	« Merci, monsieur le pivert, » s’exclama {NAME:P1}\navant de partir à la recherche de bonnes châtaignes.	«Grazie, signor picchio!», rispose {NAME:P1},\ne si mise subito alla ricerca delle castagne.	“Obrigado, senhor pica-pau”, disse {NAME:P1},\ne ele saiu em busca das saborosas castanhas.	“Gracias, señor pájaro carpintero” dijo {NAME:P1},\ny se fue a buscar las deliciosas castañas.	「ありがとう、​キツツキ⁠さん」​{NAME:P1}​は\nそう⁠言い、​くるみ⁠を​探し⁠に​出かけ⁠まし⁠た。	“Terima kasih, Pak Burung Pelatuk”\nucap {NAME:P1}, dan pergilah dia mencari kastanye yang enak.	“Terima kasih En Belatuk” kata {NAME:P1},\ndan dia pun pergi mencari buah berangan yang enak itu.	شكر {NAME:P1} طائر نقّار الخَشب، وانطلق للبحث عن ثمار الكستناء اللذيذة.
boy.page.37	Using all his squirrel skills, {NAME:P1} easily found the nuts,\nand he munched and nibbled and crunched until he was nice and full.	Применив всё своё беличье умение, {NAME:P1} легко разыскал орехи\nи грыз, и лущил, и хрустел, пока не наелся до отвала.	{NAME:P1} wandte all sein Eichhörnchenwissen an und fand mühelos\ndie Nüsse, die er knackte, schälte und knabberte, bis er satt war.	{NAME:P1} étant un écureuil, il trouva les châtaignes facilement.\nPuis il grignota jusqu'à se retrouver bien rassasié.	Essendo uno scoiattolo, {NAME:P1} trovò molto\nfacilmente le castagne e si fece una bella scorpacciata.	Usando todas as suas habilidades de esquilo, {NAME:P1} encontrou\nas castanhas facilmente. Ele foi comendo até ficar bem e satisfeito.	Con sus habilidades de ardilla {NAME:P1} encontró fácilmente\nlas castañas; las mordisqueó y masticó hasta que se sintió mejor y satisfecho.	いつも⁠の​よう⁠に​くるみ⁠を​探し⁠たら、​簡単⁠に​見つける​こと⁠が​でき⁠まし⁠た。\nそして、​ムシャムシャ​お腹⁠が​いっぱい⁠に​なる⁠まで​食べ⁠まし⁠た。	Berkat semua kemampuan tupainya, {NAME:P1} pun mudah menemukan\nkacang itu, lalu dia mengunyah menggigit dan mengerkah sampai kenyang.	Menggunakan semua kemahiran tupai, {NAME:P1} mencari buah itu dengan mudah,\ndan dia mengunyah, menggigit dan mengerkahnya hingga kenyang.	باستخدام مهاراته كَسنجاب، وجد {NAME:P1} ثمار\nالكستناء بِسهولة، وقام بِقضمها وتناولها حتى شبع.
boy.page.38	Then, feeling refreshed, he continued further on up the tree. {NAME:P1}\nwas nearly at the top now and the branches were swaying in the wind.	И тогда, с чувством удовлетворения, он продолжил свой путь к вершине\nдерева. {NAME:P1} был уже близко, и ветви раскачивались в воздухе.	Erfrischt setzte er seinen Weg zum Wipfel fort.\n{NAME:P1} war fast oben angekommen, und die Äste schaukelten in der Luft.	Revigoré, il reprit son chemin vers le haut de l'arbre.\nIl était tout proche maintenant et sentait le vent dans l’arbre.	Quindi, sentendosi più forte, continuò a salire.\n{NAME:P1} era quasi in cima, adesso, e i rami ondeggiavano al vento.	Depois, sentindo-se revigorado, ele continuou subindo na árvore. Agora,\n{NAME:P1} estava perto do topo e os galhos balançavam com o vento.	Continuó trepando hacia la cima del árbol. {NAME:P1} estaba llegando\na la copa cuando las ramas comenzaron a balancearse por el viento.	すると、​力⁠が​戻っ⁠て​き⁠て、​また⁠頂上⁠に​向け⁠て​登り​始め⁠まし⁠た。\n{NAME:P1}​は​頂上⁠の​すぐ⁠そこ⁠まで​来⁠まし⁠た。​風⁠で​枝⁠が​大きく​ゆれ⁠て​い⁠ます。	Setelah segar kembali, dia melanjutkan perjalanan ke puncak. {NAME:P1}\nhampir sampai di puncak dan dahan-dahan pun berayun terkena angin.	Kemudian, berasa lebih segar, dia meneruskan memanjat pokok itu.\n{NAME:P1} kini hampir sampai di puncak dan dahannya berayun dalam angin.	شعر {NAME:P1} بِنشاط مُتجدد، فأكمل طريقه صعودًا على الشجرة.\nكان قريبًا جدًا من القمة في تلك اللحظة، وكانت الأغصان تتأرجح بِفعل الرياح.
boy.page.39	He looked down at the forest floor.\nHe was so high up that he was afraid to continue…	Он взглянул вниз, на лесную подстилку.\n{NAME:P1} был так высоко, что боялся двигаться выше…	Er blickte hinunter auf den Waldboden.\nEr war nun so hoch oben, dass er Angst hatte, höher zu klettern…	{NAME:P1} baissa les yeux vers le sol.\nIl était si haut qu’il ne pensait pas pouvoir continuer…	Lo scoiattolino guardò giù e si sentì impaurito. Era così in alto!	Ele olhou para baixo em direção ao chão da floresta.\nEle estava em um lugar tão alto que ficou com medo de continuar…	Miró hacia abajo, hacia el suelo.\nHabía llegado tan alto que le daba miedo continuar…	{NAME:P1}​は​森⁠の​地面⁠を​見下ろし⁠まし⁠た。​とても⁠高い\n場所⁠に​いる​こと⁠が​怖く​なっ⁠て、​これ​以上​登れ⁠ませ⁠ん。	Dia memandang ke permukaan tanah. Kini posisinya sudah sangat tinggi,\nsampai-sampai dia takut untuk melanjutkan…	Dia memandang ke bawah ke arah lantai hutan.\nDia berada amat tinggi di atas sehingga berasa takut untuk terus memanjat…	نظر إلى أسفل، وشعر بالخوف من المُتابعة، فقد كان عاليًا جدًا…
boy.page.40	Just then, {NAME:P2} friends cheered down to him from the tree-top.\n“You can do this, {NAME:P1}, come and join us at the top!”	И в этот момент друзья бельчонка ободряюще закричали ему:\n«Ты сделаешь это, {NAME:P1}. Поднимайся к нам на вершину!»	In diesem Moment riefen seine Freunde ihm vom Wipfel ermutigend zu:\n„Du schaffst es, {NAME:P1}. Komm zu uns herauf!“	C’est alors qu’il entendit les encouragements de ses amis :\n« Tu peux le faire, {NAME:P1}. Rejoins-nous au sommet ! »	Ma in quel momento, dalla cima dell’albero, sentì le voci dei suoi amici:\n«Ehi, {NAME:P1}! Ci sei quasi! Puoi farcela!»	Nesse momento, os amigos de {NAME:P1} o incentivaram do topo\nda árvore: “Você consegue, {NAME:P1}, venha e junte-se a nós no topo!”	Fue entonces cuando los amigos de {NAME:P1} lo alentaron desde\nlo alto. “¡Tú puedes, {NAME:P1}, ven y únete a nosotros en la cima!”	その⁠時、​{NAME:P1}​の​友達⁠が​頂上⁠から​応援​し⁠て​くれ⁠まし⁠た。\n「{NAME:P1}​なら​できる、​ここ⁠に​来⁠て​一緒⁠に​楽しも⁠う⁠！」	Pada saat itulah, teman-teman {NAME:P1} meneriakinya dari puncak pohon.\n“Kamu pasti bisa, {NAME:P1}, ayo ikut kami di atas!”	Sejurus kemudian, kawan-kawan {NAME:P1} bersorak dari puncak pokok.\n“Kamu boleh, {NAME:P1}, datang dan sertai kami di puncak!”	وفي تلك اللحظة، صاح أصدقاء {NAME:P1} من أعلى الشجرة:\n”بإمكانك فعلها يا {NAME:P1}، هيا انضم إلينا في الأعلى!“
boy.page.41	Encouraged by his friends, {NAME:P1} looked up, faced his fears\nand bravely climbed to the very top of the tree.	Вдохновлённый друзьями, {NAME:P1} посмотрел вверх,\nпоборол страх и смело вскарабкался на самую верхушку дерева.	Von seinen Freunden angefeuert, blickte {NAME:P1} nach oben,\nbesiegte seine Angst und kletterte mutig auf den Baumwipfel.	Motivé par les cris de ses amis, {NAME:P1} regarda en haut, surmonta sa peur\net grimpa courageusement jusqu’au sommet de l'arbre.	Incoraggiato, {NAME:P1} alzò lo sguardo, cercò di mandar\nvia le sue paure e riprese a salire con coraggio verso la cima.	Encorajado por seus amigos, {NAME:P1} olhou para cima,\nenfrentou seus medos e, corajosamente, subiu até o topo da árvore.	Alentado por sus amigos, {NAME:P1} miró hacia arriba,\nenfrentó sus miedos y trepó valientemente hasta la copa del árbol.	友達⁠に​応援​さ⁠れ⁠て、​{NAME:P1}​は​顔⁠を​上げ⁠まし⁠た。\n怖⁠さ⁠に​立ち向かっ⁠て、​勇敢⁠に、​頂上⁠まで​登り​切り⁠まし⁠た。	Dengan dorongan teman-temannya, {NAME:P1} mendongakkan kepala,\nmelawan rasa takutnya dan dengan berani memanjat sampai ke puncak pohon.	Dengan galakan kawan-kawannya, {NAME:P1} memandang ke atas,\nmenghadapi rasa takutnya dan memanjat dengan berani ke puncak yang tertinggi.	شجّعه أصدقاؤه، فنظر {NAME:P1} إلى الأعلى،\nوتحدى خوفه، وصعد بِشجاعة إلى قمة الشجرة.
boy.page.42	And the wise old owl was right, {NAME:P1} did receive\na wonderful reward. He felt fantastic, and he was no longer afraid.	Мудрая сова оказалась права. {NAME:P1} получил замечательное\nвознаграждение – он чувствовал себя замечательно и больше не боялся.	Die weise Eule hatte recht, {NAME:P1} erhielt eine wunderbare Belohnung:\nEr fühlte sich blendend und hatte keine Angst mehr.	Maître Hibou avait raison. {NAME:P1} fut bien récompensé :\nil se sentait incroyablement bien et n'avait plus peur.	Il vecchio gufo aveva ragione: {NAME:P1} ottenne una grande ricompensa.\nSi sentiva improvvisamente più leggero, perché non aveva più paura!	E a velha e sábia coruja estava certa – {NAME:P1} de fato recebeu\numa recompensa maravilhosa. Ele se sentia incrível e não estava com medo.	El sabio y anciano búho tenía razón; {NAME:P1} obtuvo\nuna maravillosa recompensa. Se sentía fantástico y ya no tenía miedo.	あの⁠歳⁠を​とっ⁠た​賢い​フクロウ⁠の​言っ⁠た​通り⁠でし⁠た。​すばらしい​もの⁠を\n手⁠に​入れ⁠まし⁠た。​怖⁠さ⁠は​消え、​すばらしい​気分⁠に​なり⁠まし⁠た。	Dan si burung hantu tua nan bijak itu memang benar, {NAME:P1}\nmendapatkan imbalan luar biasa. Dia merasa hebat, dan tidak takut lagi.	Betul kata burung hantu yang tua tetapi bijaksana, {NAME:P1} memang\nmenerima ganjaran menakjubkan. Dia berasa hebat dan tidak lagi takut.	وكانت البومة الحكيمة على حق، فقد حصل {NAME:P1} على مُكافأة رائعة.\nشعر بِسعادة غامرة، ولم يَعد يشعر بِالخوف.
boy.page.43	And as he sat with his friends to gaze across the lush, green forest,\nthe view was truly wonderful.	И когда он уселся с друзьями и взглянул на пышный зелёный лес,\nэто зрелище было поистине чудесным.	Als er sich mit seinen Freunden hinsetzte und den herrlichen grünen\nWald betrachtete, bot sich ihnen ein wahrlich wundervoller Anblick.	Et une fois assis avec ses amis,\nil put découvrir la vue magnifique qu’offrait le bois vert et touffu.	E mentre se ne stava seduto con i suoi amici, poté vedere con i suoi occhi\nche la foresta, da lassù, era davvero meravigliosa!	E enquanto ele se sentava com seus amigos,\nele contemplava a floresta exuberante. A vista era realmente maravilhosa.	Y sentado con sus amigos contemplaba el paisaje,\nel maravilloso espectáculo del exuberante bosque verde.	{NAME:P1}​は​友達⁠たち⁠と​一緒⁠に​座り、​緑⁠が​輝く​とっても⁠きれい⁠な\n森⁠を​見渡し⁠まし⁠た。​それ⁠は​本当に⁠きれい⁠な​もの⁠でし⁠た。	Dan tatkala dia duduk bersama teman-temannya sembari menatap\nhutan nan subur dan hijau itu, pemandangannya sungguh luar biasa.	Dan ketika dia duduk bersama kawan-kawannya untuk merenung nun\nke arah hutan yang subur menghijau, pemandangannya benar-benar indah.	جلس مع أصدقائه يُشاهدون الغابة الخضراء الجميلة\nمن أعلى الشجرة. كان المنظر رائعًا حقًا.
girl.description	What challenges would you overcome in the pursuit of your\ndream? Embark on a daring adventure as a brave young\nsquirrel tries to climb the tallest tree in the forest.\nChallenges await at every step!	Какие препятствия ты могла бы преодолеть в погоне\nза своей мечтой? Начни смелое путешествие, так же как\nсмелая белка, которая пытается влезть на самое высокое\nдерево в лесу. Препятствия встречаются на каждом шагу!	Welche Hindernisse würdest du für deinen Traum überwinden? Erlebe ein spannendes Abenteuer und sei dabei, wenn ein mutiges Eichhörnchen den höchsten Berg im Wald erklimmt. Überall lauern Hindernisse!	Jusqu'où iras-tu pour atteindre ton rêve ? Entreprends un\nvoyage audacieux comme le petit écureuil qui veut grimper\nen haut du plus grand arbre de la forêt. A chaque branche,\nt’attend un nouvel obstacle !	Quali prove affronteresti per inseguire un sogno? Vivi\nl’avventura di una scoiattolina coraggiosa che cerca\ndi arrampicarsi sull’albero più alto della foresta. A ogni ramo,\nti aspetta una nuova sfida!	Que desafios você enfrentaria em busca do seu sonho?\nEmbarque nesta aventura ousada sobre uma esquilo jovem\ne corajosa que tenta escalar a árvore mais alta da floresta.\nOs desafios estão por toda parte!	¿Qué desafíos enfrentarías para alcanzar tus sueños?\nSumate a una audaz aventura en la que una joven\ny valiente ardilla intenta trepar el árbol más alto del bosque.\n¡Encontrará desafíos a cada paso!	夢を達成するために挑戦しなきゃいけないことは何かな？冒険の旅に出る勇敢なリスになって、森一番の高い木を登りきろう！たくさんの挑戦が待ってるよ！	Tantangan apa yang akan kamu atasi dalam mengejar mimpi? Mulailah petualangan penuh nyali sebagai seekor tupai muda pemberani yang memanjat pohon tertinggi di hutan. Beragam tantangan menanti di setiap langkah!	Apakah cabaran yang perlu kamu atasi dalam mengejar impian kamu? Mulakan pengembaraan yang amat berani ketika anak tupai cuba memanjat pokok paling tinggi di hutan. Cabaran menanti pada setiap langkah!	ما هي التحديات التي ستُواجهينها في سبيل تحقيق حلمك؟ انطلقي في مُغامرةٍ جريئة مع سنجبة شُجاعة تحاول تسلّق أعلى شجرة في الغابة، مُواجهةً مخاطرًا ومُفاجآتٍ في كل خطوة!
girl.description.iphone	What challenges would you overcome in the pursuit of your dream?\nEmbark on a daring adventure as a brave young squirrel tries to climb\nthe tallest tree in the forest. Challenges await at every step!	Какие препятствия ты могла бы преодолеть в погоне за своей мечтой?\nНачни смелое путешествие, так же как смелая белка, которая пытается\nвлезть на самое высокое дерево в лесу.	Welche Hindernisse würdest du für deinen Traum überwinden? Erlebe ein spannendes Abenteuer und sei dabei, wenn ein mutiges Eichhörnchen den höchsten Berg im Wald erklimmt. Überall lauern Hindernisse!	Jusqu'où iras-tu pour atteindre ton rêve ? Entreprends un voyage audacieux\ncomme le petit écureuil qui veut grimper en haut du plus grand arbre\nde la forêt. A chaque branche, t’attend un nouvel obstacle !	Quali prove affronteresti per inseguire un sogno? Vivi l’avventura\ndi una scoiattolina coraggiosa che cerca di arrampicarsi sull’albero\npiù alto della foresta. A ogni ramo, ti aspetta una nuova sfida!	Que desafios você enfrentaria em busca do seu sonho? Embarque nesta\naventura ousada sobre uma esquilo jovem e corajosa que tenta escalar\na árvore mais alta da floresta. Os desafios estão por toda parte!	¿Qué desafíos enfrentarías para alcanzar tus sueños? Sumate\na una audaz aventura en la que una joven y valiente ardilla intenta trepar\nel árbol más alto del bosque. ¡Encontrará desafíos a cada paso!	夢を達成するために挑戦しなきゃいけないことは何かな？冒険の旅に出る勇敢なリスになって、森一番の高い木を登りきろう！たくさんの挑戦が待ってるよ！	Tantangan apa yang akan kamu atasi dalam mengejar mimpi? Mulailah petualangan penuh nyali sebagai seekor tupai muda pemberani yang memanjat pohon tertinggi di hutan. Beragam tantangan menanti di setiap langkah!	Apakah cabaran yang perlu kamu atasi dalam mengejar impian kamu? Mulakan pengembaraan yang amat berani ketika anak tupai cuba memanjat pokok paling tinggi di hutan. Cabaran menanti pada setiap langkah!	ما هي التحديات التي ستُواجهينها في سبيل تحقيق حلمك؟ انطلقي في مُغامرةٍ جريئة مع سنجبة شُجاعة تحاول تسلّق أعلى شجرة في الغابة، مُواجهةً مخاطرًا ومُفاجآتٍ في كل خطوة!
girl.page.1	Deep in the woods there once lived a squirrel, {NAME:P1},\nwho had never climbed a tree.	В густом лесу жила-была белочка {NAME:P1},\nкоторая никогда не влезала на дерево.	Tief im Wald lebte einst das Eichhörnchen {NAME:P1},\ndas noch nie auf einen Baum geklettert war.	Au fond des bois vivait un petit écureuil qui s’appelait {NAME:P1}\net qui n’avait jamais encore grimpé à un arbre.	C’era una volta, nella foresta più fitta, una scoiattolina\ndi nome {NAME:P1}, che non si era mai arrampicata su un albero.	Nas profundezas da floresta, vivia uma esquilo chamada {NAME:P1}.\nEla nunca tinha subido em uma árvore.	Había una vez una ardilla, {NAME:P1},\nque vívía en lo más profundo del bosque y nunca había trepado a un árbol.	森⁠の​奥深く⁠に、​まだ⁠一⁠度⁠も​木⁠に​登っ⁠た​こと⁠の​ない、\n{NAME:P1}​という​リス⁠が​い⁠まし⁠た。	Alkisah nun jauh di tengah hutan, hiduplah seekor tupai,\n{NAME:P1}, yang tidak pernah memanjat pohon seumur hidupnya.	Pada suatu masa, jauh di dalam hutan tinggal seekor tupai,\n{NAME:P1}, yang tidak pernah memanjat pokok.	في أعماق الغابة، عاشت سنجبةٌ صغيرةٌ تُدعى {NAME:P1}.\nلم تَتسلق أي شجرة في حياتها.
girl.page.2	Every day she would gaze up at the tree tops,\ndreaming of all the wonderful adventures she might have up there.	Каждый день она вглядывалась в вершины деревьев,\nмечтая о чудесных приключениях, которые ожидали её там, наверху.	Jeden Tag blickte sie zum Wipfel der Bäume empor, wobei sie\nvon den wundervollen Abenteuern träumte, die sie dort oben erwarteten.	Chaque jour, {NAME:P1} scrutait les cimes\nen rêvant aux merveilleuses aventures qui l'attendaient là-haut.	Ogni giorno guardava a lungo le cime degli alberi\ne sognava le belle avventure che avrebbe potuto vivere lassù.	Todos os dias, ela ficava observando o topo das árvores e sonhando\ncom todas as maravilhosas aventuras que poderia encontrar por lá.	Contemplaba las copas de los árboles todos los días,\nsoñando con las maravillosas aventuras que allí podría pergeñar.	毎日、​{NAME:P1}​は​木⁠の​てっぺん⁠を​見つめ、​そこ⁠に\nどんな⁠冒険⁠が​広がっ⁠て​いる​の⁠か⁠を​想像​し⁠ます。	Setiap hari dia melihat ke atas puncak pepohonan, memimpikan\nsemua petualangan seru yang mungkin bisa dia nikmati di atas sana.	Setiap hari dia akan merenung jauh ke puncak pokok, mengimpikan\nsemua pengembaraan hebat yang mungkin ditemuinya nun di atas.	كانت تقضي أوقاتها تُحدّق في قمم الأشجار العالية،\nتَحلم بِمُغامراتٍ مُثيرة في ذلك العالم المجهول.
girl.page.3	But the trees seemed so high and she was just too afraid.	Но деревья выглядели слишком высокими, и она боялась.	Aber die Bäume schienen so hoch zu sein, und sie hatte zu viel Angst.	Mais les arbres semblaient trop grands et lui faisaient peur.	Ma gli alberi erano così alti, e lei aveva tanta paura!	Mas as árvores pareciam altas demais e ela tinha muito medo.	Pero los árboles parecían tan altos, y ella tenía mucho miedo.	しかし、​木⁠は​とても⁠高く、\n​{NAME:P1}​は​怖く⁠て​登れ⁠ませ⁠ん⁠でし⁠た。	Tetapi pohon-pohon itu terlalu tinggi dan dia terlalu ketakutan.	Namun pokok-pokok itu kelihatan terlalu tinggi dan dia pula terlalu takut.	لكن الأشجار بدت لها شاهقة للغاية، وكان الخوف يَتملّكها كلما فكّرت في تسلّقها.
girl.page.4	One day, {NAME:P2} friends were happily playing\nin the highest tree in the forest.	Однажды друзья {NAME:P2} радостно играли\nна самом высоком дереве в лесу.	Eines Tages spielten die Freunde von {NAME:P1}\nfröhlich im höchsten Baum des Waldes.	Un jour, ses amis s’amusaient sur le plus grand arbre de la forêt.	Un giorno, gli amici di {NAME:P1} stavano\ngiocando sull’albero più alto della foresta.	Certo dia, os amigos da {NAME:P1} estavam\nbrincando felizes na árvore mais alta da floresta.	Un día, los amigos de {NAME:P1} estaban\njugando alegremente en el árbol más alto del bosque.	ある⁠日、​{NAME:P1}​の​友達⁠たち⁠が、\n森⁠で​一番​高い​木⁠の​上⁠で​遊ん⁠で​い⁠まし⁠た。	Suatu hari, teman-teman {NAME:P1} sedang riang\nbermain di pohon tertinggi yang ada di hutan itu.	Suatu hari, kawan-kawan {NAME:P1} bermain\ndengan gembira di atas pokok tertinggi di dalam hutan.	وفي أحد الأيام، كانت صديقات {NAME:P1} تلعبن بِمرح في أعلى شجرة في الغابة.
girl.page.5	She wanted to join them so much that she decided to face her fear.	Она хотела поиграть с ними так сильно,\nчто решила встретиться со своим страхом лицом к лицу.	Sie wollte so gerne mit ihnen spielen,\ndass sie beschloss, sich ihrer Angst zu stellen.	{NAME:P1} avait tellement envie de se joindre à eux\nqu'elle décida de dompter sa peur.	A {NAME:P1} sarebbe piaciuto un sacco poter\ngiocare con loro, e così decise di affrontare la sua paura.	Ela queria tanto se juntar aos seus amigos que decidiu encarar seu medo.	Anhelaba tanto jugar con ellos que decidió enfrentar sus miedos.	{NAME:P1}​は、​どうしても⁠一緒⁠に​遊び⁠たかっ⁠た⁠ので、\nついに⁠高い​木⁠に​登る​怖⁠さ⁠に​立ち向かう​こと⁠に​し⁠まし⁠た。	Dia sangat ingin bergabung dengan mereka sehingga\ndia memutuskan untuk menghadapi rasa takutnya.	Dia amat ingin menyertai mereka sehingga dia\nmemutuskan untuk menghadapi ketakutannya.	أرادت الانضمام إليهن، فَقرّرت مُواجهة مخاوفها.
girl.page.6	So looking up, she took a deep breath, and bravely began to climb.	И вот, глядя наверх, она глубоко вдохнула\nи начала смело карабкаться по дереву.	Also blickte sie nach oben, atmete tief\nein und begann mutig, den Baum hochzuklettern.	Elle leva les yeux, pris une profonde inspiration et,\néquipée de tout son courage, se mit à grimper à l'arbre.	Guardò in alto, fece un gran respiro e, facendosi coraggio, cominciò a salire.	Olhando para cima, ela respirou fundo e,\ncorajosamente, começou a escalar.	Así que miró hacia arriba, respiró hondo y empezó a trepar valientemente.	木⁠を​見上げ、​深呼吸⁠を​し、\n​そして⁠勇気⁠を​出し⁠て​木⁠に​登り​始め⁠まし⁠た。	Dengan menatap ke atas, dia menarik napas dalam-dalam,\nlalu memberanikan diri mulai memanjat.	Maka sambil melihat ke atas, dia menghela nafas\nyang dalam dan mula memanjat dengan berani.	رفعت رأسها نحو الأعلى، وأخذت نفسًا عميقًا، ثم بدأت بِتسلّق الشجرة بِشجاعة.
girl.page.7	At the first branch, {NAME:P1} met the wise old forest owl,\nresting after a busy night's hunting.	На самой нижней ветке {NAME:P1} встретила старую мудрую\nлесную сову, которая отдыхала после нелёгкой ночной охоты.	Auf dem untersten Ast traf {NAME:P1} eine alte weise Waldeule,\ndie sich nach einer anstrengenden nächtlichen Jagd ausruhte.	Sur la branche la plus basse {NAME:P1} rencontra un vieil hibou\nqui se reposait de sa longue nuit de chasse.	Al primo ramo, {NAME:P1} incontrò il vecchio gufo saggio,\nche stava facendo un riposino dopo una dura notte di caccia.	No primeiro galho, {NAME:P1} encontrou a velha\ne sábia coruja da floresta, descansando após uma longa noite de caça.	En la primer rama, {NAME:P1} se encontró con el sabio y anciano\nbúho del bosque descansando después de una ajetreada noche de caza.	最初⁠の​枝⁠で、​{NAME:P1}​は、​歳⁠を​とっ⁠た​賢い​フクロウ⁠に​会い⁠まし⁠た。\n昨日⁠の​夜⁠の​狩り⁠で​疲れ⁠て、​休ん⁠で​いる​よう⁠です。	Di dahan pertama, {NAME:P1} bertemu dengan burung hantu yang tua\ndan bijak, yang tengah beristirahat setelah sibuk berburu semalam suntuk.	Di dahan yang pertama, {NAME:P1} bertemu dengan burung hantu yang tua\ntetapi bijaksana, sedang berehat selepas sibuk berburu pada malamnya.	عند أوّل غصن في الشجرة، التقت {NAME:P1} بِبومة الغابة الحكيمة،\nالتي كانت تستريح بعد ليلةٍ طويلة من الصيد.
girl.page.8	“Good morning young squirrel, how are you today?” said the owl.	«Доброе утро, юная белочка! Как поживаешь?» – спросила сова.	„Guten Morgen, kleines Eichhörnchen! Wie geht es dir heute?“, fragte die Eule.	« Bonjour, petit écureuil ! Comment vas-tu ? » lui demanda le hibou.	«Buongiorno, scoiattolina, come va?», chiese il gufo.	“Bom dia, menina esquilo, tudo bem?”, disse a coruja.	“Buenos días, joven ardilla, ¿cómo estás hoy?” dijo el búho.	「おはよう、​若い​リス⁠ちゃん、​調子⁠は​どう⁠じゃい⁠？」\nフクロウ⁠は​言い⁠まし⁠た。	“Selamat pagi tupai muda, apa kabarmu hari ini?” sapa si burung hantu.	“Selamat pagi anak tupai, apa khabar kamu hari ini?” tanya burung hantu.	قالت البومة: ”صباح الخير أيتها السنجبة الصغيرة، كيف حالُكِ اليوم؟“
girl.page.9	“Good morning, Mr Owl” replied {NAME:P1}, “This is the first time\nI've ever climbed a tree and I'm quite frightened.”	«Доброе утро, тётушка Сова, – ответила {NAME:P1}. – Я впервые\nлезу на дерево, и мне очень страшно».	„Guten Morgen, Herr Eule“, erwiderte {NAME:P1}.\n„Ich klettere zum ersten Mal auf einen Baum und habe ziemlich Angst.“	« Bonjour, Maître Hibou, répondit {NAME:P1}.\nC’est la première fois que grimpe à un arbre et j'ai très peur. »	«Buongiorno, signor gufo», rispose {NAME:P1}. «È la prima volta\nche mi arrampico su un albero e ho un po’ di paura».	“Bom dia, senhora coruja”, respondeu {NAME:P1}.\n“Esta é a primeira vez que subo em uma árvore e estou com muito medo.”	“Buenos días, señor búho”, contestó {NAME:P1}.\n“Esta es la primera vez que trepo a un árbol y estoy un poco asustada”.	「おはよう、​フクロウ⁠さん⁠！」​{NAME:P1}​は​言い⁠まし⁠た。\n「木⁠に​登る​の⁠が​初めて⁠で、​正直​とっても⁠怖い​ん⁠です」	“Selamat pagi, Pak Burung Hantu” jawab {NAME:P1},\n“Ini pertama kalinya aku memanjat pohon dan aku lumayan ketakutan.”	“Selamat pagi, En Burung Hantu” balas {NAME:P1},\n“Inilah kali pertama saya memanjat pokok dan saya agak ketakutan.”	أجابتها {NAME:P1}: ”صباح الخير يا أيتها البومة.\nهذه هي المرة الأولى التي أَتسلّق فيها شجرة، وأنا خائفةٌ قليلاً“.
girl.page.10	“Don't be afraid” said the wise old owl “Just climb one branch at a time.”	«Не бойся, – сказала старая мудрая\nсова. – Просто влезай на одну ветку за раз».	„Fürchte dich nicht“, sagte die alte weise Eule.\n„Klettere einfach nur von einem Ast zum nächsten.“	« N'aie pas peur, lui dit le vieux sage.\nIl te suffit de grimper une branche à la fois. »	«Non avere paura», rispose il vecchio gufo saggio.\n«Basta che sali su un ramo alla volta».	“Não tenha medo”, disse a velha e sábia coruja.\n“É só subir em um galho de cada vez.”	“No tengas miedo” dijo el sabio y anciano búho. “Salta una rama a la vez”.	「大丈夫⁠じゃ、​怖がる​こと⁠は​ない」​歳⁠を​とっ⁠た​賢い\nフクロウ⁠は​言い⁠まし⁠た。​「枝⁠を​目指し⁠て​登れ​ばいいん⁠じゃ⁠よ」	“Jangan takut” kata burung hantu yang tua dan bijak itu\n“Panjat saja dahannya satu per satu.”	“Jangan takut” kata burung hantu yang tua tetapi bijaksana itu\n“Panjat sahaja dahan itu satu demi satu.”	قالت لها البومة الحكيمة: ”لا تَخافي. اصعدي غصنًا بِعد غصن“.
girl.page.11	“You will face many challenges in the tree, but keep going,\nfor when you get to the top you will receive a wonderful reward.”	«На дереве ты повстречаешь множество препятствий.\nНо продолжай лезть наверх, и тебя ждёт чудесное вознаграждение».	„Im Baum triffst du auf viele Hindernisse. Aber klettere immerzu weiter,\ndenn ganz oben erwartet dich eine wunderbare Belohnung.“	« Tu rencontreras de nombreux obstacles. Mais tu ne dois pas abandonner,\ntu dois continuer et une fois en haut tu seras bien récompensée. »	«Dovrai affrontare molte prove su questo albero, ma non fermarti.\nQuando sarai in cima, otterrai una grande ricompensa».	“Você vai encontrar muitos desafios pela árvore, mas não desista,\npois quando chegar ao topo, você vai receber uma recompensa maravilhosa.”	“Te enfrentarás a muchos desafíos en el árbol pero sigue avanzando,\ny cuando llegues a la cima obtendrás una maravillosa recompensa”.	「色々⁠な​挑戦⁠が​やってくる⁠じゃろ⁠う。​じゃが、​登り​続け​なさい。\n頂上⁠まで​続け⁠られる⁠と、​とても⁠すばらしい​もの⁠が​返っ⁠て​くる⁠よ」	“Kamu akan menghadapi banyak tantangan di pohon ini, tapi teruslah naik,\nkarena ketika sampai ke puncak, kamu akan menerima imbalan luar biasa.”	“Kamu akan menghadapi banyak cabaran di pokok ini, tapi teruslah memanjat,\nkerana ketika kamu tiba di puncak, kamu akan menerima ganjaran hebat.”	”ستُواجهين العديد من العقبات في الشجرة، لكن استمري في التسلق،\nفعندما تصلين إلى القمة ستحصلين على مُكافأة رائعة“.
girl.page.12	“Thank you Mr Owl” replied {NAME:P1}, and she continued to climb.	«Спасибо, тётушка Сова», – ответила {NAME:P1} и полезла дальше.	„Vielen Dank, Herr Eule“, antwortete {NAME:P1} und kletterte weiter.	« Merci, Maître Hibou, » lui répondit {NAME:P1}\navant de se remettre à grimper.	«La ringrazio, signor gufo», disse {NAME:P1}, e continuò a salire.	“Muito obrigada, senhora coruja”, respondeu {NAME:P1},\ne ela continuou a escalar.	“Gracias, señor búho”, contestó {NAME:P1} y continuó trepando.	「ありがとう、​フクロウ⁠さん」​{NAME:P1}​は​そう⁠返し、\nまた⁠頂上⁠に​向け⁠て​登り​始め⁠まし⁠た。	“Terima kasih, Pak Burung Hantu”\njawab {NAME:P1}, dan dia pun terus memanjat.	“Terima kasih En Burung Hantu” balas {NAME:P1}, dan dia terus memanjat.	أجابت {NAME:P1}: ”شكرًا لكِ، سيدتي البومة“، ثم أكملت طريقها صعودًا.
girl.page.13	At the second branch {NAME:P1} happened upon a big brown bear,\nlazily dozing after having eaten all the honey from the bees nest in the tree.	На второй ветке {NAME:P1} повстречала большого бурого медведя,\nлениво отдыхающего после того, как он съел весь мёд у пчёл на дереве.	Auf dem zweiten Ast traf {NAME:P1} einen Bären, der faulenzte,\nnachdem er all den Honig aus einem Bienennest am Baum gegessen hatte.	Sur la deuxième branche {NAME:P1} rencontra un grand ours brun\nqui somnolait, repu d’avoir mangé tout le miel de la ruche de l’arbre.	Al secondo ramo, {NAME:P1} trovò un enorme orso bruno che dormiva,\nsazio del miele che aveva trovato in un alveare sull’albero.	No segundo galho, {NAME:P1} encontrou um grande urso marrom,\ncochilando preguiçosamente depois de comer todo o mel da colmeia da árvore.	En la segunda rama, {NAME:P1} se topó con un gran oso pardo\ndormitando después de haberse comido toda la miel de la colmena del árbol.	二つ⁠目⁠の​枝⁠の​ところ⁠で、​{NAME:P1}​は、​この⁠木⁠に​あっ⁠た\nハチミツ⁠を​全部​食べ⁠て、​寝⁠て​い⁠た​茶色⁠の​大きい​クマ⁠に​出会い⁠まし⁠た。	Di dahan kedua {NAME:P1} bertemu beruang cokelat besar,\nyang terkantuk-kantuk setelah memakan semua madu dari sarang lebah di pohon itu.	Di dahan yang kedua {NAME:P1} tersua beruang perang yang besar,\ntidur kemalasan selepas memakan madu daripada sarang lebah di pokok ini.	عند الغصن الثاني، وَجدت {NAME:P1} دُبًا بُنيًا كبيرًا يَغُطُّ\nفي نومٍ عميق بعد أن أكل كل العسل من خَلية النحل في الشجرة.
girl.page.14	“Go back squirrel!” Said the bear. “I'm about to have a snooze.\nMy belly is filled to bursting and I will not be moved.”	«Возвращайся назад, белка, – сказал медведь. – Я собираюсь поспать.\nМой живот переполнен, и я не сдвинусь с места».	„Geh zurück, Eichhörnchen“, sagte der Bär. „Ich möchte schlafen.\nMein Bauch ist so voll vom Honig, dass ich mich nicht rühren kann.“	« Passe ta route, petit écureuil, dit l’ours. C'est l'heure de ma sieste.\nJ’ai bien mangé et il est hors de question que je bouge. »	«Gira al largo», brontolò l’orso. «Devo fare il mio sonnellino.\nHo la pancia piena e non ho intenzione di muovermi da qui».	“Por aqui, não, esquilo!”, disse o urso. “Agora é hora do meu cochilo.\nMinha barriga está cheia a ponto de estourar e não vou sair daqui.”	“¡Vuelve, ardilla!” dijo el oso. “Estoy a punto de dormir una siesta.\nMi barriga está tan llena que va a reventar, y no me moveré”.	「戻り⁠な、​リス⁠！」​クマ⁠が​言い⁠まし⁠た。\n「食べ​過ぎ⁠て​動け⁠ない⁠から、​もう⁠一⁠回⁠寝る​ところ⁠な​ん⁠だ」	“Kembalilah, tupai!” Kata si beruang. “Aku akan tidur sebentar.\nPerutku kekenyangan dan aku tidak bisa diganggu.”	“Pergi balik tupai!” Kata beruang. “Saya baru saja ingin tidur.\nPerut saya kekenyangan dan saya tidak akan beralih.”	قال الدب: ”عُودي من حيث أتيتِ أيتها السنجبة!\nأنا على وشك النوم. بطني ممتلئة للغاية ولن أتحرك“.
girl.page.15	“How can I get past?” {NAME:P1} wondered.	«Но как мне пройти?» – задумалась {NAME:P1}.	„Wie komme ich hier nur vorbei?“, fragte sich {NAME:P1}.	« Mais comment vais-je passer ? » se demanda {NAME:P1}.	«Come farò a passare?», si chiese {NAME:P1}.	“Então como faço para passar?”, perguntou {NAME:P1}.	“¿Cómo podría pasar?” se preguntó {NAME:P1}.	「どう⁠やっ⁠て​通ろ⁠う⁠かしら⁠？」\n​{NAME:P1}​は​考え⁠ます。	“Bagaimana aku bisa lewat?” {NAME:P1} bertanya-tanya.	“Bagaimana saya dapat lalu?” {NAME:P1} tertanya-tanya.	تساءلت {NAME:P1}: ”كيف لي أن أَمُر من هنا؟“
girl.page.16	{NAME:P1} noticed the bear's big, bulging belly,\n'That looks very bouncy' she thought to herself.	Белочка обратила внимание на большой, раздутый живот медведя.\n«Выглядит очень упругим», – подумала она.	{NAME:P1} bemerkte den großen aufgeblähten Bauch des Bären.\n„Der sieht ein wenig wie eine Hüpfburg aus“, dachte sie.	{NAME:P1} observa la bedaine rebondie de l’ours.\n« Il m’a l’air bien ferme ce ventre, » se dit-elle.	{NAME:P1} osservò l’enorme pancia\ndell’orso e pensò: «Lì ci si rimbalzerebbe bene».	{NAME:P1} percebeu a barriga grande e protuberante do urso.\n“Isso parece bom para pular”, ela pensou.	{NAME:P1} se fijó en la enorme\ne hinchada barriga del oso. “Parece inflada”, pensó.	{NAME:P1}​は​クマ⁠の​ポッコリ​膨らん⁠だ​お腹⁠に​気がつき⁠まし⁠た。\n「あれ⁠は​すごく​跳ね⁠そう⁠だ⁠わ」​{NAME:P1}​は​一⁠人⁠で​考え⁠ます。	{NAME:P1} melihat perut si beruang yang besar dan buncit,\n'Kelihatannya empuk sekali' ujarnya dalam hati.	{NAME:P1} ternampak perut beruang yang besar dan membonjol,\n'Perut itu nampaknya boleh melantun' dia berfikir dalam hati.	نظرت {NAME:P1} إلى بَطن الدب الكبيرة البارزة،\nوقالت في نفسها: ’يبدو أنها مُرتفعة جدًا‘.
girl.page.17	{NAME:P1} dived onto the bear's giant, bouncy belly\nas though it was an enormous trampoline.	{NAME:P1} прыгнула на огромный, упругий живот медведя,\nкак будто это был большущий трамплин.	{NAME:P1} sprang auf den riesigen elastischen Bauch des Bären,\nals ob er ein großes Trampolin wäre.	{NAME:P1} pris alors son élan et atterrit sur le ventre énorme\net bien tendu de l’ours, comme sur un grand trampoline.	{NAME:P1} saltò sulla pancia dell’orso\ncome se fosse stato un gigantesco trampolino.	{NAME:P1} pulou na barriga gigante\ndo urso como se fosse um enorme trampolim.	{NAME:P1} se zambulló sobre la imponente barriga del oso\ncomo si fuera un enorme trampolín.	{NAME:P1}​は​クマ⁠の​大きな⁠お腹⁠に​飛び込み⁠まし⁠た。\nボヨンボヨン​跳ね⁠て、​まるで⁠巨大⁠な​トランポリン⁠の​よう⁠です。	{NAME:P1} melompat ke perut si beruang yang besar\ndan buncit seolah perut itu trampolin raksasa.	{NAME:P1} terjun ke atas perut beruang yang besar\ndan boleh melantun itu seolah-olah perutnya trampolin yang besar.	قفزت {NAME:P1} على بَطن الدب الكبيرة المُرتفعة وكأنها ترامبولين ضخم.
girl.page.18	“Yippee! Not today Mr bear!” {NAME:P1} shouted,\nas she bounced high up into the tree.	«Эгегей! Не сегодня, сеньор медведь!» – крикнула {NAME:P1},\nвзлетая высоко на дерево.	„Jippie! Heute nicht, Herr Bär!“,\nrief {NAME:P1} und sprang hoch in die Baumkronen.	« Eh bien non ! Pas aujourd’hui, monsieur l’ours ! »\ncria-t-elle en rebondissant bien haut vers la branche suivante.	«Non mi fermerai, signor orso!», gridò {NAME:P1}, volando in alto.	“Uhull! Obrigada, senhor urso!”, disse {NAME:P1}\nenquanto saltava para uma parte mais alta da árvore.	“¡Yupiiii! ¡Discúlpeme, señor oso!”\ngritó {NAME:P1}, mientras saltaba hacia la rama más alta.	「ワーイ⁠！⁠今日⁠は​ごめんなさい​クマ⁠さん⁠！」\n{NAME:P1}​は​高い​ところ⁠まで​跳ね上がり⁠ながら​叫び⁠まし⁠た。	“Horeee! Tidak hari ini, Pak Beruang!”\n{NAME:P1} berteriak, sambil melenting di udara dan hinggap di pohon.	“Hore! Bukan hari ini En Beruang!”\n{NAME:P1} menjerit, sambil dia melantun tinggi di pokok itu.	صاحت {NAME:P1} وهي تَرتفع في الهواء: ”يا سلام! ليس اليوم يا سيدي الدب!“
girl.page.19	At the next branch, {NAME:P1} saw\na slippery, slithering snake coiled around the tree.	На следующей ветке {NAME:P1} увидела гладкую, скользкую змею,\nсвернувшуюся кольцами вокруг дерева.	Auf dem nächsten Ast sah {NAME:P1} eine glitschige\nSchlange, die sich um den Baum wand.	{NAME:P1} se trouva alors nez à nez avec\nun long serpent lisse enroulé autour de l’arbre.	Al ramo successivo, {NAME:P1} si trovò dinanzi a un liscio,\nviscido serpente arrotolato intorno all’albero.	No próximo galho, {NAME:P1} viu uma cobra enrolada\nna árvore, ziguezagueando e deslizando pelo galho.	En la siguiente rama, {NAME:P1} vio\nuna reptante serpiente enroscada en el árbol.	次⁠の​枝⁠の​とこ⁠で⁠は、​{NAME:P1}​は、​木⁠に​体⁠を​巻き​つけ⁠て​いる、\nなめらか⁠な​肌⁠を​し⁠た​ヘビ⁠に​会い⁠まし⁠た。	Di dahan berikutnya, {NAME:P1} melihat ular yang licin\ndan melata yang melilit pohon.	Di dahan seterusnya, {NAME:P1} melihat ular yang licin\ndan menjalar berlingkar di pokok.	عند الغصن التالي، رأت {NAME:P1} أفعى زَلقة مُلتفّة حول الشجرة.
girl.page.20	“Mmm, fresh squirrel, my favourite” hissed the snake.\n“I haven't eaten all morning and I'm very hungry.”	«Ммм, свеженькая белочка, моя любимая, – прошипела\nзмея. – Я не ела с утра, и я очень голодна».	„Mh, ein frisches Eichhörnchen, meine Lieblingsspeise“, zischte die Schlange.\n„Ich habe heute noch nichts gegessen und bin sehr hungrig.“	« Miam, un écureuil, mon plat favori, siffla le serpent.\nJe n'ai pas mangé ce matin et j'ai très faim. »	«Una scoiattolina fresca di giornata… il mio piatto preferito»,\nsibilò il serpente. «Non ho ancora fatto colazione, e ho un certo appetito».	“Humm, uma esquilo fresca, meu prato favorito”, silvou a cobra.\n“Não comi nada a manhã toda e estou morrendo de fome.”	“Mmm, ardilla fresca, mi favorita”, siseo la serpiente.\n“No he comido nada en toda la mañana y tengo mucha hambre”.	「ん​ーー、​うま⁠そう⁠な​リス、​私⁠の​好物」​ヘビ⁠が​シャー⁠っと​言い\nまし⁠た。​「朝⁠から​何⁠も​食べ⁠て​なく⁠て、​とっても⁠お腹⁠が​空い​てる​ん⁠だ」	“Mmm, tupai segar, favoritku” si ular berdesis.\n“Sejak pagi aku belum makan dan sekarang lapar sekali.”	“Mmm, tupai segar, memang kegemaran saya” desis ular.\n“Aku belum makan sejak pagi dan aku sangat lapar.”	”ممم، سنجبةٌ طازجة، وجبتي المُفضلة. لم آكل شيئًا طوال الصباح وأنا جائعٌ جدًا“.
girl.page.21	As the snake lunged, {NAME:P1} bravely leaped into the air\nand grabbed onto the snake’s tail.	Змея сделала выпад, но {NAME:P1} смело прыгнула в воздух\nи ухватилась за змеиный хвост.	Die Schlange schnellte nach vorne, aber {NAME:P1} sprang\nmutig in die Luft und griff den Schwanz der Schlange.	Le serpent se précipita mais {NAME:P1} fit un bond dans les airs\net se rattrapa à la queue du reptile.	Il serpente balzò in avanti, ma {NAME:P1} si lanciò\nnel vuoto e lo afferrò per la lunga coda.	Quando a cobra avançou, {NAME:P1} saltou\ncorajosamente no ar e agarrou-se à cauda da cobra.	Cuando la serpiente se abalanzó, {NAME:P1} saltó en el aire\ny se agarró valientemente de la cola de la serpiente.	ヘビ⁠が​突っ込ん⁠で​き⁠た​時、​{NAME:P1}​は​勇敢⁠に​空中⁠に\nジャンプ​し、​ヘビ⁠の​シッポ⁠に​つかまり⁠まし⁠た。	Saat si ular menyerang, {NAME:P1} dengan berani\nmelompat di udara dan menyambar ekor si ular.	Ketika ular itu menerpa, {NAME:P1} dengan berani\nmelompat ke udara dan berpegang pada ekor ular itu.	عندما انقضّت الأفعى على {NAME:P1}، قفزت بِشجاعة في الهواء وأمسكت بِذيلها.
girl.page.22	“Take that, Mr snake, ha ha!” {NAME:P1} yelled,\nas she skillfully swung around the branch and even higher up the tree.	«А вот тебе, змея, ха-ха!» – завопила {NAME:P1},\nловко перекрутившись вокруг ветки и бросившись наверх.	„Nicht mit mir, Schlange, ha, ha!“, rief {NAME:P1},\nals sie sich geübt um den Ast schwang und noch höher den Baum hochsprang.	« Voilà pour toi, vilain serpent ! » cria {NAME:P1} en agrippant habilement\nla branche suivante et en grimpant encore plus haut.	«Beccati questo, signor serpente! Ah ah!»,\ngridò {NAME:P1}, dandosi lo slancio e volando verso l’alto.	“Fique com essa, senhora cobra, ha ha!”, gritou {NAME:P1}\nenquanto subia até um galho ainda mais alto da árvore.	“¡Qué tal esto, señora serpiente, ja, ja!” gritó {NAME:P1} girando\nhábilmente alrededor de la rama, elevándose por el árbol.	「ハハハ⁠！⁠残念、​ヘビ⁠さん⁠！」​{NAME:P1}​は​枝⁠で\n高く​スイング​し⁠て​飛び上がる​準備⁠を​し⁠ながら、​叫び⁠まし⁠た。	“Rasakanlah, Pak Ular, ha ha!” {NAME:P1} berteriak,\nsaat dia dengan gesit berayun-ayun di dahan dan semakin tinggi di pohon.	“Rasakan, En Ular, ha ha!” {NAME:P1} menjerit, sambil dia mengayun\ndiri dengan mahir di sekeliling dahan malahan naik lebih tinggi lagi.	صاحت {NAME:P1} وهي تَتأرجح بِمهارة حول الغصن\nوتَصعد إلى أعلى: ”تَلقّي هذه أيتها الأفعى، هاها!“
girl.page.23	When she landed {NAME:P1} was standing beside a bustling bees nest.\nThere was honey all over the branch.	{NAME:P1} приземлилась прямо возле шебуршащего\nпчелиного гнезда. По всей ветке был размазан мёд.	Als sie landete, stand {NAME:P1} direkt neben einem summenden Bienennest.\nDer ganze Ast war mit Honig beschmiert.	{NAME:P1} atterrit alors juste à côté d'un nid d'abeilles affairées.\nLa branche était recouverte de miel.	Quando giunse sul ramo successivo, {NAME:P1} vide un alveare\nin cui c’era un gran viavai. C’era miele su tutto il ramo.	Chegando no outro galho, {NAME:P1} foi parar ao lado\nde uma colmeia movimentada. Havia mel espalhado por todo o galho.	Cuando aterrizó, {NAME:P1} estaba junto\na una alborotada colmena. Había miel por toda la rama.	{NAME:P1}​は、​ブンブン⁠ブンブン⁠音⁠を​立てる​ハチ⁠の​巣⁠の\n横⁠に​着地​し⁠まし⁠た。​枝⁠中、​ハチミツ⁠だらけ⁠です。	Saat mendarat, {NAME:P1} berdiri di samping sarang lebah\nyang sibuk. Madu berleleran di seluruh dahan.	Apabila dia mendarat, {NAME:P1} sedang berdiri di tepi sarang lebah\nyang sibuk. Madu berlumuran di atas seluruh dahan itu.	عندما هبطت {NAME:P1} على الغصن التالي، وَجدت نفسها بجانب خَلية\nنحل مُزدحمة. كان العسل يَتدفق من الخَلية ويُغطي الغصن بِالكامل.
girl.page.24	“Turn back, young squirrel!” they buzzed, “A bear has pinched all our honey,\nwe're very angry and you may get stung if you come by us today.”	«Возвращайся назад, белка, – зажужжали пчёлы. – Медведь украл весь\nнаш мёд. Мы очень злые, и ужалим тебя, если ты пройдёшь мимо нас».	„Zurück, Eichhörnchen“, summten die Bienen. „Der Bär hat unseren Honig\ngestohlen. Wir sind sehr böse und stechen dich, wenn du weitergehst.“	« Fais demi-tour, petit écureuil, bourdonnèrent les abeilles.\nL'ours a volé notre miel et nous te piquerons si tu t’approches. »	«Vattene via!», ronzarono le api. «Un orso ci ha rubato tutto il miele,\ne noi siamo piuttosto nervose. Se ti avvicinerai, ti pungeremo!»	“Saia, esquilo”, as abelhas zumbiram. “Um urso pegou todo o nosso mel,\nestamos muito zangadas e podemos te picar se você passar por nós hoje.”	“Vuelve, joven ardilla”, zumbaban. “Un oso nos ha robado toda la miel,\nestamos furiosas y te picaremos si te acercas”.	「帰り⁠な​リス⁠ちゃん」​ハチ⁠は​言い⁠まし⁠た。​「クマ⁠に​全て⁠の​ハチミツ⁠を\n食べ⁠られ⁠て​機嫌⁠が​悪い⁠から、​近づか⁠れる⁠と​刺し​ちゃう⁠かも​しれ⁠ねえ」	“Pergi, tupai muda!” mereka berdengung, “Seekor beruang mengambil semua\nmadu kami, kami marah dan kamu mungkin tersengat kalau ke sini hari ini.”	“Pergi balik, tupai!” mereka berdengung, “Beruang curi semua madu kami,\nkami amat marah dan mungkin menyengat kamu jika lalu di sini hari ini.”	”عُودي من حيث أتيتِ أيتها السنجبة الصغيرة!“ قالَت النحلات بِغضب،\n”لقد سرق الدب كل عسلنا، ونحن غاضبات جدًا وقد نَلدغك اليوم“.
girl.page.25	“How can I get through?” {NAME:P1} wondered.	«Но как же мне пройти?» – подумала {NAME:P1}.	„Wie komme ich hier nur vorbei?“, fragte sich {NAME:P1}.	« Comment faire pour passer ? » se demanda {NAME:P1}.	«Che cosa posso fare?», si domandò {NAME:P1}.	“Como eu vou fazer para passar?”, {NAME:P1} se perguntou.	“¿Cómo podría pasar?” se preguntó {NAME:P1}	「どう⁠やっ⁠て​通ろ⁠う⁠かしら⁠？」\n​{NAME:P1}​は​考え⁠ます。	“Bagaimana aku bisa melewati mereka?” {NAME:P1} bertanya-tanya.	“Bagaimanakah saya dapat lalu?” {NAME:P1} tertanya-tanya.	تساءلت {NAME:P1}: ”كيف لي أن أَمُر من هنا؟“
girl.page.26	Just then, she noticed a big pile of brown and yellow leaves on the branch.	И в этот момент она заметила большой ворох коричневых\nи жёлтых листьев на ветке.	In diesem Augenblick bemerkte sie auf dem Ast\neinen großen Haufen brauner und gelber Blätter.	Elle remarqua alors un tas de feuilles brunes\net jaunes sur une branche plus basse.	Notò in quel momento delle foglie marroni e gialle su un ramo.	Até que ela notou uma grande pilha de folhas marrons e amarelas no galho.	Justo en ese momento vio\nun montón de hojas marrones y amarillas en la rama.	その⁠時、​{NAME:P1}​は​枝⁠の​上⁠に、​黄色⁠と​茶色⁠の\n葉っぱ⁠の​山⁠が​ある​こと⁠に​気がつき⁠まし⁠た。	Saat itu, dia melihat tumpukan daun berwarna cokelat dan kuning di dahan itu.	Tiba-tiba sahaja, dia ternampak setimbunan besar\ndaun berwarna perang dan kuning di dahan itu.	في تلك اللحظة، لَاحظت كومةً كبيرةً من أوراق الشجر البُنية والصفراء على الغصن.
girl.page.27	Sticking the leaves all over herself with honey,\n{NAME:P1} cunningly disguised herself as a bee.	{NAME:P1} вывалялась в листьях с ног до головы, обмазавшись мёдом,\nи таким образом искусно замаскировалась под пчелу.	{NAME:P1} bestrich sich mit Honig, wälzte sich von Kopf\nbis Fuß in den Blättern und verkleidete sich listig als Biene.	{NAME:P1} se couvrit de feuilles en utilisant le miel\npour colle et le petit écureuil rusé se retrouva déguisé en abeille.	E così le venne un’idea. {NAME:P1} decise di travestirsi\nda ape: usò il miele come colla, e si incollò le foglie sul pelo.	Colando as folhas por todo o seu corpo com mel,\n{NAME:P1} disfarçou-se astuciosamente de abelha.	Con la miel pegoteó las hojas sobre todo su cuerpo;\nastuta, {NAME:P1} se hizo pasar por una abeja.	その⁠葉っぱ⁠を​ハチミツ⁠で​体⁠中⁠に​くっつけ⁠ます。	Dengan merekatkan dedaunan ke tubuhnya menggunakan madu,\n{NAME:P1} dengan cerdik menyamar menjadi lebah.	Dengan melekatkan semua daun di badannya dengan madu,\n{NAME:P1} menyamar diri dengan licik sebagai lebah.	قامت {NAME:P1} بِإلصاق الأوراق على جسمها بِالعسل، وتنكّرت بِزيّ نحلة.
girl.page.28	“Buzz buzz, I'm a real bee, a very real bee, buzz buzz” {NAME:P1} said,\nas she carefully crept through the swarm.	«Ж-ж-ж, я настоящая пчела, самая настоящая пчела, ж-ж-ж», – пропела\n{NAME:P1}, осторожно прокравшись сквозь пчелиный рой.	„Sssumm, ich bin eine Biene, eine wirklich echte Biene, sssumm“,\nsummte {NAME:P1} und schlich vorsichtig durch den Bienenschwarm.	« Bzz-bzz, je suis une vraie abeille, une vraie abeille, bzz, »\nchanta {NAME:P1} en traversant l’essaim avec précaution.	«Bzz-bzz, sono un’ape, una vera ape, bzz-bzz»,\ndisse {NAME:P1}, passando con cautela in mezzo allo sciame.	“Buzz buzz, eu sou uma abelha de verdade, buzz buzz”, disse {NAME:P1}\nenquanto ela rastejava cuidadosamente através das abelhas.	“Buzz buzz, soy una abeja real, una abeja muy real, buzz buzz” zumbaba\n{NAME:P1} mientras avanzaba cautelosamente a través del enjambre.	「ブンブン、​私⁠は​本物⁠の​ハチ⁠だ。​本物⁠の​ハチ⁠だ、​ブンブン」\n{NAME:P1}​は​ハチ⁠の​群れ⁠の​中⁠を​そっと⁠進み⁠ながら​言い⁠まし⁠た。	“Ngung ngung, aku lebah sebenarnya, lebah yang sangat asli, ngung ngung”\nkata {NAME:P1}, sambil dengan hati-hati melewati kerumunan lebah.	“Ngung ngung, saya lebah sebenar, lebah yang betul-betul, ngung ngung”\n{NAME:P1} berkata sambil hati-hati merangkak melalui kawanan lebah.	قالت {NAME:P1} وهي تَزحف بِحذر بين النحلات:\n”وزز وزز، أنا نحلة حقيقية، نحلة حقيقية جدًا، وزز وزز“.
girl.page.29	Surprisingly, the bees seemed convinced by {NAME:P2} disguise\nand left her alone as she pressed on further up the tree.	Удивительно, но пчёлы поверили в то, что {NAME:P1} была пчелой, и\nоставили её в покое, а {NAME:P1} пробралась дальше вверх по дереву.	Erstaunlicherweise glaubten die Bienen, dass {NAME:P1} eine von ihnen war,\nund ließen sie in Ruhe, als sie höher kletterte.	Étonnamment, les abeilles crurent\nque {NAME:P1} était une des leurs et la laissèrent grimper plus haut.	Le api sembrarono convinte che {NAME:P1} fosse una di loro\ne la lasciarono passare. E così la scoiattolina continuò a salire.	Surpreendentemente, as abelhas ficaram convencidas com o disfarce\nda {NAME:P1} e a deixaram em paz enquanto ela subia na árvore.	Sorprendentemente, {NAME:P1} engañó a las abejas\ncon su disfraz y se alejaron de ella mientras seguía subiendo por el árbol.	驚い⁠た​こと⁠に、​ハチ⁠たち⁠は​{NAME:P1}​の​変装⁠に​気づい⁠て​おら⁠ず、\n{NAME:P1}​が​また⁠木⁠を​登ろ⁠う⁠として⁠も​何⁠も​し⁠て​き⁠ませ⁠ん⁠でし⁠た。	Mengejutkannya, para lebah itu terlihat percaya dengan penyamaran\n{NAME:P1} dan membiarkannya terus naik ke atas pohon.	Yang hairannya, lebah-lebah itu nampak yakin dengan penyamaran\n{NAME:P1} dan membiarkannya ketika dia terus memanjat pokok lebih tinggi.	والمُفاجئ أن النحلات صدّقت تنكّر {NAME:P1} وتركتها تَمُر دون أن يُؤذينها.
girl.page.30	At the next branch {NAME:P1} met a woodpecker,\npecking a cozy little nest in the tree for his young family.	На следующей ветке белочка повстречала дятла, который выдалбливал\nклювом уютное маленькое гнездышко для своей семьи.	Auf dem nächsten Ast traf {NAME:P1} einen Specht, der mit dem Schnabel\nein gemütliches kleines Nestchen für seine Familie baute.	Sur la branche suivante {NAME:P1} découvrit un pivert\nqui creusait avec son bec un petit nid douillet pour sa famille.	Al ramo successivo, {NAME:P1} incontrò un picchio\nche stava preparando un piccolo nido per la sua famiglia.	No próximo galho, {NAME:P1} encontrou um pica-pau. Ele estava\nbicando a árvore e construindo um ninho aconchegante para a sua família.	En la siguiente rama, {NAME:P1} se encontró con un pájaro carpintero\nque construía un acogedor nido en el árbol para su joven familia.	次⁠の​枝⁠の​ところ⁠で⁠は、​{NAME:P1}​は、​木⁠を​つつい⁠て​小さな\n家族⁠の​ため⁠に​快適⁠な​巣⁠を​作っ⁠て​いる、​キツツキ⁠に​出会い⁠まし⁠た。	Di dahan berikutnya, {NAME:P1} bertemu dengan burung pelatuk,\nyang sedang mematuk sarang kecil nyaman untuk keluarga mudanya.	Di dahan seterusnya {NAME:P1} bertemu belatuk,\nmematuk sarang kecil yang selesa untuk keluarganya.	عند الغصن التالي، التقت {NAME:P1} بِطائر نَقّار الخَشب\nالذي كان يَنقر عُشًا صغيرًا لِعائلته في الشجرة.
girl.page.31	By this time she was very tired\nand was wondering if she would ever reach the top.	К этому времени {NAME:P1} уже сильно устала и сомневалась,\nчто сможет добраться до вершины.	Inzwischen war sie sehr müde geworden und fragte sich,\nob sie jemals den Wipfel erreichen würde.	Il se faisait tard et {NAME:P1} était très fatiguée.\nElle ne savait pas si elle pourrait atteindre le sommet de l’arbre.	Ma si sentì improvvisamente stanchissima.\nSarebbe mai riuscita ad arrivare in cima?	A essa altura, ela estava muito cansada\ne na dúvida se conseguiria chegar ao topo da árvore algum dia.	Al llegar allí estaba muy cansada\ny comenzó a dudar sobre si realmente podría llegar a la cima.	この⁠時、​{NAME:P1}​は、​もう⁠クタクタ⁠で、​本当に\n頂上⁠まで​行ける​の⁠か​どう⁠か⁠も​わかり⁠ませ⁠ん⁠でし⁠た。	Saat ini dia sangat lelah dan penasaran\napakah dia bisa sampai ke puncak pohon.	Ketika ini dia sudah terlalu letih dan tertanya-tanya\nsama ada dia akan dapat sampai ke puncak.	في هذه الأثناء، كانت تشعر بالتعب الشديد،\nوتتساءل عما إذا كانت ستصل إلى قمة الشجرة يومًا ما.
girl.page.32	“Could I rest here for a while, Mr Woodpecker?” asked {NAME:P1}.\n“I'm very weary and I'm trying to climb all the way to the top of the tree.”	«Можно мне отдохнуть здесь немного, господин Дятел?\nЯ очень устала, а мне нужно забраться на самую верхушку дерева».	„Darf ich mich hier etwas ausruhen, Herr Specht?“, fragte {NAME:P1}.\n„Ich bin sehr müde und muss noch bis zur Krone klettern.“	« Puis-je me reposer un peu ici, monsieur le pivert ? lui demanda\n{NAME:P1}. Je suis fatiguée mais je dois aller au sommet de l’arbre. »	«Signor picchio, non è che potrei riposarmi qui un momento?»,\nchiese {NAME:P1}. «Sono tanto stanca e devo arrivare lassù in cima».	“Eu poderia descansar aqui um pouco, senhor pica-pau?”, perguntou\n{NAME:P1}. “Estou muito exausta e tentando subir até o topo da árvore.”	“¿Podría descansar aquí, señor pájaro carpintero?” preguntó {NAME:P1}.\n“Estoy muy cansada y quiero trepar hasta lo más alto del árbol”.	「キツツキ⁠さん、​ここ⁠で​少し⁠休ん⁠で⁠も​いい⁠？」​{NAME:P1}​は\n聞き⁠まし⁠た。​「頂上⁠まで​行き⁠たい​ん⁠だ⁠けど、​今⁠は​クタクタ⁠な​の」	“Bisakah aku beristirahat di sini sebentar, Pak Burung Pelatuk?” tanya\n{NAME:P1}. “Aku sangat lelah dan mencoba memanjat sampai ke puncak.”	“Bolehkah saya berehat di sini sebentar, En Belatuk?” tanya {NAME:P1}.\n“Saya amat penat dan cuba memanjat jauh hingga ke puncak pokok.”	سألت {NAME:P1} طائر نقّار الخَشب: ”هل يُمكنني الراحة هنا لِبُرهة؟\nأنا مُرهقة جدًا، وأُحاول مُنذ وقتٍ طويل الوصول إلى قمة الشجرة“.
girl.page.33	“I'm afraid my nest is only small” said the woodpecker,\n“way too small for a squirrel.”	«Боюсь, моё гнездо маловато, – ответил дятел. – Слишком мало для белки».	„Ich fürchte, mein Nest ist zu klein“, erwiderte der Specht.\n„Viel zu klein für ein Eichhörnchen.“	« Je crains que mon nid ne soit trop petit\npour un écureuil, » lui répondit le pivert.	«Temo che il mio nido sia troppo piccolo per te, scoiattolina», disse il picchio.	“Acho que o meu ninho é muito pequeno”,\ndisse o pica-pau, “pequeno demais para uma esquilo.”	“Me temo que mi nido es pequeño”\ndijo el pájaro carpintero, “muy pequeño para una ardilla”.	「この⁠巣⁠は​とっても⁠小さい​ん⁠だ⁠よ⁠ね」​キツツキ⁠は​言い⁠まし⁠た。\n「リス⁠の​体⁠に⁠は​小さ​すぎる⁠と​思う⁠なあ」	“Aku rasa sarangku kecil” ujar si burung pelatuk,\n“terlalu kecil untuk seekor tupai.”	“Saya risau sarang saya terlalu kecil” kata belatuk,\n“terlalu kecil untuk seekor tupai.”	أجاب نقّار الخَشب: ”أخشى أن عُشي صغير جدًا، لا يَتّسع لِسنجبة“.
girl.page.34	“Oh no, what shall I do?” Replied {NAME:P1}, “I'm so tired\nand I need to climb even further if I'm going to reach the top.”	«О нет! Что же мне делать? – воскликнула {NAME:P1}. – Я так устала,\nи мне нужно ещё карабкаться, если я хочу достичь вершины».	„Oh nein! Was soll ich jetzt machen?“ erwiderte {NAME:P1}.\n„Ich bin so müde und muss noch klettern, wenn ich den Wipfel erreichen will.“	« Oh non ! Que faire ? s’exclama {NAME:P1}. Je suis si fatiguée\net je dois continuer à grimper, si je veux arriver au sommet. »	«Oh. E adesso che faccio?», esclamò {NAME:P1}.\n«Sono così stanca, e la salita è ancora lunga…»	“Ah, não, e agora, o que eu faço?”, respondeu {NAME:P1}.\n“Estou tão cansada e preciso subir ainda mais alto se quiser chegar ao topo.”	“Oh, ¿qué puedo hacer?” replicó {NAME:P1}. “Estoy muy cansada\ny me queda aún un largo trecho que trepar para llegar hasta la cima”.	「ああ、​どう⁠しよ⁠う⁠かしら」​{NAME:P1}​は​言い⁠まし⁠た。​「本当に\n疲れ⁠た⁠し、​もし⁠頂上⁠まで​行く⁠なら、​もっと⁠登ら⁠なきゃ​いけ⁠ない⁠し」	“Oh tidak, apa yang harus kulakukan?” Jawab {NAME:P1}, “Aku sangat lelah\ndan harus memanjat lebih tinggi lagi untuk sampai ke puncak.”	“Oh tidak, apakah yang patut saya buat?” Balas {NAME:P1}, “Saya amat letih\ndan perlu memanjat lebih tinggi jika hendak sampai ke puncak.”	قالت {NAME:P1} بِقلق: ”ماذا أفعل؟ أنا مُتعبةٌ جدًا،\nولا يزال أمامي مَسافة طويلة لِلوصول إلى القمة“.
girl.page.35	“Hm. There are lots of fresh chestnuts on this tree. If you can find them\nthey will give you the energy you need to continue.”	«Хм. На этом дереве полно орехов. Если найдёшь их,\nони придадут тебе сил, чтобы добраться до верха».	„Hm. Dieser Baum ist voller Kastanien.\nWenn du sie findest, geben sie dir Kraft, um den Wipfel zu erreichen.“	« Cet arbre est couvert de châtaignes. Si tu les trouves,\nelles te donneront la force d’aller au sommet, » lui confia l’oiseau.	«Questo albero è pieno di castagne. Se ti fermi a mangiarne qualcuna,\navrai tutta l’energia di cui hai bisogno per la tua arrampicata».	“Hum. Há muitas castanhas frescas nesta árvore.\nSe você conseguir encontrá-las, você terá energia suficiente para continuar.”	“Mmmm. Hay muchas castañas frescas en este árbol.\nSi puedes encontrarlas te darán la energía que necesitas para continuar”.	「ん​ー、​この⁠木⁠に⁠は​新鮮⁠な​くるみ⁠が​たくさん​ある⁠から、\nそれ⁠を​見つけ⁠て​食べ⁠られ⁠たら、​また⁠登る​元気⁠が​出る⁠と​思う⁠よ」	“Hm. Di pohon ini banyak kastanye segar. Kalau kamu bisa menemukannya,\nkamu akan mendapatkan energi untuk melanjutkan perjalanan.”	“Hm. Ada banyak buah berangan segar di atas pokok ini. Jika kamu\ndapat mencarinya, kamu akan mendapat tenaga untuk terus memanjat.”	”مم. هناك الكثير من ثمار الكستناء الطازجة على هذه الشجرة. إذا تمكنتِ من\nالعثور عليها، فسوف تُعطيكِ الطاقة التي تحتاجينها للاستمرار في التسلق“.
girl.page.36	“Thank you Mr. Woodpecker” said {NAME:P1},\nand off she went in search of the tasty chestnuts.	«Спасибо, господин Дятел», – сказала {NAME:P1}\nи отправилась на поиски вкусных орехов.	„Vielen Dank, Herr Specht“, sagte {NAME:P1}\nund machte sich auf die Suche nach den leckeren Kastanien.	« Merci, monsieur le pivert, » s’exclama {NAME:P1}\navant de partir à la recherche de bonnes châtaignes.	«Grazie, signor picchio!», rispose {NAME:P1},\ne si mise subito alla ricerca delle castagne.	“Obrigada, senhor pica-pau”, disse {NAME:P1},\ne ela saiu em busca das saborosas castanhas.	“Gracias, señor pájaro carpintero” dijo {NAME:P1},\ny se fue a buscar las deliciosas castañas.	「ありがとう、​キツツキ⁠さん」​{NAME:P1}​は​そう⁠言い、\nくるみ⁠を​探し⁠に​出かけ⁠まし⁠た。	“Terima kasih, Pak Burung Pelatuk”\nucap {NAME:P1}, dan pergilah dia mencari kastanye yang enak.	“Terima kasih En Belatuk” kata {NAME:P1},\ndan dia pun pergi mencari buah berangan yang enak itu.	شكرت {NAME:P1} طائر نقّار الخَشب، وانطلقت للبحث عن ثمار الكستناء اللذيذة.
girl.page.37	Using all her squirrel skills, {NAME:P1} easily found the nuts,\nand she munched and nibbled and crunched until she was nice and full.	Применив всё своё беличье умение, {NAME:P1} легко разыскала орехи\nи грызла, и лущила, и хрустела, пока не наелась до отвала.	{NAME:P1} wandte all ihr Eichhörnchenwissen an und fand mühelos\ndie Nüsse, die sie knackte, schälte und knabberte, bis sie satt war.	{NAME:P1} étant un écureuil, elle trouva les châtaignes facilement.\nPuis elle grignota jusqu'à se retrouver bien rassasiée.	Essendo una scoiattolina, {NAME:P1} trovò molto\nfacilmente le castagne e si fece una bella scorpacciata.	Usando todas as suas habilidades de esquilo, {NAME:P1} encontrou\nas castanhas facilmente. Ela foi comendo até ficar bem e satisfeita.	Con sus habilidades de ardilla {NAME:P1} encontró fácilmente\nlas castañas; las mordisqueó y masticó hasta que se sintió mejor y satisfecha.	いつも⁠の​よう⁠に​くるみ⁠を​探し⁠たら、​簡単⁠に​見つける​こと⁠が​でき⁠まし⁠た。\nそして、​ムシャムシャ​お腹⁠が​いっぱい⁠に​なる⁠まで​食べ⁠まし⁠た。	Berkat semua kemampuan tupainya, {NAME:P1} pun mudah menemukan\nkacang itu, lalu dia mengunyah menggigit dan mengerkah sampai kenyang.	Menggunakan semua kemahiran tupai, {NAME:P1} mencari buah itu dengan mudah,\ndan dia mengunyah, menggigit dan mengerkahnya hingga kenyang.	باستخدام مهاراتها كَسنجبة، وجدت {NAME:P1} ثمار الكستناء بِسهولة،\nوقامت بِقضمها وتناولتها حتى شبعت.
girl.page.38	Then, feeling refreshed, she continued further on up the tree. {NAME:P1}\nwas nearly at the top now and the branches were swaying in the wind.	И тогда, с чувством удовлетворения, она продолжила свой путь к вершине\nдерева. {NAME:P1} была уже близко, и ветви раскачивались в воздухе.	Erfrischt setzte sie ihren Weg zum Wipfel fort.\n{NAME:P1} war fast oben angekommen, und die Äste schaukelten in der Luft.	Revigorée, elle reprit son chemin vers le haut de l'arbre.\nElle était tout proche maintenant et sentait le vent dans l’arbre.	Quindi, sentendosi più forte, continuò a salire.\n{NAME:P1} era quasi in cima, adesso, e i rami ondeggiavano al vento.	Depois, sentindo-se revigorada, ela continuou subindo na árvore. Agora,\n{NAME:P1} estava perto do topo e os galhos balançavam com o vento.	Continuó trepando hacia la cima del árbol. {NAME:P1} estaba llegando\na la copa cuando las ramas comenzaron a balancearse por el viento.	すると⁠力⁠が​戻っ⁠て、​また⁠頂上⁠に​向け⁠て​登り​始め⁠まし⁠た。\n{NAME:P1}​は​頂上⁠の​すぐ⁠そこ⁠まで​来⁠まし⁠た。​風⁠で​枝⁠が​大きく​ゆれ⁠て​い⁠ます。	Setelah segar kembali, dia melanjutkan perjalanan ke puncak. {NAME:P1}\nhampir sampai di puncak dan dahan-dahan pun berayun terkena angin.	Kemudian, berasa lebih segar, dia meneruskan memanjat pokok itu.\n{NAME:P1} kini hampir sampai di puncak dan dahannya berayun dalam angin.	شعرت {NAME:P1} بِنشاط مُتجدد، فأكملت طريقها صعودًا على الشجرة.\nكانت قريبةً جدًا من القمة في تلك اللحظة، وكانت الأغصان تتأرجح بِفعل الرياح.
girl.page.39	She looked down at the forest floor.\nShe was so high up that she was afraid to continue…	Она взглянула вниз, на лесную подстилку.\n{NAME:P1} была так высоко, что боялась двигаться выше…	Sie blickte hinunter auf den Waldboden.\nSie war nun so hoch oben, dass sie Angst hatte, höher zu klettern…	{NAME:P1} baissa les yeux vers le sol.\nElle était si haut qu’elle ne pensait pas pouvoir continuer…	La scoiattolina guardò giù e si sentì impaurita. Era così in alto!	Ela olhou para baixo em direção ao chão da floresta.\nEla estava em um lugar tão alto que ficou com medo de continuar…	Miró hacia abajo, hacia el suelo.\nHabía llegado tan alto que le daba miedo continuar…	{NAME:P1}​は​森⁠の​地面⁠を​見下ろし⁠まし⁠た。​とても⁠高い\n場所⁠に​いる​こと⁠が​怖く​なっ⁠て、​これ​以上​登れ⁠ませ⁠ん。	Dia memandang ke permukaan tanah. Kini posisinya sudah sangat tinggi,\nsampai-sampai dia takut untuk melanjutkan…	Dia memandang ke bawah ke arah lantai hutan.\nDia berada amat tinggi di atas sehingga berasa takut untuk terus memanjat…	نظرت إلى أسفل، وشعرت بالخوف من المُتابعة، فقد كانت عاليةً جدًا…
girl.page.40	Just then, {NAME:P2} friends cheered down to her from the tree-top.\n“You can do this, {NAME:P1}, come and join us at the top!”	И в этот момент друзья белочки ободряюще закричали ей:\n«Ты сделаешь это, {NAME:P1}. Поднимайся к нам на вершину!»	In diesem Moment riefen ihre Freunde ihr vom Wipfel ermutigend zu:\n„Du schaffst es, {NAME:P1}. Komm zu uns herauf!“	C’est alors qu’elle entendit les encouragements de ses amis :\n« Tu peux le faire, {NAME:P1}. Rejoins-nous au sommet ! »	Ma in quel momento, dalla cima dell’albero, sentì le voci dei suoi amici:\n«Ehi, {NAME:P1}! Ci sei quasi! Puoi farcela!»	Nesse momento, os amigos de {NAME:P1} a incentivaram do topo\nda árvore: “Você consegue, {NAME:P1}, venha e junte-se a nós no topo!”	Fue entonces cuando los amigos de {NAME:P1} la alentaron desde\nlo alto. “¡Tú puedes, {NAME:P1}, ven y únete a nosotros en la cima!”	その⁠時、​{NAME:P1}​の​友達⁠が​頂上⁠から​応援​し⁠て​くれ⁠まし⁠た。\n「{NAME:P1}​なら​できる、​ここ⁠に​来⁠て​一緒⁠に​楽しも⁠う⁠！」	Pada saat itulah, teman-teman {NAME:P1} meneriakinya dari puncak pohon.\n“Kamu pasti bisa, {NAME:P1}, ayo ikut kami di atas!”	Sejurus kemudian, kawan-kawan {NAME:P1} bersorak dari puncak pokok.\n“Kamu boleh, {NAME:P1}, datang dan sertai kami di puncak!”	وفي تلك اللحظة، صاحت صديقات {NAME:P1} من أعلى الشجرة:\n”بإمكانكِ فعلها يا {NAME:P1}، هيا انضمي إلينا في الأعلى!“
girl.page.41	Encouraged by her friends, {NAME:P1} looked up, faced her fears\nand bravely climbed to the very top of the tree.	Вдохновлённая друзьями, {NAME:P1} посмотрела вверх,\nпоборола страх и смело вскарабкалась на самую верхушку дерева.	Von ihren Freunden angefeuert, blickte {NAME:P1} nach oben,\nbesiegte ihre Angst und kletterte mutig auf den Baumwipfel.	Motivée par les cris de ses amis, {NAME:P1} regarda en haut, surmonta sa peur\net grimpa courageusement jusqu’au sommet de l'arbre.	Incoraggiata, {NAME:P1} alzò lo sguardo, cercò di mandar\nvia le sue paure e riprese a salire con coraggio verso la cima.	Encorajada por seus amigos, {NAME:P1} olhou para cima,\nenfrentou seus medos e, corajosamente, subiu até o topo da árvore.	Alentada por sus amigos, {NAME:P1} miró hacia arriba,\nenfrentó sus miedos y trepó valientemente hasta la cima del árbol.	友達⁠に​応援​さ⁠れ⁠て、​{NAME:P1}​は​顔⁠を​上げ⁠まし⁠た。\n怖⁠さ⁠に​立ち向かっ⁠て、​勇敢⁠に、​頂上⁠まで​登り​切り⁠まし⁠た。	Dengan dorongan teman-temannya, {NAME:P1} mendongakkan kepala,\nmelawan rasa takutnya dan dengan berani memanjat sampai ke puncak pohon.	Dengan galakan kawan-kawannya, {NAME:P1} memandang ke atas,\nmenghadapi rasa takutnya dan memanjat dengan berani ke puncak yang tertinggi.	شجّعتها صديقاتها، فنظرت {NAME:P1} إلى الأعلى،\nوتحدت خوفها، وصعدت بِشجاعة إلى قمة الشجرة.
girl.page.42	And the wise old owl was right, {NAME:P1} did receive\na wonderful reward. She felt fantastic, and she was no longer afraid.	Мудрая сова оказалась права. {NAME:P1} получила замечательное\nвознаграждение – она чувствовала себя замечательно и больше не боялась.	Die weise Eule hatte recht, {NAME:P1} erhielt eine wunderbare Belohnung:\nSie fühlte sich blendend und hatte keine Angst mehr.	Maître Hibou avait raison. {NAME:P1} fut bien récompensée :\nelle se sentait incroyablement bien et n'avait plus peur.	Il vecchio gufo aveva ragione: {NAME:P1} ottenne una grande ricompensa.\nSi sentiva improvvisamente più leggera, perché non aveva più paura!	E a velha e sábia coruja estava certa – {NAME:P1} de fato recebeu\numa recompensa maravilhosa. Ela se sentia incrível e não estava com medo.	El sabio y anciano búho tenía razón; {NAME:P1} obtuvo\nuna maravillosa recompensa. Se sentía fantástica y ya no tenía miedo.	あの⁠歳⁠を​とっ⁠た​賢い​フクロウ⁠の​言っ⁠た​通り⁠でし⁠た。​すばらしい​もの⁠を\n手⁠に​入れ⁠まし⁠た。​怖⁠さ⁠は​消え、​すばらしい​気分⁠に​なり⁠まし⁠た。	Dan si burung hantu tua nan bijak itu memang benar, {NAME:P1}\nmendapatkan imbalan luar biasa. Dia merasa hebat, dan tidak takut lagi.	Betul kata burung hantu yang tua tetapi bijaksana, {NAME:P1} memang\nmenerima ganjaran menakjubkan. Dia berasa hebat dan tidak lagi takut.	وكانت البومة الحكيمة على حق، فقد حصلت {NAME:P1} على مُكافأة رائعة.\nشعرت بِسعادة غامرة، ولم تَعد تشعر بِالخوف.
girl.page.43	And as she sat with her friends to gaze across the lush, green forest,\nthe view was truly wonderful.	И когда она уселась с друзьями и взглянула на пышный зелёный лес,\nэто зрелище было поистине чудесным.	Als sie sich mit ihren Freunden hinsetzte und den herrlichen grünen\nWald betrachtete, bot sich ihnen ein wahrlich wundervoller Anblick.	Et une fois assise avec ses amis,\nelle put découvrir la vue magnifique qu’offrait le bois vert et touffu.	E mentre se ne stava seduta con i suoi amici, poté vedere con i suoi occhi\nche la foresta, da lassù, era davvero meravigliosa!	E enquanto ela se sentava com seus amigos,\nela contemplava a floresta exuberante. A vista era realmente maravilhosa.	Y sentada con sus amigos contemplaba el paisaje,\nel maravilloso espectáculo del exuberante bosque verde.	{NAME:P1}​は​友達⁠たち⁠と​一緒⁠に​座り、​緑⁠が​輝く​とっても⁠きれい⁠な\n森⁠を​見渡し⁠まし⁠た。​それ⁠は​本当に⁠きれい⁠な​もの⁠でし⁠た。	Dan tatkala dia duduk bersama teman-temannya sembari menatap\nhutan nan subur dan hijau itu, pemandangannya sungguh luar biasa.	Dan ketika dia duduk bersama kawan-kawannya untuk merenung nun\nke arah hutan yang subur menghijau, pemandangannya benar-benar indah.	جلست مع صديقاتها يشاهدن الغابة الخضراء الجميلة\nمن أعلى الشجرة. كان المنظر رائعًا حقًا.
spotlight.keywords	белка,белочка,бельчонок,squirrel										
tags.for.filters											