Key	EN	RU	DE	FR	IT	PT	ES	JA	ID	MS	AR	SV	NL	PL
title	A Good Idea?	Хорошая идея?	Eine Gute Idee?	Une bonne idée ?	Una buona idea?	Será que é uma\nboa ideia?	¿Es una\nbuena idea?	すばらしい\nアイデア?	Ide Baguskah Itu?	Idea Yang Baik?	فكرة سديدة؟	En bra idé?	Een goed idee?	Dobry Pomysł?
author	Yuliya Medvedeva	Юлия Медведева	Yuliya Medvedeva	Yuliya Medvedeva	Yuliya Medvedeva	Yuliya Medvedeva	Yuliya Medvedeva	Yuliya Medvedeva	Yuliya Medvedeva	Yuliya Medvedeva	يوليا ميدفيديفا	Yuliya Medvedeva	Yuliya Medvedeva	Yuliya Medvedeva
illustrator	Dois de Nós	Dois de Nós	Dois de Nós	Dois de Nós	Dois de Nós	Dois de Nós	Dois de Nós	Dois de Nós	Dois de Nós	Dois de Nós	Dois de Nós	Dois de Nós	Dois de Nós	Dois de Nós
composer	Artem Akmulin	Артём Акмулин	Artem Akmulin	Artem Akmulin	Artem Akmulin	Artem Akmulin	Artem Akmulin	Artem Akmulin	Artem Akmulin	Artem Akmulin	أرتم أكملين	Artem Akmulin	Artem Akmulin	Artem Akmulin
author.title	Author	Автор	Autorin	Autrice	Autrice	Autora	Autora	作者	Penulis	Pengarang	المؤلفة	Författare	Auteur	Autorka
illustrator.title	Illustrators	Художники	Illustrator	Illustrateur	Illustratore	Ilustrador	Ilustrador	イラストレーター	Ilustrator	Pereka ilustrasi	الرسام	Illustratör	Illustrator	Ilustrator
composer.title	Composer	Композитор	Komponist	Compositeur	Compositore	Compositor	Compaginador	作曲家	Komposer	Komposer	الملحن	Kompositör	Componist	Kompozytor
boy.description	One hot and sunny summer day, a raccoon decided on a great way to stay cool. But why didn’t the other animals appreciate the idea? How could this good idea lead to trouble? Let’s find out from this story.	Одним очень жарким летом енот придумал, как обхитрить погоду и наслаждаться прохладой. Но почему лесные жители оказались не рады этой затее, и почему это всё могло обернуться бедой – узнайте в этой истории! 	An einem heißen Sommertag hatte ein Waschbär eine tolle Idee, um sich abzukühlen. Aber warum mochten die anderen Tiere die Idee nicht? Wie konnte diese gute Idee so viel Ärger verursachen? Finden wir es heraus.	Un jour d’été chaud et ensoleillé, un raton laveur trouve une façon géniale de rester au frais. Mais pourquoi les autres animaux n’aiment pas son idée ? Découvrons-le avec cette histoire.	Un giorno d’estate un procione trova un modo geniale di rimanere al fresco. Ma come mai gli altri animali non apprezzano la sua idea? Com’è possibile che causi tanti problemi? Scopriamolo in questa storia.	Em um dia quente e ensolarado de verão, um guaxinim teve uma ideia genial para se refrescar. Mas por que os outros animais não gostaram da ideia? Qual seria o problema? É o que vamos descobrir nesta história!	En un caluroso día de verano, un mapache tuvo una idea para poder refrescarse. Pero, ¿por qué a los otros animales no les gustó su idea? ¿Por qué esa buena idea generó tantos problemas? Averigüémoslo en este cuento. 	晴れた暑い夏の日、アライグマは涼しく過ごす良い方法を見つけました。でも、なぜ他の動物はその方法が気に入らないの？どんな問題が起こる？物語から探してみよう。	Di hari panas dan cerahnya musim panas, seekor rakun menemukan cara tepat agar tubuh tetap dingin. Tapi kenapa hewan lain meremehkan idenya? Kenapa ide bagus ini malah bermasalah? Yuk cari tahu dari cerita ini.	Pada hari musim panas yang hangat dan cerah, rakun mencari cara hebat untuk berasa sejuk. Tetapi kenapa haiwan lain tidak suka idea ini? Bagaimana idea yang baik ini membawa masalah? Ketahui daripada kisah ini.	ذات نهارٍ صيفيّ مشمس، قرّر الراكون تنفيذ خطةٍ عبقريةٍ للتخفيف من وطأة الحرّ. لم تُعجب خطّته الحيوانات الأخرى، فما السبب؟ كيف تسبّبت الفكرة السديدة بالمشاكل؟ لنكتشف معًا في هذه القصة.	En varm sommardag kommer en tvättbjörn på ett bra sätt att hålla sig sval. Men varför tycker inte de andra djuren om idén? Hur kunde den leda till trubbel? Låt oss ta reda på det i den här berättelsen.	Op een hete zomerdag heeft een wasbeer een geweldig idee om koel te blijven. Maar waarom vinden de andere dieren het geen goed plan? Waarom zorgt zijn goede idee voor problemen? Dat ontdek je in dit verhaal.	Pewnego słonecznego dnia szop wpadł na pomysł, jak się ochłodzić. Ale dlaczego zwierzętom ten pomysł się nie spodobał? Jak coś tak dobrego mogło przysporzyć tylu kłopotów? Dowiedzmy się z tej historii!
boy.description.iphone	One hot and sunny summer day, a raccoon decided on a great way to stay cool. But why didn’t the other animals appreciate the idea? How could this good idea lead to trouble? Let’s find out from this story.	Одним очень жарким летом енот придумал, как обхитрить погоду и наслаждаться прохладой. Но почему лесные жители оказались не рады этой затее, и почему это всё могло обернуться бедой – узнайте в этой истории! 	An einem heißen Sommertag hatte ein Waschbär eine tolle Idee, um sich abzukühlen. Aber warum mochten die anderen Tiere die Idee nicht? Wie konnte diese gute Idee so viel Ärger verursachen? Finden wir es heraus.	Un jour d’été chaud et ensoleillé, un raton laveur trouve une façon géniale de rester au frais. Mais pourquoi les autres animaux n’aiment pas son idée ? Découvrons-le avec cette histoire.	Un giorno d’estate un procione trova un modo geniale di rimanere al fresco. Ma come mai gli altri animali non apprezzano la sua idea? Com’è possibile che causi tanti problemi? Scopriamolo in questa storia.	Em um dia quente e ensolarado de verão, um guaxinim teve uma ideia genial para se refrescar. Mas por que os outros animais não gostaram da ideia? Qual seria o problema? É o que vamos descobrir nesta história!	En un caluroso día de verano, un mapache tuvo una idea para poder refrescarse. Pero, ¿por qué a los otros animales no les gustó su idea? ¿Por qué esa buena idea generó tantos problemas? Averigüémoslo en este cuento. 	晴れた暑い夏の日、アライグマは涼しく過ごす良い方法を見つけました。でも、なぜ他の動物はその方法が気に入らないの？どんな問題が起こる？物語から探してみよう。	Di hari panas dan cerahnya musim panas, seekor rakun menemukan cara tepat agar tubuh tetap dingin. Tapi kenapa hewan lain meremehkan idenya? Kenapa ide bagus ini malah bermasalah? Yuk cari tahu dari cerita ini.	Pada hari musim panas yang hangat dan cerah, rakun mencari cara hebat untuk berasa sejuk. Tetapi kenapa haiwan lain tidak suka idea ini? Bagaimana idea yang baik ini membawa masalah? Ketahui daripada kisah ini.	ذات نهارٍ صيفيّ مشمس، قرّر الراكون تنفيذ خطةٍ عبقريةٍ للتخفيف من وطأة الحرّ. لم تُعجب خطّته الحيوانات الأخرى، فما السبب؟ كيف تسبّبت الفكرة السديدة بالمشاكل؟ لنكتشف معًا في هذه القصة.	En varm sommardag kommer en tvättbjörn på ett bra sätt att hålla sig sval. Men varför tycker inte de andra djuren om idén? Hur kunde den leda till trubbel? Låt oss ta reda på det i den här berättelsen.	Op een hete zomerdag heeft een wasbeer een geweldig idee om koel te blijven. Maar waarom vinden de andere dieren het geen goed plan? Waarom zorgt zijn goede idee voor problemen? Dat ontdek je in dit verhaal.	Pewnego słonecznego dnia szop wpadł na pomysł, jak się ochłodzić. Ale dlaczego zwierzętom ten pomysł się nie spodobał? Jak coś tak dobrego mogło przysporzyć tylu kłopotów? Dowiedzmy się z tej historii!
boy.page.1	In the summertime, {NAME:P1} the raccoon enjoyed swimming.\nThis summer, though, was hotter than ever!	Больше всего тёплым летом {NAME:P1} любил купаться. Не зря он\nбыл енотом-полоскуном. И это лето как раз выдалось жарким, как никогда.	Es war Sommer, und {NAME:P1} der Waschbär\ngenoss das Schwimmen. Jedoch war dieser Sommer so heiß wie nie!	Pendant l’été, {NAME:P1} le raton laveur adorait nager.\nCet été, par contre, était plus chaud que jamais !	D’estate al procione {NAME:P1} piaceva nuotare.\nQuell’estate però faceva caldissimo!	Se tinha uma coisa que o guaxinim {NAME:P1} adorava fazer no verão,\nera nadar! Ainda mais em um verão tão quente como esse.	A {NAME:P1}, el mapache, le encantaba nadar en verano.\n¡Pero ese verano era el más caluroso que se recordara!	夏⁠に​なる⁠と、​アライグマ⁠の​{NAME:P1}​は​泳ぎ⁠を​楽しみ⁠ます。\nしかし、​今年⁠は​いつも⁠より​ずっと⁠暑い​夏⁠でし⁠た⁠！	Di musim panas, {NAME:P1} si rakun suka berenang.\nTetapi musim panas ini lebih panas dari sebelumnya!	Ketika musim panas, {NAME:P1} si rakun gemar berenang.\nBagaimanapun, musim panas ini lebih panas daripada biasa!	كلّ صيف، يسبح الراكون {NAME:P1} في الجدول فرحًا منتعشًا،\nلكن هذا الصيف أتى حارًا كالفلفل!	På sommaren tyckte tvättbjörnen {NAME:P1} om att simma.\nDen här sommaren var det ännu varmare än vanligt.	{NAME:P1} de wasbeer vindt het heerlijk om te zwemmen\nin de zomer. En deze zomer is het heter dan ooit!	Latem {NAME:P1}, szop, uwielbiał pływać.\nAle tego lata było goręcej niż kiedykolwiek!
boy.page.2	The problem was that in order to splash about in the water as much\nas he wished, {NAME:P1} had to take a long walk to a wide stream.	Да вот беда ‒ для того, чтобы вдоволь поплескаться,\n{NAME:P3} приходилось ходить к большому ручью.	Das Problem war, dass {NAME:P1}, um unbeschwert im Wasser\nzu planschen, einen langen Weg zu einem breiten Bach zurücklegen musste.	Le problème était que pour pouvoir barboter dans l’eau,\n{NAME:P1} devait faire une longue marche vers un grand ruisseau.	Per sguazzare in acqua quanto voleva,\n{NAME:P1} però doveva camminare molto per arrivare al ruscello.	O problema era que, para brincar na água o quanto ele quisesse,\no {NAME:P1} precisava fazer uma longa caminhada até um rio mais largo.	El problema era que para chapotear en el agua todas las veces que quisiese,\n{NAME:P1} tenía que recorrer un largo camino hasta el arroyo.	問題⁠は、​思いっきり⁠水しぶき⁠を​上げる​ため⁠に⁠は、\n遠く⁠に​ある​広い​川⁠まで​歩か⁠なけれ⁠ば​なら⁠ない​こと⁠でし⁠た。	Masalahnya adalah untuk bisa bermain air sepuasnya,\n{NAME:P1} harus berjalan jauh menuju sungai yang lebar.	Masalahnya, jika dia ingin meranduk dalam air selama mana yang diinginkan,\n{NAME:P1} perlu berjalan jauh ke sungai besar.	المشكلة أن {NAME:P1} كان مجبرًا على المشي مسافة طويلة\nإلى الجدول الواسع كي يتقلّب ويمرح في الماء كما يشاء.	Problemet var att för att kunna plaska runt i vattnet så mycket han ville,\nbehövde {NAME:P1} gå en lång promenad till en bred ström.	Het enige probleem is dat {NAME:P1} een heel eind naar de rivier\nmoet lopen, als hij lekker wil spetteren in het water.	Problem w tym, że żeby pluskać się w wodzie tak długo, jak miał ochotę,\n{NAME:P1} musiał przejść długą drogę do szerokiego potoku.
boy.page.3	{NAME:P1} dreamed about having his own swimming pool\nnear his house. And then he thought, “Why not make it myself?”	{NAME:P1} мечтал о том, чтобы у его дома был свой собственный\nбассейн, и однажды он подумал: «А почему бы мне не сделать его самому?»	{NAME:P1} träumte davon, sein eigenes Schwimmbecken neben seinem\nHaus zu haben. Und dann dachte er: „Wieso baue ich nicht einfach eines?“	{NAME:P1} rêvait d’avoir sa propre piscine près de sa maison.\nIl se dit donc : « Pourquoi ne pas la construire moi-même ? »	{NAME:P1} sognava di avere una piscina vicino a casa.\nE tutt’a un tratto pensò: «Perché non me la faccio da solo?»	O sonho do {NAME:P1} era ter sua própria piscina perto de casa.\nEntão, ele pensou: “por que eu mesmo não faço uma?”	{NAME:P1} imaginó tener su propia piscina, cerca de su casa.\nY luego caviló, “¿por qué no hacerla yo mismo?”	{NAME:P1}​は、​家⁠の​近く⁠に​自分⁠の​プール⁠を​持つ​こと⁠が​夢⁠でし⁠た。\n「そう⁠だ、​自分⁠で​作れ⁠ば​いい​ん⁠だ」​{NAME:P1}​は​そう⁠思い⁠まし⁠た。	{NAME:P1} bermimpi punya kolam renang sendiri di dekat rumahnya.\nDan kemudian dia berpikir, “Kenapa tidak membuatnya sendiri?”	{NAME:P1} berangan-angan untuk memiliki kolam renangnya sendiri\nberdekatan rumah. Kemudian dia terfikir, “Kenapa tidak buat sendiri saja?”	كان حلم {NAME:P1} أن يمتلك مسبحًا خاصًّا قرب منزله.\nفتساءلَ يومًا: ”لمَ لا أصنع المسبح بنفسي؟“	{NAME:P1} drömde om att ha en egen pool nära sitt hus.\nOch sedan tänkte han, ”Varför bygger jag den inte själv?”	{NAME:P1} droomt ervan om zijn eigen zwembad te hebben,\nvlak naast zijn huis. “Dat kan ik zelf wel maken, toch?” denkt hij hardop.	{NAME:P1} marzył o własnym basenie przy domu. A potem pomyślał:\n„A czemu by nie zrobić go samemu?”.
boy.page.4	So he got right to it! {NAME:P1} dug a hole in the ground,\njust big enough for a raccoon. Then all he needed was to fill it with water.	Сказано-сделано! {NAME:P1} выкопал небольшую яму в земле\n‒ как раз, чтобы одному еноту хватило места. Осталось заполнить её водой.	Gesagt, getan! {NAME:P1} grub ein Loch in den Boden, gerade groß\ngenug für einen Waschbären. Dann musste er es nur noch mit Wasser füllen.	Aussitôt dit, aussitôt fait ! {NAME:P1} creusa un trou dans le sol,\njuste assez grand pour lui. Il ne manquait plus que l’eau.	Detto fatto! {NAME:P1} scavò una buca,\ngrande abbastanza per un procione. E poi bastava solo riempirla d’acqua.	Dito e feito! {NAME:P1} cavou um buraco na terra do tamanho perfeito\npara um guaxinim! Agora, só faltava encher de água.	¡Dicho y hecho! {NAME:P1} excavó un hueco en la tierra,\ndel tamaño justo para un mapache. Lo único que faltaba era llenarlo de agua.	すぐ⁠に​作り​はじめ⁠まし⁠た⁠！​{NAME:P1}​は​地面⁠に​アライグマ⁠が\n入れる⁠くらい⁠の​大き⁠さ⁠の​穴⁠を​掘り⁠まし⁠た。​あと⁠は​水⁠を​入れる⁠だけ⁠です。	Jadi dia segera bertindak! {NAME:P1} menggali lubang di tanah\nyang cukup besar untuk seekor rakun. Lalu dia tinggal mengisinya dengan air.	Maka dia pun terus membuatnya! {NAME:P1} menggali lubang di tanah,\nsesuai untuk rakun. Selepas itu dia perlu mengisinya dengan air sahaja.	وبالفعل، بدأ بتنفيذ الخطّة! حفر {NAME:P1} حفرة في\nالأرض بحجم راكون. ما عليه الآن سوى ملئ الحفرة بالماء.	Så han tog tag i saken! {NAME:P1} grävde ett hål,\nprecis stort nog för en tvättbjörn. Nu var det bara att fylla det med vatten.	Hij gaat direct aan de slag! {NAME:P1} graaft een gat, precies groot\ngenoeg voor een wasbeer. Nu moet hij het alleen nog vullen met water.	Zabrał się od razu! {NAME:P1} wykopał w ziemi dół, w sam raz na szopa.\nWystarczyło tylko napełnić go wodą.
boy.page.5	{NAME:P1} grabbed a bucket and ran all the way to the stream.	{NAME:P1} взял ведро и побежал к ручью.	{NAME:P1} schnappte sich einen Eimer\nund rannte den ganzen Weg zum Bach.	{NAME:P1} saisit un seau et courut à toute vitesse vers le ruisseau.	{NAME:P1} prese un secchio e corse al ruscello.	{NAME:P1} pegou um balde e foi correndo até o rio.	{NAME:P1} agarró un balde y corrió hasta el arroyo.	{NAME:P1}​は​バケツ⁠を\n持っ⁠て​川⁠まで​走り⁠まし⁠た。	{NAME:P1} menyambar ember dan berlari menuju ke sungai.	{NAME:P1} menyambar baldi dan berlari sepanjang jalan ke sungai.	حَمل {NAME:P1} دلوًا وراح يركض إلى الجدول.	{NAME:P1} tog tag i en hink och sprang hela vägen till strömmen.	{NAME:P1} pakt een emmer en rent de hele weg naar de rivier.	{NAME:P1} chwycił wiadro i pobiegł aż do potoku.
boy.page.6	After running back and forth a few times,\nthe raccoon realized that his swimming hole was far from being filled.	Сбегав несколько раз туда-обратно,\nенот понял, что его яма почти не наполнилась водой.	Nachdem er ein paar Mal hin und her gelaufen war,\nmerkte der Waschbär, dass sein Becken noch lange nicht aufgefüllt war.	Après quelques allers-retours, le raton laveur réalisa\nque son coin d’eau était loin d’être rempli.	Dopo essere corso avanti e indietro varie volte,\nil procione si accorse che mancava ancora tanto per riempire la buca d’acqua.	Depois de ir e voltar algumas vezes,\no guaxinim percebeu que sua piscina ainda estava bem longe de ficar cheia.	Luego de correr de arriba para abajo varias veces, el mapache se percató\nde que a su piscina le faltaba mucho aún para llenarse.	何⁠回⁠か​行っ⁠たり​来⁠たり​し⁠て​いる​うち⁠に、​{NAME:P1}​は​泳ぐ​穴⁠を\n水⁠で​いっぱい⁠に​する⁠に⁠は、​まだまだ⁠足り⁠ない​こと⁠に​気づき⁠まし⁠た。	Setelah berlari bolak-balik beberapa kali,\nsang rakun menyadari bahwa lubang renangnya belum juga terisi air.	Selepas berlari pergi balik beberapa kali,\nrakun sedar bahawa paluh renangnya jauh sekali daripada penuh.	بعد السعي مرارًا بين الجدول وحفرة السباحة،\nأدرك الراكون أن الحفرة لم تمتلأ ولو قليلاً.	Efter att ha sprungit fram och tillbaka några gånger insåg\ntvättbjörnen att hålet fortfarande var långt ifrån fullt.	Na een paar keer heen en weer rennen beseft\nhij dat zijn zwembad nog lang niet vol is.	Po kilku biegach tam i z powrotem szop zorientował się,\nże jego basen ma jeszcze daleko do pełna.
boy.page.7	What to do? Suddenly, a new idea came to {NAME:P1}!	Что делать? И тут {NAME:P3} пришла в голову идея!	Was sollte er tun? Plötzlich kam {NAME:P1} eine neue Idee!	Que faire ? Soudain, {NAME:P1} eut une nouvelle idée !	Che cosa fare? Imporvvisamente a {NAME:P1} venne un’idea!	E agora? De repente, o {NAME:P1} teve uma outra ideia!	¿Qué hacer? ¡De repente, {NAME:P1} tuvo una idea!	どう⁠し⁠たら​いい⁠？⁠その⁠とき、\n​ある⁠アイデア⁠が​ひらめき⁠まし⁠た⁠！	Harus bagaimana? Tiba-tiba, muncul ide baru di kepala {NAME:P1}!	Apa yang perlu dibuat? Tiba-tiba, idea\nbaharu muncul dalam fikiran {NAME:P1}!	راح {NAME:P1} يفكّر في حلّ. وفجأةً، خطر على باله فكرة جديدة!	Vad skulle han göra? Plötsligt kom {NAME:P1} på något!	Wat moet hij nou doen? Opeens heeft {NAME:P1} een nieuw plan!	Co zrobić? Nagle {NAME:P1} wpadł na nowy pomysł!
boy.page.8	He dug a deep ditch from the stream all the way back to his pool.	Он выкопал глубокую канавку прямо от ручья до своего бассейна.	Er grub einen tiefen Graben vom Fluss bis zu seinem Becken.	Il creusa une tranchée allant du ruisseau jusqu’à sa piscine.	Scavò un fossato che andava dal ruscello fino alla sua piscina.	Ele cavou uma valeta bem funda,\ncomeçando lá no rio e chegando até sua piscina.	Cavó una profunda zanja desde el arroyo hasta su piscina.	{NAME:P1}​は​川⁠から​プール⁠まで\n深い​みぞ⁠を​掘り⁠まし⁠た。	Dia menggali parit yang dalam dari sungai sampai ke kolamnya.	Dia menggali parit yang dalam dari sungai hingga sampai ke kolamnya.	حفر خندقًا عميقًا وطويلاً يصل مسبحه بالجدول.	Han grävde ett djupt dike från strömmen hela vägen tillbaka till sin pool.	Hij graaft een diepe geul van de rivier helemaal naar zijn zwembad.	Wykopał głęboki rów od potoku aż do swojego basenu.
boy.page.9	Bingo! The pool was filled with water in a minute!	И, о радость, он очень быстро наполнился!	Volltreffer! Der Pool war innerhalb einer Minute mit Wasser gefüllt!	Bingo ! La piscine était remplie d’eau en une minute !	Bingo! La piscina si riempì d’acqua in un momento!	Bingo! A piscina ficou cheia num minuto!	¡Albricias! ¡La piscina se llenó de agua en un abrir y cerrar de ojos!	やっ⁠た​ー⁠！⁠プール⁠は​あっという間に⁠水⁠で\nいっぱい⁠に​なり⁠まし⁠た⁠！	Hore! Kolam itu pun seketika sudah terisi air!	Bingo! Sekejap sahaja kolam itu dipenuhi air!	يا سلام! امتلأ المسبح بدقيقة واحدة!	Bingo! Poolen var fylld med vatten inom en minut.	Bingo! Het zwembad is binnen een paar minuten gevuld met water.	Bingo! Basen napełnił się wodą w minutę!
boy.page.10	Happy with his good ideas, {NAME:P1} could now swim\nas much as he wanted. A few days passed like that.	Довольный жизнью, {NAME:P1} теперь мог купаться\nстолько раз в день, сколько ему хотелось. Так пролетело несколько дней.	{NAME:P1} freute sich über seine gute Idee. Jetzt konnte er\nso viel schwimmen, wie er wollte. So vergingen ein paar Tage.	Content de son idée, {NAME:P1} pouvait maintenant nager autant\nqu’il le souhaitait. Quelques jours passèrent.	Felice della sua idea, {NAME:P1} ora poteva\nnuotare quanto voleva. Così passò qualche giorno.	Feliz com suas boas ideias, agora o {NAME:P1} poderia nadar\no quanto ele quisesse. E assim ele fez por vários dias seguidos.	Regocijándose por sus buenas ideas, ahora {NAME:P1}\nnadaba todo lo que quería. Y así pasaron varios días.	{NAME:P1}​は​自分⁠の​すばらしい​アイデア⁠に​よろこび⁠まし⁠た。​そして、\n好き⁠な⁠だけ​泳げる​よう⁠に​なり⁠まし⁠た。​そうして⁠何⁠日⁠か⁠が​過ぎ⁠まし⁠た。	Karena senang dengan idenya yang bagus, {NAME:P1} sekarang\nbisa berenang sepuasnya. Beberapa hari berjalan seperti itu.	Gembira dengan ideanya yang baik, {NAME:P1} kini dapat berenang\nselama mana yang dia mahu. Demikianlah beberapa hari berlalu.	كان {NAME:P1} سعيدًا بأفكاره السديدة،\nفالآن يمكنه السباحة قدر ما يشاء. مرّت بضعة أيام على هذا الحال.	Nöjd med sin idé kunde {NAME:P1} nu simma så mycket\nhan ville, och det gjorde han i några dagar.	Tevreden met zijn goede idee zwemt\nen spettert {NAME:P1} dagenlang in zijn eigen zwembad.	Zadowolony z pomysłu, {NAME:P1} mógł teraz pływać,\nile tylko chciał. Tak minęło kilka dni.
boy.page.11	{NAME:P1} continued to rejoice in his great idea\nwhile keeping cool in his swimming hole.	{NAME:P1} не мог нарадоваться своей замечательной идее.	{NAME:P1} hatte weiter seine Freude\nund konnte sich in seinem Schwimmloch abkühlen.	{NAME:P1} continuait de se réjouir\nde sa grande idée tout en se rafraichissant dans sa piscine.	{NAME:P1} continuò a godersi la sua idea al fresco nella piscina.	{NAME:P1} continuou se refrescando na piscina por vários dias,\ntodo alegre e satisfeito com sua brilhante ideia.	{NAME:P1} continuaba solazándose\ncon su gran idea mientras se refrescaba en su piscina.	{NAME:P1}​は、​自分⁠の​すばらしい​アイデア⁠に\nよろこび⁠ながら、​プール⁠で​体⁠を​冷やし⁠て​い⁠まし⁠た。	{NAME:P1} terus gembira dengan idenya yang bagus sambil tetap\nmenjaga suhu tubuhnya agar tetap dingin di lubang renangnya.	{NAME:P1} terus bergembira dengan idea hebatnya\nsambil menyejukkan diri dalam paluh renangnya.	ظلّ {NAME:P1} يسبح في حفرته مستمتعًا بالماء البارد وفخورًا بفكرتهِ العبقرية.	{NAME:P1} fortsatte att glädjas åt sin goda idé\nmedan han svalkade sig i badhålet.	{NAME:P1} geniet enorm van het koele water.	{NAME:P1} wciąż cieszył się swoim świetnym\npomysłem i chłodził się w basenie.
boy.page.12	But soon his neighbor, the porcupine\nwho lived down the stream, came to his house.	Но вдруг к его дому пришёл сосед-дикобраз. Он жил дальше по ручью.	Aber bald tauchte sein Nachbar, das Stachelschwein,\ndas flussabwärts wohnte, an seinem Haus auf.	Mais bientôt son voisin le porc-épic,\nqui vivait en dessous du ruisseau, lui rendit visite.	Ma presto il suo vicino, il porcospino\nche viveva lungo il ruscello, venne a fargli visita.	Até que seu vizinho, um porco-espinho\nque morava mais abaixo do rio, apareceu na sua casa.	Pero, de repente, vino a visitarle su vecino el puercoespín, que vivía río abajo.	すると、​川⁠の​下⁠の​ほう⁠に​住む​ヤマアラシ⁠が\n{NAME:P1}​の​家⁠に​やって来⁠まし⁠た。	Namun tak lama kemudian tetangganya, si landak,\nyang tinggal di hilir sungai, mendatangi rumahnya.	Namun tidak lama kemudian jirannya,\nlandak yang tinggal di hilir sungai, datang ke rumahnya.	لكن لم يطل الوقت حتى أتى جاره القنفذ الذي يسكن على ضفة الجدول.	Men snart kom hans granne, piggsvinet som bodde nedströms, till hans hus.	Maar al snel komt het stekelvarken,\nzijn buurman die vlak naast de rivier woont, naar zijn huis.	Wkrótce jednak przyszedł do niego sąsiad,\njeżozwierz mieszkający w dole rzeki.
boy.page.13	“Oh, that’s who has taken all the water for himself!”\nthe porcupine gasped. “What have you done, {NAME:P1}?”	«Ах, вот кто всю воду себе забрал! ‒ ахнул дикобраз.\n‒ {NAME:P1}, что ж ты наделал?»	„Oh, du hast also das ganze Wasser für dich genommen!“\nsagte das Stachelschwein schockiert. „Was hast du getan, {NAME:P1}?“	« Oh, voilà celui qui prend toute l’eau pour lui !\ns’exclama le porc-épic. Qu’as-tu fait, {NAME:P1} ? »	«Oh, ecco chi si è preso tutta l’acqua!»,\nsussultò il porcospino. «Cos’hai fatto, {NAME:P1}?»	“Ah, então foi você que pegou toda a água para usar sozinho!”,\ndisse o porco-espinho furioso. “O que foi que você fez, {NAME:P1}?”	“¡Oh, aquí está el que se ha adueñado de toda el agua para sí solo!”,\nespetó el puercoespín. “¿Qué es lo que has hecho, {NAME:P1}?”	「ああ、​君⁠が​水⁠を​すべて​とっ⁠た​ん⁠だ⁠な⁠！」​ヤマアラシ⁠は​おどろき​なが\nら​言い⁠まし⁠た。​「なんて​こと⁠を​し⁠た​ん⁠だ、​{NAME:P1}」	“Oh, itu dia yang mengambil semua air untuk dirinya sendiri!”\nlandak itu terengah-engah. “Apa yang sudah kamu lakukan, {NAME:P1}?”	“Oh, inilah orang yang mengambil semua air sungai untuk dirinya sendiri!”\nlandak menahan nafas. “Apa yang telah kamu buat, {NAME:P1}?”	شهق القنفذ قائلاً: ”أنتَ إذن من استولى على ماء الجدول كلّه!\nأوّاه ما اقترفت يداكَ يا {NAME:P1}!“	”Så det är han som har tagit allt vatten för sig själv!”\nflämtade piggsvinet. ”Vad har du gjort, {NAME:P1}?”	“Aha, dus jij steelt al ons water!” roept het stekelvarken uit.\n“Wat heb je gedaan {NAME:P1}?”	– A więc to ty zabrałeś całą wodę dla siebie!\n– sapnął jeżozwierz. – Co ty narobiłeś, {NAME:P7}?
boy.page.14	The raccoon did not understand. He thought that his neighbor\nalso wanted to swim and kindly invited him to join.	«А что?» ‒ не понял енот. Он подумал, что сосед тоже\nхочет искупаться, и любезно пригласил его присоединиться.	Der Waschbär verstand nicht. Er dachte, dass sein Nachbar\nauch schwimmen wollte, und lud ihn freundlich dazu ein.	Le raton laveur ne comprenait pas. Il pensait que son voisin\nvoulait nager lui-aussi et il l’invita poliment à le rejoindre.	Il procione non capiva. Pensò che anche il suo vicino\naveva voglia di nuotare e lo invitò a unirsi a lui.	O guaxinim não entendeu nada. Ele achou que seu vizinho\ntambém queria nadar e convidou o porco-espinho para se divertir com ele.	El mapache estaba desconcertado. Pensó que su vecino\ntambién quería nadar y, amablemente, lo invitó a la piscina.	{NAME:P1}​に⁠は​よく⁠わかり⁠ませ⁠ん⁠でし⁠た。​{NAME:P1}​は​ヤマアラシ⁠も\n泳ぎ⁠たかっ⁠た​の⁠だ⁠と​思い、​いっしょ⁠に​泳ご⁠う⁠と​やさしく​言い⁠まし⁠た。	Si rakun tidak mengerti. Dia mengira tetangganya juga ingin berenang,\njadi dengan baik hati dia mengajak si landak untuk ikut berenang.	Si rakun tidak faham. Dia fikir jirannya juga mahu berenang\ndan menjemputnya untuk turut serta.	لم يفهم الراكون قصده. ظنّ أن جاره يريد السباحة أيضًا، فدعاه بلطف إلى المسبح.	Tvättbjörnen förstod ingenting. Han trodde att hans\ngranne också ville bada och bjöd snällt in honom.	De wasbeer snapt er niks van. Hij denkt dat zijn buurman\nook wil zwemmen en nodigt hem uit in het zwembad.	Szop nie rozumiał. Pomyślał, że sąsiad\nteż chce popływać i uprzejmie go zaprosił.
boy.page.15	“I don’t need your pool!” the porcupine boiled over.\n“You left my garden without any water!”	«Не нужен мне твой бассейн! ‒ возмутился дикобраз.\n‒ Ты оставил мой сад без воды».	„Ich brauche dein Becken nicht!“ Das Stachelschwein kochte vor Wut.\n„Deinetwegen hat mein Garten kein Wasser!“	« Je n’ai pas besoin de ta piscine ! dit le porc-épic, fou de rage.\nMon jardin n’a plus d’eau à cause de toi ! »	«Non voglio la tua piscina», disse arrabbiato il porcospino.\n«Hai lasciato il mio giardino senz’acqua!»	“Eu não preciso da sua piscina!” O porco-espinho explodiu de raiva.\n“Você deixou meu jardim completamente sem água!”	“¡No necesito tu piscina!”, se desgañitó el puercoespín.\n“¡Has dejado mi jardín sin agua!”	「プール⁠なんて​いら⁠ない⁠よ⁠！」​ヤマアラシ⁠は​怒り⁠まし⁠た。\n「君⁠の​せい⁠で​僕⁠の​庭⁠の​水⁠が​なくなっ⁠た​ん⁠だ⁠！」	“Aku tidak membutuhkan kolammu!” amarah si landak meluap-luap.\n“Kamu membiarkan kebunku kekurangan air!”	“Saya tidak perlukan kolam kamu!” landak mendidih.\n“Kamu menyebabkan kebun saya tiada air sedikit pun!”	ثارَ القنفذ قائلاً: ”لم آتي لأسبح بحفرتك! لقد جفّت حديقتي بسببك!“	”Jag behöver inte din pool!” utropade piggsvinet.\n”Tack vare dig har min trädgård inget vatten!”	“Ik wil niet zwemmen!” roept het stekelvarken boos.\n“Mijn tuin krijgt geen water meer!”	– Nie potrzebuję twojego basenu!\n– zagotował się jeżozwierz. – Zostawiłeś mój ogród bez wody!
boy.page.16	The porcupine took {NAME:P1} to the stream,\nand the raccoon saw that instead of the stream there was only dry ground.	Дикобраз отвёл {NAME:P4} к ручью,\nи енот увидел, что там, где раньше бежал ручей, теперь сухо.	Das Stachelschwein nahm {NAME:P1} mit zum Bach,\nund der Waschbär sah, dass nur noch ein ausgetrocknetes Bachbett übrig war.	Le porc-épic emmena {NAME:P1} au ruisseau, et le raton\nlaveur se rendit compte que le ruisseau n’était plus qu’un terrain sec.	Il porcospino accompagnò {NAME:P1} al ruscello,\ne il procione vide che dove c’era il ruscello era rimasta solo terra secca.	O porco-espinho levou {NAME:P1} até o rio.\nMas, chegando lá, o guaxinim não viu um só pingo d'água: era só terra seca.	El puercoespín llevó a {NAME:P1} al arroyo\ny el mapache vio que en lugar del arroyo sólo había tierra seca.	ヤマアラシ⁠が​{NAME:P1}​を​川⁠に​連れ⁠て​行く⁠と、​{NAME:P1}​は\n川⁠の​水⁠が​なくなり、​地面⁠が​カラカラ⁠に​乾い⁠て​いる​の⁠を​見⁠まし⁠た。	Si landak membawa {NAME:P1} ke sungai, dan si rakun melihat\nbahwa yang ada di sana bukannya sungai, tapi tanah yang kering.	Landak membawa {NAME:P1} ke sungai, dan rakun melihat tempat sungai\nitu berada dahulu kini menjadi tanah kering sahaja.	أخذَ القنفذ {NAME:P1} إلى الجدول،\nفلم يجد الراكون إلّا أرضًا قاحلةً مكان الجدول القديم.	Piggsvinet tog med {NAME:P1} till strömmen\noch tvättbjörnen såg att istället för en ström fanns där bara torr mark.	Het stekelvarken neemt {NAME:P1} mee naar de rivier,\nmaar in plaats van water ziet hij alleen maar droge grond.	Jeżozwierz zaprowadził {NAME:P4} nad potok.\nZamiast wody była tylko sucha ziemia.
boy.page.17	The porcupine was very angry. “The stream has changed its course,\nand all the water is going into your pool now.”	Дикобраз был очень недоволен. «Ручей поменял\nсвоё направление, и вся вода уходит в твой бассейн».	Das Stachelschwein war sehr wütend. „Der Strom hat seinen Kurs geändert,\nund all das Wasser fließt jetzt in deinen Pool.“	Le porc-épic était très en colère. « Le ruisseau a changé de sens,\net toute l’eau va dans ta piscine maintenant. »	Il porcospino era molto arrabbiato. «Hai cambiato il corso del ruscello,\ne tutta l’acqua ora arriva nella tua piscina».	O porco-espinho estava muito bravo. “O curso d'água foi desviado e,\nagora, toda a água do rio está indo para a sua piscina.”	El puercoespín estaba exasperado.\n“El arroyo ha cambiado su curso y ahora toda el agua va hacia tu piscina”.	ヤマアラシ⁠は​とても⁠怒り⁠まし⁠た。​「川⁠の​流れ⁠が​変わっ⁠て、\n水⁠が​すべて⁠君⁠の​プール⁠に​流れ⁠て​しまっ⁠た​ん⁠だ」	Sang landak marah besar. “Sungai ini sudah berubah arahnya,\ndan semua air di dalamnya sekarang mengalir ke kolammu.”	Landak berasa sangat marah. “Sungai ini telah menukar laluannya,\ndan semua air menghala ke kolam kamu sekarang.”	قال القنفذ بغضب شديد: ”لقد تغيّر مسار الجدول\nوأصبحت المياه كلّها تصبّ في مسبحك الآن“.	Piggsvinet var mycket förargat. ”Strömmen har ändrat kurs\noch allt vatten rinner ner i din pool nu.”	Het stekelvarken is erg boos. “Het water van de rivier volgt\nnu een andere route: al het water gaat naar jouw zwembad.”	Jeżozwierz był bardzo zły. – Strumień zmienił bieg\ni cała woda wpływa teraz do twojego basenu.
boy.page.18	“You have to make it the way it was before.\nThe stream used to feed my garden, and now all the flowers are dying!”	«Нужно немедленно вернуть всё, как было.\nРаньше ручей питал мой сад, а теперь мои цветы погибают!»	„Du musst es wieder rückgängig machen.\nDer Fluss hat meinen Garten gewässert, und jetzt sterben all meine Pflanzen!“	« Tu dois régler ce problème. Avant, le ruisseau servait\nà alimenter mon jardin, et maintenant toutes mes fleurs fanent ! »	«Devi rimettere le cose come stavano prima. Il ruscello portava acqua\nal mio giardino, ed ora tutti i fiori stanno appassendo!»	“Você precisa fazer alguma coisa para ele voltar a ser o que era antes.\nMeu jardim dependia desse rio e, agora, minhas flores estão morrendo!”	“Lo tienes que retrotraer a cómo estaba antes.\nEl arroyo regaba mi jardín ¡y ahora las flores están muriendo!”	「元⁠の​川⁠に​戻し⁠て⁠よ。​この⁠川⁠は​庭⁠の​水⁠に​なっ⁠て​い⁠た⁠のに、\n今⁠は​花⁠が​みんな​枯れ⁠て​しまっ⁠た​ん⁠だ⁠！」	“Kamu harus mengembalikannya seperti semula. Dulu sungai ini\nbisa mengairi kebunku, tetapi sekarang semua bunganya sekarat!”	“Kamu mesti menjadikan sungai ini seperti sebelum ini. Sungai ini\nselalunya mengairi kebun saya, dan sekarang semua bunga hampir mati!”	”عليكَ إعادته إلى سابق عهده. كان الجدول يسقي حديقتي،\nأما الآن فأزهاري تموت عطشًا!“	”Du måste ändra tillbaka till hur det var förut.\nStrömmen brukade vattna min trädgård och nu håller alla blommor på att dö!”	“Je moet het weer maken zoals het was.\nDe rivier gaf mijn tuin water en nu gaan alle bloemen dood!”	– Musisz przywrócić wszystko, jak było.\nStrumień nawadniał mój ogród, a teraz wszystkie kwiaty usychają!
boy.page.19	“No way,” the raccoon grunted. “Why would I care about your garden?\nIf the flowers are dying, you just need to go for water more often.”	«Вот ещё, ‒ фыркнул енот. ‒ Что мне за дело до твоего сада?\nЕсли цветы засыхают, просто ходи за водой почаще».	„Auf keinen Fall“, knurrte der Waschbär. „Wieso sollte mich dein Garten\nkümmern. Wenn deine Pflanzen eingehen, musst du einfach mehr gießen.“	« Pas question, grogna le raton laveur. Pourquoi devrais-je me soucier\nde ton jardin ? Si les fleurs fanent, va chercher plus d’eau. »	«Neanche per idea», borbottò il procione. «Cosa me ne importa del tuo\ngiardino? Se i fiori stanno morendo, vai a prendere l’acqua più spesso».	“De jeito nenhum”, respondeu o guaxinim. “Mas o que seu jardim tem a ver\ncomigo? Se as flores estão morrendo, é só você regar mais vezes.”	“Claro que no”, refunfuñó el mapache. “¿Por qué he de preocuparme\npor tu jardín? Si las flores están muriendo, tienes que regarlas más a menudo”.	「イヤ⁠だ」​{NAME:P1}​は​言い⁠まし⁠た。​「どうして⁠僕⁠が​君⁠の​庭⁠の​心配⁠を​し​な\nい​と​いけ⁠ない⁠の⁠？⁠花⁠が​枯れ⁠て​いる⁠なら、​もっと⁠水⁠を​あげれ⁠ば​いい​ん⁠だ」	“Mana bisa,” si rakun mendengus. “Mengapa aku harus peduli dengan kebunmu?\nKalau bunga-bunganya sekarat, kamu perlu lebih sering mencari air.”	“Tidak mungkin,” rakun merengus. “Kenapa saya mesti prihatin dengan kebun\nkamu? Kalau bunga hampir mati, kamu cuma perlu menyiram lebih kerap.”	زأر الراكون: ”مستحيل. علامَ أهتمّ بحديقتك؟ إذا كانت أزهارك تموت،\nفعليك الإكثارُ من جلب الماء إليها فحسب“.	”Aldrig,” grymtade tvättbjörnen. ”Varför skulle jag bry mig om din trädgård?\nOm blommorna håller på att dö måste du bara hämta vatten oftare.”	“Echt niet,” gromt de wasbeer. “Wat maakt jouw tuin mij nou uit?\nAls je bloemen doodgaan, dan moet je gewoon vaker water halen.”	– Nie ma mowy – burknął szop. – Co mnie obchodzi twój ogród?\nJeśli kwiaty więdną, po prostu częściej chodź po wodę.
boy.page.20	The porcupine realized that {NAME:P1} was not going to give in,\nand so he left, disappointed.	Дикобраз понял, что {NAME:P1}\nне собирается уступать, и ушёл, разочарованный.	Dem Stachelschwein wurde klar, dass {NAME:P1}\nkeine Einsicht zeigen würde, also verließ er ihn enttäuscht.	Le porc-épic réalisa que {NAME:P1} ne changerait pas d’avis,\net partit sans cacher sa déception.	Il porcospino capì che {NAME:P1}\nnon avrebbe ceduto, perciò se ne andò deluso.	O porco-espinho percebeu que o {NAME:P1}\nnão iria mudar de ideia. Então, desapontado, ele foi embora.	El puercoespín se dio cuenta\nde que {NAME:P1} no iba a ceder y se fue contrariado.	ヤマアラシ⁠は、​{NAME:P1}​に​わかっ⁠て​もらえ⁠ない⁠と\n気づい⁠た⁠ので、​がっかり⁠し⁠ながら​帰っ⁠て​いき⁠まし⁠た。	Si landak menyadari bahwa {NAME:P1} tidak akan menyerah,\njadi dia pergi, dengan memendam rasa kecewa.	Si landak kini sedar {NAME:P1} tidak akan mengalah,\nmaka dia pun pergi dengan kecewa.	أدرك القنفذ أن الكلام لن يثني {NAME:P1}، فغادر منزله خائبًا.	Piggsvinet insåg att {NAME:P1} inte skulle ge sig, så han gick besviken iväg.	Het stekelvarken snapt dat {NAME:P1} niet van gedachten\nzal veranderen en gaat teleurgesteld weer naar huis.	Jeżozwierz zrozumiał, że {NAME:P1} nie ustąpi, i odszedł zawiedziony.
boy.page.21	{NAME:P1} kept enjoying the cool water.	{NAME:P1} продолжил наслаждаться прохладной водичкой.	{NAME:P1} genoss weiter das kalte Wasser.	{NAME:P1} continua de profiter de l’eau fraîche.	{NAME:P1} continuò a godersi l’acqua fresca.	{NAME:P1} continuou curtindo a água fresca.	{NAME:P1} continuó disfrutando del agua fresca.	{NAME:P1}​は​ひんやり⁠し⁠た\n水⁠を​楽しん⁠で​い⁠まし⁠た。	{NAME:P1} terus menikmati air yang dingin.	{NAME:P1} terus menikmati air yang sejuk.	واصل {NAME:P1} الاستمتاع بالماء البارد.	{NAME:P1} fortsatte att njuta av det svala vattnet.	{NAME:P1} geniet ondertussen van het koele water.	{NAME:P1} dalej cieszył się chłodną wodą.
boy.page.22	But it didn’t last long. Next the rabbit came to his house.	Но длилось это недолго. К его дому пришла зайчиха.	Aber es hielt nicht lange an. Als Nächstes kam die Häsin zu seinem Haus.	Mais cela ne dura pas longtemps. La lapine vint cogner à sa porte.	Ma non durò a lungo. Il giorno dopo la lepre venne a trovarlo.	Mas não durou muito, porque, logo depois, a coelha foi até a sua casa.	Pero su solaz no duró mucho tiempo. Una liebre llegó a su casa.	しかし、​それ⁠は​長く⁠は​続き⁠ませ⁠ん⁠でし⁠た。\nウサギ⁠が​{NAME:P1}​の​家⁠に​やって来⁠た​の⁠です。	Tetapi hal itu tidak berlangsung lama.\nSelanjutnya, kelinci mendatangi rumahnya.	Tetapi hal ini tidak lama. Kemudian arnab pula datang ke rumahnya.	لكن لم يدم استمتاعه طويلاً، فقد جاء الأرنب إلى منزله.	Men det höll inte i sig länge. Nu kom kaninen till hans hus.	Maar dat duurt niet lang. Even later staat moeder konijn in zijn tuin.	Ale nie trwało to długo. Następna przyszła króliczka.
boy.page.23	“{NAME:P1}, please give the water back,” she said.\n“The stream you have blocked used to spin my mill’s wheel.”	«{NAME:P1}, верни, пожалуйста, воду, ‒ попросила она.\n‒ Ручей, который ты перекрыл, крутил мою мельницу».	„{NAME:P1}, bitte gib uns das Wasser zurück“, sagte sie.\n„Der Fluss, den du umgeleitet hast, hat mein Mühlrad angetrieben.“	« {NAME:P1}, dit-elle. Sois gentil, rend l’eau. Le ruisseau\nque tu as bloqué servait à faire tourner la roue de mon moulin. »	«{NAME:P1}, per piacere riporta l’acqua al ruscello», disse.\n«Il ruscello che hai bloccato faceva funzionare il mio mulino».	“{NAME:P1}, por favor, devolva a água do rio”, ela disse.\n“Eu usava essa água para girar minha roda d'água.”	“{NAME:P1}, por favor, devuelve el agua”, suplicó.\n“El arroyo que has desviado hacía girar la rueda de mi molino”.	「{NAME:P1}、​水⁠を​返し⁠て」​ウサギ⁠は​言い⁠まし⁠た。\n「あなた⁠が​せき止め⁠た​川⁠は、​水車⁠を​回す​の⁠に​使っ⁠て​い⁠た⁠の」	“{NAME:P1}, tolong kembalikan airnya,” ujarnya. “Sungai yang sudah\nkamu halangi itu dulu digunakan untuk memutar roda pabrikku.”	“{NAME:P1}, tolong kembalikan air ini,” katanya.\n“Sungai yang kamu sekat selalunya memusingkan roda kincir saya.”	قال الأرنب: ”{NAME:P1}، أعد الماء من فضلك.\nكان الجدول الذي قطعتهَ يدوّر عجلة طاحونتي“.	”{NAME:P1}, snälla ge tillbaka vattnet,” sa hon.\n”Strömmen som du har blockerat brukade få hjulet på min kvarn att snurra.”	“{NAME:P1}, geef alsjeblieft het water terug,” zegt ze.\n“Mijn molen werkt niet zonder het water van de rivier.”	– {NAME:P7}, proszę, oddaj wodę – powiedziała.\n– Strumień, który zablokowałeś, napędzał koło mojego młyna.
boy.page.24	“And now I cannot make bread for my little bunnies.”	«Теперь я не могу приготовить хлеб для своих зайчат».	„Und jetzt kann ich kein Brot mehr für meine kleinen Häschen machen.“	« Et maintenant je ne peux pas faire de pain pour mes petits lapereaux. »	«E non posso fare il pane per i miei leprotti».	“E agora eu não consigo mais fazer pão para os meus coelhinhos.”	“Y ahora no puedo hacer el pan para mis pequeños hijos”.	「だから、​小さな⁠ウサギ⁠たち⁠の​ため⁠に\nパン⁠を​作る​こと⁠が​でき⁠ない⁠の」	“Tapi sekarang aku tidak bisa membuat\nroti untuk anak-anakku yang masih kecil.”	“Dan sekarang saya tidak dapat membuat roti untuk anak-anak saya.”	”والآن لا يمكنني صنع الخبز لأرانبي الصغار“.	”Och nu kan jag inte baka bröd till mina små kaninungar.”	“En nu kan ik geen brood bakken voor mijn konijnenkindertjes.”	– Teraz nie mogę upiec chleba dla moich króliczków.
boy.page.25	“Why would I care about your bread?” The raccoon waved aside\nher complaints. “You have to solve your problems for yourself, just like I did!”	«Какое мне дело до твоего хлеба? ‒ отмахнулся енот\nот жалоб зайчихи. ‒ Свои проблемы нужно решать самому, как я!»	„Was interessiert mich dein Brot?“ Der Waschbär tat ihre Beschwerde ab.\n„Du musst deine Probleme selbst lösen, so wie ich es getan habe!“	« Pourquoi devrais-je me soucier de ton pain ? dit-il en secouant la tête.\nRègle tes problèmes toute seule, comme je l’ai fait ! »	«Perché dovrebbe importarmi del tuo pane?». Il procione ignorò le lamentele\ndella lepre. «Devi risolverti i problemi da sola, come ho fatto io!»	“Mas o que seu pão tem a ver comigo?” O guaxinim nem deu bola para o\npedido dela. “Você tem que resolver seus problemas sozinha, assim como eu!”	“¿Por qué he de preocuparme por tu pan?”, rechazó el mapache su reclamo.\n“¡Tú tienes que resolver tus problemas por ti misma, como lo hice yo!”	「どうして⁠僕⁠が​君⁠の​パン⁠の​心配⁠を​し⁠ない⁠と​いけ⁠ない⁠の⁠？」​{NAME:P1}​は​言\nい返し​まし⁠た。​「自分⁠の​問題⁠は​自分⁠で​考え⁠ない⁠と。​僕⁠が​し⁠た​よう⁠に⁠！」	“Mengapa aku harus peduli dengan rotimu?” Si rakon menolak keluhan\nsi kelinci. “Kamu harus memecahkan masalahmu sendiri, seperti aku!”	“Kenapa saya mesti prihatin tentang roti kamu?” Rakun mengetepikan\naduannya. “Kamu perlu menyelesaikan masalah kamu sendiri, seperti saya!”	تجاهل الراكون شكوى الأرنب قائلاً:\n”علامَ أهتمّ بخبزك؟ عليك حلّ مشاكلك بنفسك، تمامًا كما فعلتُ أنا!“	”Varför skulle jag bry mig om ditt bröd?” Tvättbjörnen viftade bort hennes\nklagomål. ”Du måste lösa dina problem själv, precis som jag gjorde!”	“Wat kan mij jouw brood nou schelen?” De wasbeer snapt niet waarom ze\nbij hem komt klagen. “Je moet je eigen problemen oplossen, net als ik!”	– A co mnie obchodzi twój chleb? – machnął łapą szop.\n– Rozwiązuj swoje problemy sama, tak jak ja!
boy.page.26	“I never thought you were so cold-hearted.” The rabbit left sadly.	«Не думала, что ты такой бессердечный»,\n‒ обиделась зайчиха и ушла ни с чем.	„Ich hätte nie gedacht, dass du so gefühllos bist.“\nDie Häsin verschwand traurig, ohne Erfolg gehabt zu haben.	« Je croyais que tu avais un cœur ».\nLa lapine s’en alla triste et les mains vides.	«Non avrei mai pensato che fossi così egoista».\nLa lepre se ne andò, non avendo concluso niente.	“Nunca imaginei que você fosse tão insensível.”\nA coelha foi embora triste e de mãos abanando.	“Nunca imaginé que fueses tan insensible”.\nLa liebre se alejó, triste, con las manos vacías.	「あなた⁠が​そんなに⁠ガンコ⁠だ⁠と⁠は​思わ⁠なかっ⁠た⁠わ」​わかっ⁠て\nもらえ⁠なかっ⁠た⁠ので、​ウサギ⁠は​悲し⁠そう⁠に​帰っ⁠て​いき⁠まし⁠た。	“Aku tak pernah mengira hatimu sedingin itu.” Kelinci pergi dengan sedih.	“Saya tidak sangka kamu begitu keras hati.” Arnab pun berlalu dengan sedih.	قال الأرنب وهو يغادر حزينًا: ”ما ظننتُ قلبكَ قاسيًا لهذه الدرجة“.	”Jag trodde aldrig att du var så kallhjärtad.” Kaninen gick ledsen iväg.	“Ik wist niet dat je zo gemeen was.”\nMoeder konijn gaat verdrietig terug naar huis.	– Nie sądziłam, że możesz być tak bezduszny\n– odparła smutno króliczka i odeszła.
boy.page.27	“I’m so tired of them all,” the raccoon grumbled. “Why should I think\nabout their problems? I rely on nobody, and my life is perfect.”	«Как они мне все надоели, ‒ возмутился енот. ‒ Почему я должен думать\nоб их проблемах? Вот я ни на кого не рассчитываю и живу замечательно».	„Ich bin so müde von alldem“, brummte der Waschbär.\n„Ihre Probleme interessieren mich nicht. Ich brauche sie nicht.“	« Ils me fatiguent tous, grogna le raton laveur. Leurs problèmes\nne sont pas les miens. Je n’ai besoin de personne, et ma vie est parfaite. »	«Che scocciatura», si lamentò il procione. «Perché dovrei pensare\nai loro problemi? Io non dipendo da nessuno e la mia vita è perfetta».	“Cansei de todo mundo!”, resmungou o guaxinim. “O que os problemas\ndeles têm a ver comigo? Eu não dependo de ninguém, minha vida é perfeita.”	“Estoy cansado de ellos”, rezongó el mapache. “¿Por qué he de preocuparme\npor sus problemas? Yo no dependo de nadie, y mi vida es perfecta”.	「疲れ⁠た⁠よ」​{NAME:P1}​は​言い⁠まし⁠た。​「どうして⁠僕⁠が​みんな⁠の​問題⁠を\n考え⁠ない⁠と​いけ⁠ない⁠の⁠？⁠僕⁠は​誰⁠に⁠も​頼ら⁠ない⁠し、​僕⁠の​人生⁠は​最高⁠だ」	“Aku bosan dengan mereka,” rakon menggerutu. “Mengapa aku harus memikirkan\nmasalah mereka? Aku tak tergantung siapa pun, dan hidupku sempurna.”	“Penat betul layan mereka,” rakun mengomel. “Kenapa aku perlu fikir masalah\nmereka? Aku tidak bergantung pada sesiapa, dan hidup aku sempurna.”	تذمّر الراكون قائلاً: ”سئمت منهم جميعًا.\nعلامَ أتعب نفسي بمشاكِلهم؟ أنا لا أتّكل على أحد وحياتي مثاليّة“.	”Jag är så trött på dem,” sa tvättbjörnen. ”Vad har deras problem med mig\natt göra? Jag förlitar mig inte på någon, och mitt liv är perfekt.”	“Waarom komt iedereen bij mij met zijn problemen?” moppert de wasbeer.\n“Ik ben het zat. Ik ben van niemand afhankelijk en mijn leven is perfect.”	– Mam ich wszystkich dość – mruknął szop. – Dlaczego mam myśleć\no cudzych problemach? Na nikim nie polegam i mam idealne życie.
boy.page.28	But {NAME:P1} couldn’t enjoy his well-being for long.\nHe was bothered again, by beavers this time.	Но недолго наслаждался {NAME:P1}.\nЕго отдых снова прервали ‒ на этот раз бобры.	Aber {NAME:P1} konnte ihre Ruhe nicht lange genießen.\nEr wurde erneut gestört, diesmal von den Bibern.	Mais la tranquilité de {NAME:P1} ne dura pas longtemps.\nC’était le tour des castors de venir l’embêter.	Ma {NAME:P1} non poté godersi la vita per molto.\nArrivarono altri scocciatori, i castori questa volta.	Mas a boa-vida do {NAME:P1} não durou muito mais tempo.\nDessa vez, foram os castores que apareceram para perturbá-lo.	Pero {NAME:P1} no pudo disfrutar de su piscina por mucho tiempo.\nLo molestaron otra vez; ahora fueron los castores.	しかし、​{NAME:P1}​の​幸せ⁠は​長く​続き⁠ませ⁠ん⁠でし⁠た。\n今度⁠は​ビーバー⁠に​ジャマ​さ⁠れ⁠まし⁠た。	Tetapi {NAME:P1} tidak bisa berlama-lama menikmati ketenangannya.\nDia diganggu lagi, kali ini oleh sekawanan biwara.	Namun {NAME:P1} tidak dapat menikmati keamanan untuk masa yang lama.\nDia diganggu lagi, kali ini oleh memerang.	لكن {NAME:P1} لم يستمتع بالهدوء طويلاً،\nفقد قاطعه الجيران مجدّدًا. إنهم القنادس هذه المرّة.	Men {NAME:P1} kunde inte njuta av sitt välbefinnande länge.\nHan stördes återigen, men av bävrar den här gången.	Maar {NAME:P1} kan er niet lang van genieten.\nDit keer wordt hij gestoord door de bevers.	Ale {NAME:P1} nie nacieszył się długo. Tym razem przyszły bobry.
boy.page.29	“Your idea will lead to trouble, it’s dangerous,”\nthe beavers shook their heads looking at the pool.	«Плохо ты это придумал, опасно!»\n‒ покачали они головами, поглядев на бассейн.	„Deine Idee wird Ärger verursachen, sie ist gefährlich.“\nDie Biber schüttelten mit ihren Köpfen, während sie das Becken betrachteten.	« Ton idée va entraîner des problèmes, c’est dangereux. »\nLes castors secouèrent la tête en regardant la piscine.	«La tua idea causerà dei guai, è pericolosa»,\ndissero i castori guardando la piscina con apprensione.	“Sua ideia não vai dar nada certo, isso aí é perigoso”,\ndisseram os castores em sinal de reprovação enquanto observavam a piscina.	“Tu idea te acarreará problemas, es peligrosa”,\nmeneaban la cabeza los castores mientras miraban la piscina.	「君⁠の​アイデア⁠は​トラブル⁠に​なる⁠よ、​キケン⁠だ⁠よ」\nビーバー⁠たち⁠は​プール⁠を​見⁠て​首⁠を​横⁠に​振り⁠まし⁠た。	“Idemu akan mendatangkan masalah, berbahaya,”\npara biwara itu geleng-geleng kepala sambil memandang ke kolam.	“Idea kamu akan membawa masalah. Idea ini bahaya,”\nmemerang menggeleng-gelengkan kepala melihat kolam itu.	هزّ القنادس رؤوسهم وهم يبحلقون بالمسبح وقالوا:\n”فكرتكَ هذه خطرة، سوف تتسبب بالمشاكل“.	”Din idé kommer att leda till trubbel, det är farligt,”\nsa bävrarna och skakade på huvudena medan de tittade på poolen.	“Je idee zorgt voor problemen hoor, het is gevaarlijk,”\nzeggen de bevers terwijl ze hoofdschuddend naar het zwembad kijken.	– Twój pomysł skończy się kłopotami. To niebezpieczne\n– powiedzieli bobry, kręcąc głowami przy basenie.
boy.page.30	“You have to lead the water back before it’s too late. It will rain soon.”	«Нужно возвращать воду назад, пока не поздно. Скоро дожди будут».	„Du musst das Wasser wieder zurückleiten,\nbevor es zu spät ist. Es wird bald regnen.“	« Tu dois reconduire l’eau avant qu’il ne soit trop tard.\nLa pluie va bientôt tomber. »	«Devi ricondurre l’acqua fuori dalla piscina. Pioverà presto».	“Você precisa redirecionar a água antes\nque seja tarde demais. Logo menos, vai chover…”	“Tienes que devolver el agua antes\nde que sea demasiado tarde. Pronto va a llover”.	「手遅れ⁠に​なる​前⁠に、​水⁠を​戻す​ん⁠だ。\n​もうすぐ⁠雨⁠が​降る⁠から⁠ね」	“Kamu harus mengembalikan air sebelum terlambat.\nSebentar lagi turun hujan.”	“Kamu mesti kembalikan semula air sebelum terlambat.\nTidak lama lagi hujan akan turun.”	”عليكَ إعادة المياه لمجراها قبل فوات الأوان. ستمطر قريبًا“.	”Du måste leda tillbaka vattnet innan det är för sent.\nDet kommer att regna snart.”	“Je moet het water terug laten stromen voor het te laat is.\nHet gaat binnenkort regenen.”	– Musisz zawrócić wodę, zanim będzie za późno. Wkrótce spadnie deszcz.
boy.page.31	“Get out of here, all of you!” {NAME:P1} yelled, angrily.	«Уходите все прочь!» ‒ рассердился {NAME:P1}.	„Weg mit euch, alle!“, schrie {NAME:P1} und wurde wütend.	« Sortez tous d’ici ! hurla {NAME:P1}. »	«Andatevene tutti!», urlò {NAME:P1}, sempre più arrabbiato.	“Ah, saiam todos daqui!”, gritou {NAME:P1}.\nEle já estava ficando irritado.	“¡Fuera de aquí, todos!”, gritó {NAME:P1}, enfurecido.	「みんな、​ここ⁠から​出⁠て​行っ⁠て⁠！」\n​{NAME:P1}​は​怒っ⁠て​叫び⁠まし⁠た。	“Enyahlah kalian semua dari sini!” {NAME:P1} berteriak penuh amarah.	“Sila keluar dari sini, kamu semua!” {NAME:P1} bertempik dengan marah.	صرخ {NAME:P1} بغضب: ”انصرفوا، كلّ واحدٍ منكم!“	”Ut med er, allihopa!” ropade {NAME:P1} argt.	“Ga weg hier, jullie allemaal!” roept {NAME:P1} boos.	– Wynocha stąd, wszyscy! – krzyknął {NAME:P1}.
boy.page.32	“I don’t need your advice!”	«Я ваших советов не просил!»	„Ich brauche euren Ratschlag nicht!“	« Je n’ai pas besoin de vos conseils ! »	«Non ho bisogno dei vostri consigli!»	“Eu não preciso dos seus conselhos!”	“¡No necesito sus consejos!”	「君たち⁠の​アドバイス⁠なんて​いら⁠ない⁠よ⁠！」	“Aku tidak membutuhkan saran kalian!”	“Saya tidak perlukan nasihat kamu!”	”لست بحاجة نصائحكم!“	”Jag behöver inte era goda råd.”	“Ik heb jullie advies helemaal niet nodig!”	– Nie potrzebuję waszych rad!
boy.page.33	“Well, suit yourself.” The beavers cautioned him before they left,\n“Remember, we warned you.”	«Ну смотри, ‒ пожурили его бобры,\nпрежде, чем уйти. ‒ Мы тебя предупреждали».	„Nun, wie du meinst.“ Bevor die Biber gingen,\nermahnten sie ihn: „Vergiss nicht, wir haben dich gewarnt.“	« Fais comme tu veux, dirent les castors avant de s’en aller.\nMais souviens-toi que nous t’avons prévenu. »	«Beh, arrangiati allora», i castori lo avvertirono prima di andarsene.\n«Ma ricorda che ti avevamo avvisato».	“Bem, fique à vontade.” Mas os castores deixaram claro\nantes de ir embora: “lembre-se de que a gente te avisou.”	“Bueno, como quieras”. “Recuerda que te lo advertimos”,\nle reconvinieron los castores cuando se alejaban.	「じゃあ⁠好き⁠に​すれ⁠ば​いい⁠さ」​そして、​ビーバー⁠たち⁠は\n出⁠て​行く​前⁠に、​言い⁠まし⁠た。​「注意​し⁠た​こと⁠を​忘れ⁠ない⁠で」	“Baiklah, terserah kau saja.” Para biwara itu memperingatkan\ndia sebelum pergi, “Ingat, kami sudah memperingatkanmu.”	“Baiklah, ikut suka kamulah.” Memerang itu mengingatkannya\nsebelum mereka pergi, “Ingat, kami sudah memberi kamu amaran.”	أنذره القنادس قبل مغادرتهم: ”حسنًا، كما تشاء. ولكن تذكّر أننا حذّرناك“.	”Nåväl, skyll dig själv. Kom ihåg, vi varnade dig,” sa bävrarna innan de gick.	“Oké, wat jij wilt.” De bevers vertrekken, maar niet voor ze zeggen:\n“Vergeet niet dat we je gewaarschuwd hebben.”	– Jak chcesz – odparli. – Pamiętaj, ostrzegliśmy cię.
boy.page.34	{NAME:P1} got tired of his neighbors who came in and out\nevery other minute and decided to go home and have a nap.	{NAME:P4} утомили гости, что ходили к нему без конца,\nи он решил пойти в дом и немного вздремнуть.	{NAME:P1} hatte genug von seinen Nachbarn, die jede Minute\nein- und ausgingen, und entschied, zu Hause ein Nickerchen zu machen.	{NAME:P1} en avait marre de ses voisins\nqui l’embêtaient jour et nuit, et décida d’aller faire une sieste.	{NAME:P1} era stanco dei vicini che arrivavano in continuazione\ne decise di andare a casa a fare un sonnellino.	{NAME:P1} ficou cansado dos seus vizinhos, que vinham\ne voltavam toda hora, e decidiu voltar para casa e tirar uma soneca.	{NAME:P1} se cansó de sus vecinos yendo\ny viniendo permanentemente, y decidió ir a casa a tomar una siesta.	{NAME:P1}​は、​次⁠から​次に⁠やってくる​近所⁠の​動物⁠たち⁠に\nうんざり⁠し、​家⁠に​帰っ⁠て​昼寝​する​こと⁠に​し⁠まし⁠た。	{NAME:P1} merasa bosan dengan para tetangganya\nyang datang silih berganti, lalu dia memutuskan untuk pulang dan tidur siang.	{NAME:P1} berasa lesu dengan kerenah jirannya yang masuk keluar\nsetiap masa dan memutuskan untuk pulang ke rumah dan tidur sekejap.	سئم {NAME:P1} من جيرانه الذين كلّما خرج أحدهم\nيدخل الآخر، فقرّر دخول المنزل وأخذ قيلولة.	{NAME:P1} tröttnade på att hans grannar gick in och ut varannan minut\noch bestämde sig för att gå hem och ta en tupplur.	{NAME:P1} is moe door al het gezeur van zijn buren\nen besluit om een middagdutje te gaan doen.	{NAME:P1} zmęczył się wizytami sąsiadów,\nktórzy przychodzili co chwila, i postanowił wrócić do domu na drzemkę.
boy.page.35	Tired, he crawled into his bed and quickly fell asleep.	Очень уставший, он забрался в свою кроватку и быстро заснул.	Müde kroch er in sein Bett und schlief sofort ein.	Fatigué, il se glissa dans son lit et s’endormit tout de suite.	Stanco, si mise a letto e si addormentò subito.	Cansado, ele deitou na cama e pegou no sono na mesma hora.	Cansado, se metió en su cama y se durmió de inmediato.	{NAME:P1}​は​ベッド⁠に​もぐりこむ⁠と、\n疲れ⁠て​い⁠た⁠ので、​すぐ⁠に​眠っ⁠て​しまい⁠まし⁠た。	Karena kelelahan, dia merangkak masuk\nke tempat tidur dan langsung tertidur.	Dengan keletihan, dia merangkak ke katil dan tertidur dengan cepat.	تثاقل إلى سريره متعبًا وسرعان ما غطّ بالنوم.	Trött kröp han ner i sin säng och somnade.	Slaperig kruipt hij in bed en vertrekt naar dromenland.	Zmęczony wsunął się do łóżka i szybko zasnął.
boy.page.36	As soon as he was asleep, heavy rain fell,\nand a thunderstorm started outside the window.	А за окном пошёл сильный ливень и началась гроза.	Als er eingeschlafen war, fing es draußen\nvor dem Fenster heftig zu regnen und zu gewittern an.	Aussitôt, une pluie torrentielle se mit à tomber\net le tonnerre gronda derrière sa fenêtre.	Appena si addormentò, cominciò a piovere a dirotto e a tuonare.	Assim que ele adormeceu, começou uma chuva forte\ne uma tempestade do lado de fora da janela.	Tan pronto como se durmiera,\ntruenos y una fuerte lluvia se precipitaron fuera de su ventana.	{NAME:P1}​が​眠っ⁠た​とたん、​窓⁠の​外⁠で⁠は\nはげしい​雨⁠と​雷⁠が​鳴り​はじめ⁠まし⁠た。	Begitu dia tertidur, hujan deras pun turun,\ndan guntur bersahutan di luar jendela.	Sebaik sahaja dia tertidur, hujan yang lebat pun turun\ndan ribut petir bermula di luar tingkap.	فإذا نامَ هطلَ مطرٌ غزيرٌ وهبّت عاصفة رعديّة في الخارج.	Så fort han hade somnat började tunga regndroppar falla\noch ett åskoväder började utanför fönstret.	Terwijl hij slaapt begint het hard te regenen en het onweert ook.	Ledwie zasnął, lunął ulewny deszcz i rozpętała się burza.
boy.page.37	It even shook {NAME:P1} out of sleep.\nHe peeled himself from bed and…	От звуков грома {NAME:P1} аж проснулся. Он встал с кровати и…	Es schüttelte {NAME:P1} sogar aus dem Schlaf.\nEr schälte sich aus dem Bett und…	Le bruit secoua le lit de {NAME:P1} et il se réveilla. Il sortit du lit et…	Il temporale era così forte che svegliò {NAME:P1}. Scese dal letto e…	O temporal estava tão forte, que até acordou o {NAME:P1}.\nEle se levantou da cama e…	La tormenta sacudió a {NAME:P1} de su sueño.\nSe levantó de su cama y…	{NAME:P1}​は​眠り⁠から​覚め⁠まし⁠た。\n{NAME:P1}​が​ベッド⁠から​起き上がる⁠と…	Hujan petir itu membuat {NAME:P1} terbangun dari tidurnya.\nDia terangkat dari tempat tidur dan…	Sehingga bunyinya mengejutkan {NAME:P1}\ndaripada tidur. Dia bangkit dari katil dan…	أرعدَت السّماء موقظةً {NAME:P1}، الذي نزع جسمه عن السرير بتكاسل و…	Det väckte till och med {NAME:P1}. Han tog sig ur sängen och…	{NAME:P1} schrikt wakker van het slechte weer. Hij springt uit bed en…	Hałas wyrwał {NAME:P4} ze snu. Podniósł się z łóżka i…
boy.page.38	Stepped into water! The floor of his house was filling up with water,\nwhich rose higher and higher every minute!	Наступил в воду… Пол его дома был залит водой!\nИ воды становилось всё больше с каждой минутой!	Seine Füße wurden nass! Der Boden seines Hauses füllte\nsich mit Wasser, und es wurde jede Minute höher.	Marcha dans l’eau ! Le plancher de sa maison était sous l’eau,\net elle montait à chaque minute qui passait.	Mise i piedi in acqua! Il pavimento di casa\nera pieno d’acqua, e il livello saliva e saliva!	Ao colocar os pés no chão, era só água! Sua casa estava sendo inundada,\ne a água não parava de subir a cada minuto!	¡Caminó en el agua! ¡El suelo de su casa\nestaba cubierto de agua, que subía más y más!	{NAME:P1}​の​足⁠は​水⁠の​中⁠に​入り⁠まし⁠た⁠！\n家⁠の​床⁠は​水⁠で​いっぱい⁠に​なっ⁠て​い⁠まし⁠た⁠！	Tercebur ke air! Lantai rumahnya dibanjiri air,\nyang terus naik dari menit ke menit!	Melangkah ke dalam air! Lantai rumahnya telah dipenuhi air,\nyang naik lebih tinggi dan lebih tinggi lagi setiap minit!	نزل قدماه في الماء! كانت أرضية المنزل تفيض والماء يعلو أكثر فأكثر!	Klev rakt ner i vatten! Golvet i hans hus fylldes\nmed vatten som steg högre och högre för varje minut!	Stapt in het water! De vloer van zijn huis is helemaal nat en het water stijgt snel!	Wdepnął w wodę! Podłoga jego domu zalewała się wodą,\nktóra z każdą minutą podnosiła się coraz wyżej!
boy.page.39	“Help!” the raccoon screamed, dashing out of the house. His swimming\npool’s banks burst because of the rain and it was now flooding the house.	«Помогите!» ‒ Закричал енот, выскакивая из дома. Его бассейн из-за\nсильнейшего дождя вышел из берегов и теперь затапливал дом.	„Hilfe!“, schrie der Waschbär und rannte aus dem Haus. Das Schwimmbecken\nlief wegen des Regens über, und das Wasser überflutete das Haus.	« À l’aide ! » cria le raton laveur en courant dehors.\nSa piscine s’était effondrée sous le poids de l’eau et elle inondait sa maison.	«Aiuto!», gridò il procione uscendo di corsa.\nLa pioggia aveva fatto straripare la piscina e ora la casa era allagata.	“Socorro!”, gritou o guaxinim, saindo correndo de casa. A piscina dele tinha\ntransbordado por causa da chuva e, agora, estava inundando a casa.	“¡Socorro!” gritaba el mapache, mientras salía corriendo de su casa.\nLa piscina se había desbordado con la lluvia, y ahora inundaba la casa.	「助け⁠て⁠！」​{NAME:P1}​は、​急い⁠で​家⁠の​外⁠に​出⁠て​叫び⁠まし⁠た。\n雨⁠で​プール⁠が​こわれ⁠て、​家⁠の​中⁠が​水⁠で​いっぱい⁠に​なっ⁠て​い⁠た​の⁠です。	“Tolong!” si rakun berteriak, lari keluar dari rumah.\nTepi kolam renangnya jebol karena hujan dan sekarang membanjiri rumahnya.	“Tolong!” si rakun menjerit, meluru keluar dari rumah.\nTebing kolam renangnya pecah kerana hujan dan kini air membanjiri rumah.	صاح الراكون وهو يندفع خارج المنزل: ”أنقذوني!“ انفجرت جدران\nمسبحه بفعل المطر وأصبح الماء يفيض الآن بمنزله.	”Hjälp!” ropade tvättbjörnen och rusade ut ur huset. Kanterna på poolen\nhade kollapsat på grund av regnet och vattnet flödade nu in i huset.	“Help!” schreeuwt de wasbeer, terwijl hij naar buiten rent. Het zwembad\nis helemaal overstroomd door de regen en nu loopt het water zijn huis in.	– Pomocy! – krzyknął szop, wybiegając z domu.\nBrzegi jego basenu pękły od deszczu i woda zalała dom.
boy.page.40	His cries brought his neighbors running: the porcupine, the beavers,\nand the rabbit with her whole family came running in.	На крики енота прибежали и дикобраз, и зайчиха с семейством, и бобры.	Seine Schreie schreckten die Nachbarn auf: das Stachelschwein,\ndie Biber und die Häsin mit ihrer ganzen Familie kamen angelaufen.	Ses cris alertèrent ses voisins : le porc-épic, les castors,\nla lapine et toute sa famille se précipitèrent vers lui.	Le urla fecero allarmare i vicini: il porcospino, i castori,\ne la lepre con tutta la famiglia arrivarono correndo.	Ao ouvir seu pedido de socorro, seus vizinhos vieram correndo:\no porco-espinho, os castores e a coelha, junto com toda a sua família.	Sus lamentos hicieron que sus vecinos acudieran corriendo:\nel puercoespín, los castores y la liebre con toda su familia.	{NAME:P1}​の​叫び声⁠を​聞い⁠て、​ヤマアラシ⁠や​ビーバー、\nウサギ⁠と​その⁠家族⁠が​走っ⁠て​き⁠まし⁠た。	Tangisannya membuat para tetangga berlarian: landak, biwara,\ndan kelinci dengan seluruh keluarganya berlari menghampiri rakun.	Jeritannya membuatkan jiran-jiran berlarian:\nlandak, memerang dan arnab sekeluarga berlari mendapatkannya.	هرع الجيران تلبيةً لاستغاثته. جاء القنادس\nبصحبة القنفذ والأرنب وأفراد عائلته جميعًا.	Hans rop fick hans grannar att komma springandes:\npiggsvinet, bävrarna och kaninen med hela sin familj skyndade sig dit.	Zijn buren komen op het geschreeuw af:\nhet stekelvarken, de bevers en moeder konijn met haar hele familie.	Na jego krzyk przybiegli sąsiedzi: jeżozwierz, bobry i króliczka z całą rodziną.
boy.page.41	“We told you,” the beavers shook their heads. But despite how he had acted,\nthey couldn’t leave {NAME:P1} alone in dire straits.	«Мы же тебе говорили», ‒ покачали головами бобры.\nНо делать нечего ‒ не бросать же {NAME:P4} в беде.	„Wir haben es dir gesagt“, die Biber schüttelten ihre Köpfe. Aber trotz\nseines Verhaltens konnten sie {NAME:P1} nicht im Stich lassen.	« Nous t’avons prévenu » dirent les castors. Mais malgré son comportement,\nils ne pouvaient pas laisser {NAME:P1} dans un tel état.	«Te l’avevamo detto», dissero i castori scuotendo la testa. Ma anche se\nsi era comportato male, non potevano lasciare {NAME:P1} nei guai.	“A gente avisou”, disseram os castores. Mas mesmo depois do que ele\ntinha feito, eles não podiam deixar o {NAME:P1} naquela situação.	“Te lo dijimos”, meneaban la cabeza los castores. Pero a pesar\nde su comportamiento, no podían abandonarlo en esa situación desesperada.	「言っ⁠た⁠よ⁠ね」​ビーバー⁠たち⁠は​首⁠を​横⁠に​振り⁠まし⁠た。​しかし、​ビーバー\nたち⁠は、​ひどい​こと⁠を​言っ⁠た​{NAME:P1}​を​放っ⁠て​おけ⁠ませ⁠ん⁠でし⁠た。	“Sudah kami ingatkan,” para biwara geleng-geleng kepala.\nTerlepas dari ulahnya, mereka tak bisa meninggalkan {NAME:P1} dalam kesulitan.	“Kami sudah cakap,” memerang menggeleng-geleng. Namun di sebalik\nsikapnya, mereka tidak sanggup meninggalkan {NAME:P1} dalam kesempitan.	هزّ القنادس رؤوسهم وقالوا: ”لقد حذرناك“. ولكن رغم تصرّفات\n{NAME:P1} اتّجاههم، لم يحتملوا تركه وحيدًا في هذا المأزق المريع.	”Vad var det vi sa,” sa bävrarna och skakade på huvudena.\nMen oavsett hur han hade betett sig kunde de inte överge {NAME:P1}.	“We zeiden het toch,” zeggen de bevers hoofdschuddend.\nMaar ondanks zijn gedrag besluiten ze {NAME:P1} niet in de steek te laten.	– A nie mówiliśmy – pokręcili głowami bobry.\nMimo tego, jak się zachowywał, nie mogli zostawić {NAME:P2} w potrzebie.
boy.page.42	The beavers promptly gave everyone instructions and the animals dug\na new ditch that led the water away from the raccoon’s house.	Бобры быстро раздали всем указания, и звери общими усилиями выкопали\nдругой ров, уводящий воду от дома енота. Потоп удалось остановить.	Die Biber gaben allen Anweisungen, und die Tiere gruben einen\nneuen Graben, der das Wasser vom Haus des Waschbärs wegführte.	Les castors mirent un plan en route, et tous les animaux creusèrent\nune nouvelle tranchée pour éloigner l’eau de la maison du raton laveur.	I castori diedero subito istruzioni a tutti\ne costruirono un nuovo fossato che condusse l’acqua fuori dalla casa.	Os castores deram instruções para todo mundo e os animais cavaram\numa nova valeta para escoar a água da casa do guaxinim.	Los castores dieron instrucciones rápidamente y los animales cavaron\nuna zanja para que el agua drenara de la casa del mapache.	ビーバー⁠たち⁠は​すぐ⁠に​みんな⁠に​指示⁠を​出し、​動物⁠たち⁠は\n{NAME:P1}​の​家⁠から​水⁠を​流し​出す​ため⁠に​新しい​みぞ⁠を​掘り⁠まし⁠た。	Para biwara itu memberikan perintah pada semuanya dan para hewan\nitu menggali parit baru yang menjauhkan air dari rumah si rakun.	Memerang memberikan arahan kepada semua orang dengan segera dan\nhaiwan-haiwan itu menggali parit baharu yang membawa air jauh dari rumah rakun.	أعطى القنادس تعليماتٍ سريعةٍ فبدأ جميع الحيوانات\nبحفر خندق جديد يوجّه الماء بعيدًا عن منزل الراكون.	Bävrarna gav genast ut instruktioner och djuren grävde ett\nnytt dike som ledde bort vattnet från tvättbjörnens hus.	De bevers vertellen iedereen hoe ze kunnen helpen.\nSamen graven ze een nieuwe geul, waardoor het water weg kan stromen.	Bobry szybko wydały wszystkim wskazówki,\na zwierzęta wykopały nowy rów, który odprowadził wodę od domu szopa.
boy.page.43	Dripping wet, {NAME:P1} looked at the other wet animals that came\nto help him in his hour of need, and he was struck with shame…	Мокрый насквозь, {NAME:P1} посмотрел на таких же мокрых зверей,\nкоторые пришли ему на помощь в трудную минуту, и ему стало так стыдно…	Klitschnass betrachtete {NAME:P1} die anderen durchnässten Tiere,\ndie ihm in der Not geholfen hatten, und Schamgefühl überkam ihn.	Complètement trempé, {NAME:P1} regarda les autres animaux\nqui l’avaient aidé à se sortir du pétrin, et il eut terriblement honte…	Inzuppato, {NAME:P1} vide che tutti gli animali\nlo stavano aiutando nel momento del bisogno, e si vergognò…	Todo molhado, {NAME:P1} olhou para os outros animais encharcados\nque vieram ajudá-lo quando ele precisava e sentiu uma baita vergonha…	Chorreando agua, {NAME:P1} miraba a los empapados animales\nque vinieron a ayudarle cuando lo necesitó, y lo invadió la vergüenza…	ずぶ​ぬれ⁠の​{NAME:P1}​は、​困っ⁠て​いる​とき⁠に​助け⁠に​来⁠て​くれ⁠た​動物⁠たち⁠も\nビショビショ⁠に​なっ⁠て​いる​の⁠を​見⁠て、​とても⁠恥ずかしく​なり⁠まし⁠た…	Dengan tubuh basah kuyup, {NAME:P1} menatap ke para hewan lainnya\nyang juga basah yang menolongnya saat dibutuhkan, dan dia merasa malu…	Kebasahan, {NAME:P1} memandang haiwan-haiwan lain yang juga basah\nyang datang membantunya ketika memerlukan, dan dia ditimpa rasa malu…	كان {NAME:P1} مبتلّاً بالكامل. نظر إلى جيرانه الذين أتوا لمساعدته\nوقتَ الضيق فكانوا مبتلّين أيضًا، مما جعله يشعر بخجل شديد…	Drypande våt tittade {NAME:P1} på de andra djuren som kom\noch hjälpte honom när han var i nöd, och han översköljdes av skamkänslor…	Helemaal doorweekt kijkt {NAME:P1} naar de andere natte dieren,\ndie hem hebben geholpen. Hij schaamt zich enorm.	Ociekający wodą {NAME:P1} spojrzał na mokre zwierzęta,\nktóre przyszły mu z pomocą, i ogarnął go wstyd…
boy.page.44	{NAME:P1} began to sob. “Please, forgive me. I was being so selfish!”	{NAME:P1} захлюпал носом.\n«Простите меня. Я был таким эгоистом!»	{NAME:P1} begann zu schluchzen.\n„Bitte vergebt mir. Ich war so egoistisch!“	{NAME:P1} se mit à pleurer.\n« Pitié, pardonnez-moi. J’ai été tellement égoïste ! »	{NAME:P1} si mise a piangere.\n«Per piacere, perdonatemi. Sono stato così egoista!»	{NAME:P1} começou a soluçar. “Por favor, me desculpem.\nEu estava sendo egoísta demais!”	{NAME:P1} comenzó a sollozar.\n“Por favor, perdónenme. ¡He sido muy egoísta!”	{NAME:P1}​は​しくしく⁠と​泣き​はじめ⁠まし⁠た。\n「お願い、​許し⁠て。​すごく​わがまま⁠だっ⁠た⁠よ⁠！」	{NAME:P1} mulai menangis.\n“Tolong, maafkan aku. Waktu itu aku sangat egois!”	{NAME:P1} mula teresak. “Tolonglah, maafkan saya.\nSaya amat pentingkan diri!”	انفجر {NAME:P1} باكيًا: ”أرجوكم، سامحوني. كم كنتُ أنانيّا!“	{NAME:P1} började snyfta. ”Snälla, förlåt mig. Jag var så självisk!”	{NAME:P1} begint te huilen. “Het spijt me,\nik was heel egoïstisch. Kunnen jullie me vergeven?”	{NAME:P1} się rozpłakał. – Proszę, wybaczcie mi. Byłem taki samolubny!
boy.page.45	“Let me treat you to some hot tea so you don’t catch a cold,” said the raccoon.	«Давайте я вас всех чаем горячим напою, чтобы вы не заболели».	„Ich hole dir einen heißen Tee, dann fängst\ndu dir keine Erkältung ein“, sagte die Waschbärin.	« Je vais faire du thé chaud pour nous réchauffer » dit le raton laveur.	«Lasciate che vi faccia un tè,\ncosì non vi prendete un raffredore», disse il procione.	“Vou te dar um chá quente para que você\nnão pegue um resfriado”, disse o guaxinim.	“Déjenme invitarles con un té caliente, así no se resfrían”, dijo el mapache.	「風邪⁠を​ひか⁠ない​よう⁠に、​温かい​お茶⁠を​ごちそう​する⁠よ」\n{NAME:P1}​が​言い⁠まし⁠た。	“Nanti aku sediakan teh panas untukmu\nagar kamu tidak masuk angin,” ujar si rakun.	“Mari saya sediakan untuk kalian sedikit teh panas\nsupaya tidak terkena selesema,” kata rakun.	أكمل الراكون: ”اسمحوا لي بدعوتكم لشرب الشاي الساخن كيلا يصيبكم البرد“.	”Låt mig bjuda er på lite varmt te så ni inte blir förkylda,” sa tvättbjörnen.	“Ik zal warme thee maken, zodat jullie\nniet verkouden worden,” zegt de wasbeer.	– Pozwólcie, że poczęstuję was gorącą herbatą,\nżebyście nie zmarzli – powiedział szop.
boy.page.46	The animals forgave {NAME:P1} and spent the rest of the day\nenjoying tea with many delicious snacks.	Зверята простили {NAME:P4} и хорошо провели\nостаток дня за чаем с разными вкусностями.	Die Tiere vergaben {NAME:P1} und genossen den Rest\ndes Tages gemeinsam den Tee und verschiedene Köstlichkeiten.	Les animaux pardonnèrent à {NAME:P1} et ils passèrent\nle reste de la journée à boire du thé et à manger des mets savoureux.	Gli animali perdonarono {NAME:P1}\ne passarono il resto del giorno a bere il tè con vari dolcetti.	Os animais perdoaram o {NAME:P1} e, juntos, eles passaram\no resto do dia tomando chá e aproveitando várias comidinhas gostosas.	Los animales perdonaron a {NAME:P1} y pasaron\nel resto del día disfrutando de un té acompañado de varias exquisiteces.	動物⁠たち⁠は​{NAME:P1}​を​許し⁠て、​その⁠日​一⁠日、\nいろいろ⁠な​ごちそう⁠と​お茶⁠を​楽しみ⁠まし⁠た。	Para hewan itu pun memaafkan {NAME:P1}\ndan bersama-sama menikmati teh dengan banyak kudapan yang enak.	Haiwan-haiwan itu memaafkan {NAME:P1} dan menghabiskan hari\nyang masih berbaki menikmati teh dengan banyak kudapan enak.	سامحَ الجيران {NAME:P1} وأمضوا بقية اليوم يشربون\nالشاي ويتناولون مختلف ألوان الكعك الشهيّة معه.	Djuren förlät {NAME:P1} och tillbringade resten\nav dagen med att dricka te och äta massor av godsaker.	De dieren vergeven {NAME:P1}\nen genieten met zijn allen van thee en een heleboel lekkernijen.	Zwierzęta wybaczyły {NAME:P3}\ni spędziły resztę dnia przy herbacie i wielu pysznych przekąskach.
girl.description	One hot and sunny summer day, a raccoon decided on a great way to stay cool. But why didn’t the other animals appreciate the idea? How could this good idea lead to trouble? Let’s find out from this story.	Одним очень жарким летом енот придумал, как обхитрить погоду и наслаждаться прохладой. Но почему лесные жители оказались не рады этой затее, и почему это всё могло обернуться бедой – узнайте в этой истории! 	An einem heißen Sommertag hatte ein Waschbär eine tolle Idee, um sich abzukühlen. Aber warum mochten die anderen Tiere die Idee nicht? Wie konnte diese gute Idee so viel Ärger verursachen? Finden wir es heraus.	Un jour d’été chaud et ensoleillé, une raton laveur trouve une façon géniale de rester au frais. Mais pourquoi les autres animaux n’aiment pas son idée ? Découvrons-le avec cette histoire.	Un giorno d’estate un procione trova un modo geniale di rimanere al fresco. Ma come mai gli altri animali non apprezzano la sua idea? Com’è possibile che causi tanti problemi? Scopriamolo in questa storia.	Em um dia quente e ensolarado de verão, uma guaxinim teve uma ideia genial para se refrescar. Mas por que os outros animais não gostaram da ideia? Qual seria o problema? É o que vamos descobrir nesta história!	En un caluroso día de verano, un mapache tuvo una idea para poder refrescarse. Pero, ¿por qué a los otros animales no les gustó su idea? ¿Por qué esa buena idea generó tantos problemas? Averigüémoslo en este cuento.	晴れた暑い夏の日、アライグマは涼しく過ごす良い方法を見つけました。でも、なぜ他の動物はその方法が気に入らないの？どんな問題が起こる？物語から探してみよう。	Di hari panas dan cerahnya musim panas, seekor rakun menemukan cara tepat agar tubuh tetap dingin. Tapi kenapa hewan lain meremehkan idenya? Kenapa ide bagus ini malah bermasalah? Yuk cari tahu dari cerita ini.	Pada hari musim panas yang hangat dan cerah, rakun mencari cara hebat untuk berasa sejuk. Tetapi kenapa haiwan lain tidak suka idea ini? Bagaimana idea yang baik ini membawa masalah? Ketahui daripada kisah ini.	ذات نهارٍ صيفيّ مشمس، قرّرت الراكون تنفيذ خطةٍ عبقريةٍ للتخفيف من وطأة الحرّ. لم تُعجب خطّتها الحيوانات الأخرى، فما السبب؟ كيف تسبّبت الفكرة السديدة بالمشاكل؟ لنكتشف معًا في هذه القصة.	En varm sommardag kommer en tvättbjörn på ett bra sätt att hålla sig sval. Men varför tycker inte de andra djuren om idén? Hur kunde den leda till trubbel? Låt oss ta reda på det i den här berättelsen.	Op een hete zomerdag heeft een wasbeer een geweldig idee om koel te blijven. Maar waarom vinden de andere dieren het geen goed plan? Waarom zorgt haar goede idee voor problemen? Dat ontdek je in dit verhaal.	Pewnego słonecznego dnia szopica wpadła na pomysł, jak się ochłodzić. Ale dlaczego zwierzętom ten pomysł się nie spodobał? Jak coś tak dobrego mogło przysporzyć tylu kłopotów? Dowiedzmy się z tej historii!
girl.description.iphone	One hot and sunny summer day, a raccoon decided on a great way to stay cool. But why didn’t the other animals appreciate the idea? How could this good idea lead to trouble? Let’s find out from this story.	Одним очень жарким летом енот придумал, как обхитрить погоду и наслаждаться прохладой. Но почему лесные жители оказались не рады этой затее, и почему это всё могло обернуться бедой – узнайте в этой истории! 	An einem heißen Sommertag hatte ein Waschbär eine tolle Idee, um sich abzukühlen. Aber warum mochten die anderen Tiere die Idee nicht? Wie konnte diese gute Idee so viel Ärger verursachen? Finden wir es heraus.	Un jour d’été chaud et ensoleillé, une raton laveur trouve une façon géniale de rester au frais. Mais pourquoi les autres animaux n’aiment pas son idée ? Découvrons-le avec cette histoire.	Un giorno d’estate un procione trova un modo geniale di rimanere al fresco. Ma come mai gli altri animali non apprezzano la sua idea? Com’è possibile che causi tanti problemi? Scopriamolo in questa storia.	Em um dia quente e ensolarado de verão, uma guaxinim teve uma ideia genial para se refrescar. Mas por que os outros animais não gostaram da ideia? Qual seria o problema? É o que vamos descobrir nesta história!	En un caluroso día de verano, un mapache tuvo una idea para poder refrescarse. Pero, ¿por qué a los otros animales no les gustó su idea? ¿Por qué esa buena idea generó tantos problemas? Averigüémoslo en este cuento.	晴れた暑い夏の日、アライグマは涼しく過ごす良い方法を見つけました。でも、なぜ他の動物はその方法が気に入らないの？どんな問題が起こる？物語から探してみよう。	Di hari panas dan cerahnya musim panas, seekor rakun menemukan cara tepat agar tubuh tetap dingin. Tapi kenapa hewan lain meremehkan idenya? Kenapa ide bagus ini malah bermasalah? Yuk cari tahu dari cerita ini.	Pada hari musim panas yang hangat dan cerah, rakun mencari cara hebat untuk berasa sejuk. Tetapi kenapa haiwan lain tidak suka idea ini? Bagaimana idea yang baik ini membawa masalah? Ketahui daripada kisah ini.	ذات نهارٍ صيفيّ مشمس، قرّرت الراكون تنفيذ خطةٍ عبقريةٍ للتخفيف من وطأة الحرّ. لم تُعجب خطّتها الحيوانات الأخرى، فما السبب؟ كيف تسبّبت الفكرة السديدة بالمشاكل؟ لنكتشف معًا في هذه القصة.	En varm sommardag kommer en tvättbjörn på ett bra sätt att hålla sig sval. Men varför tycker inte de andra djuren om idén? Hur kunde den leda till trubbel? Låt oss ta reda på det i den här berättelsen.	Op een hete zomerdag heeft een wasbeer een geweldig idee om koel te blijven. Maar waarom vinden de andere dieren het geen goed plan? Waarom zorgt haar goede idee voor problemen? Dat ontdek je in dit verhaal.	Pewnego słonecznego dnia szopica wpadła na pomysł, jak się ochłodzić. Ale dlaczego zwierzętom ten pomysł się nie spodobał? Jak coś tak dobrego mogło przysporzyć tylu kłopotów? Dowiedzmy się z tej historii!
girl.page.1	In the summertime, {NAME:P1} the raccoon enjoyed swimming.\nThis summer, though, was hotter than ever!	Больше всего тёплым летом {NAME:P1} любила купаться. Не зря она\nбыла енотом-полоскуном. И это лето как раз выдалось жарким, как никогда.	Es war Sommer, und {NAME:P1} die Waschbärin\ngenoss das Schwimmen. Jedoch war dieser Sommer so heiß wie nie!	Pendant l’été, {NAME:P1} la raton laveur adorait nager.\nCet été, par contre, était plus chaud que jamais !	D’estate al procione {NAME:P1} piaceva nuotare.\nQuell’estate però faceva caldissimo!	Se tinha uma coisa que a guaxinim {NAME:P1} adorava fazer no verão,\nera nadar! Ainda mais em um verão tão quente como esse.	A {NAME:P1}, el mapache, le encantaba nadar en verano.\n¡Pero ese verano era el más caluroso que se recordara!	夏⁠に​なる⁠と、​アライグマ⁠の​{NAME:P1}​は​泳ぎ⁠を​楽しみ⁠ます。\nしかし、​今年⁠は​いつも⁠より​ずっと⁠暑い​夏⁠でし⁠た⁠！	Di musim panas, {NAME:P1} si rakun suka berenang.\nTetapi musim panas ini lebih panas dari sebelumnya!	Ketika musim panas, {NAME:P1} si rakun gemar berenang.\nBagaimanapun, musim panas ini lebih panas daripada biasa!	كلّ صيف، تسبح الراكون {NAME:P1} في الجدول فرحةً منتعشة،\nلكن هذا الصيف أتى حارًا كالفلفل!	På sommaren tyckte tvättbjörnen {NAME:P1} om att simma.\nDen här sommaren var det ännu varmare än vanligt.	{NAME:P1} de wasbeer vindt het heerlijk om te zwemmen\nin de zomer. En deze zomer is het heter dan ooit!	Latem {NAME:P1}, szopica, uwielbiała pływać.\nAle tego lata było goręcej niż kiedykolwiek!
girl.page.2	The problem was that in order to splash about in the water as much\nas she wished, {NAME:P1} had to take a long walk to a wide stream.	Да вот беда ‒ для того, чтобы вдоволь поплескаться,\n{NAME:P3} приходилось ходить к большому ручью.	Das Problem war, dass {NAME:P1}, um unbeschwert im Wasser\nzu planschen, einen langen Weg zu einem breiten Bach zurücklegen musste.	Le problème était que pour pouvoir barboter dans l’eau,\n{NAME:P1} devait faire une longue marche vers un grand ruisseau.	Per sguazzare in acqua quanto voleva,\n{NAME:P1} però doveva camminare molto per arrivare al ruscello.	O problema era que, para brincar na água o quanto ela quisesse,\na {NAME:P1} precisava fazer uma longa caminhada até um rio mais largo.	El problema era que para chapotear en el agua todas las veces que quisiese,\n{NAME:P1} tenía que recorrer un largo camino hasta el arroyo.	問題⁠は、​思いっきり⁠水しぶき⁠を​上げる​ため⁠に⁠は、\n遠く⁠に​ある​広い​川⁠まで​歩か⁠なけれ⁠ば​なら⁠ない​こと⁠でし⁠た。	Masalahnya adalah untuk bisa bermain air sepuasnya,\n{NAME:P1} harus berjalan jauh menuju sungai yang lebar.	Masalahnya, jika dia ingin meranduk dalam air selama mana yang diinginkan,\n{NAME:P1} perlu berjalan jauh ke sungai besar.	المشكلة أن {NAME:P1} كانت مجبرة على المشي مسافة طويلة\nإلى الجدول الواسع كي تتقلّب وتمرح في الماء كما تشاء.	Problemet var att för att kunna plaska runt i vattnet så mycket hon ville,\nbehövde {NAME:P1} gå en lång promenad till en bred ström.	Het enige probleem is dat {NAME:P1} een heel eind naar de rivier\nmoet lopen, als ze lekker wil spetteren in het water.	Problem w tym, że żeby pluskać się w wodzie tak długo, jak miała ochotę,\n{NAME:P1} musiała przejść długą drogę do szerokiego potoku.
girl.page.3	{NAME:P1} dreamed about having her own swimming pool\nnear her house. And then she thought, “Why not make it myself?”	{NAME:P1} мечтала о том, чтобы у её дома был свой собственный\nбассейн, и однажды она подумала: «А почему бы мне не сделать его самой?»	{NAME:P1} träumte davon, ihr eigenes Schwimmbecken neben ihrem\nHaus zu haben. Und dann dachte sie: „Wieso baue ich nicht einfach eines?“	{NAME:P1} rêvait d’avoir sa propre piscine près de sa maison.\nElle se dit donc : « Pourquoi ne pas la construire moi-même ? »	{NAME:P1} sognava di avere una piscina vicino a casa.\nE tutt’a un tratto pensò: «Perché non me la faccio da sola?»	O sonho da {NAME:P1} era ter sua própria piscina perto de casa.\nEntão, ela pensou: “por que eu mesmo não faço uma?”	{NAME:P1} imaginó tener su propia piscina, cerca de su casa.\nY luego caviló, “¿por qué no hacerla yo misma?”	{NAME:P1}​は、​家⁠の​近く⁠に​自分⁠の​プール⁠を​持つ​こと⁠が​夢⁠でし⁠た。\n「そう⁠よ、​自分⁠で​作れ⁠ば​いい⁠の⁠よ」​{NAME:P1}​は​そう⁠思い⁠まし⁠た。	{NAME:P1} bermimpi punya kolam renang sendiri di dekat rumahnya.\nDan kemudian dia berpikir, “Kenapa tidak membuatnya sendiri?”	{NAME:P1} berangan-angan untuk memiliki kolam renangnya sendiri\nberdekatan rumah. Kemudian dia terfikir, “Kenapa tidak buat sendiri saja?”	كان حلم {NAME:P1} أن تمتلك مسبحًا خاصًّا قرب منزلها.\nفتساءلَت يومًا: ”لمَ لا أصنع المسبح بنفسي؟“	{NAME:P1} drömde om att ha en egen pool nära sitt hus.\nOch sedan tänkte hon, ”Varför bygger jag den inte själv?”	{NAME:P1} droomt ervan om haar eigen zwembad te hebben,\nvlak naast haar huis. “Dat kan ik zelf wel maken, toch?” denkt ze hardop.	{NAME:P1} marzyła o własnym basenie przy domu.\nA potem pomyślała: „A czemu by nie zrobić go samej?”.
girl.page.4	So she got right to it! {NAME:P1} dug a hole in the ground,\njust big enough for a raccoon. Then all she needed was to fill it with water.	Сказано-сделано! {NAME:P1} выкопала небольшую яму в земле\n‒ как раз, чтобы одному еноту хватило места. Осталось заполнить её водой.	Gesagt, getan! {NAME:P1} grub ein Loch in den Boden, gerade groß\ngenug für einen Waschbären. Dann musste sie es nur noch mit Wasser füllen.	Aussitôt dit, aussitôt fait ! {NAME:P1} creusa un trou dans le sol,\njuste assez grand pour elle. Il ne manquait plus que l’eau.	Detto fatto! {NAME:P1} scavò una buca,\ngrande abbastanza per un procione. E poi bastava solo riempirla d’acqua.	Dito e feito! {NAME:P1} cavou um buraco na terra do tamanho perfeito\npara uma guaxinim! Agora, só faltava encher de água.	¡Dicho y hecho! {NAME:P1} excavó un hueco en la tierra,\ndel tamaño justo para un mapache. Lo único que faltaba era llenarlo de agua.	すぐ⁠に​作り​はじめ⁠まし⁠た⁠！​{NAME:P1}​は​地面⁠に​アライグマ⁠が\n入れる⁠くらい⁠の​大き⁠さ⁠の​穴⁠を​掘り⁠まし⁠た。​あと⁠は​水⁠を​入れる⁠だけ⁠です。	Jadi dia segera bertindak! {NAME:P1} menggali lubang di tanah\nyang cukup besar untuk seekor rakun. Lalu dia tinggal mengisinya dengan air.	Maka dia pun terus membuatnya! {NAME:P1} menggali lubang di tanah,\nsesuai untuk rakun. Selepas itu dia perlu mengisinya dengan air sahaja.	وبالفعل، بدأت بتنفيذ الخطّة! حفرت {NAME:P1} حفرة في\nالأرض بحجم راكون. ما عليها الآن سوى ملئ الحفرة بالماء.	Så hon tog tag i saken! {NAME:P1} grävde ett hål,\nprecis stort nog för en tvättbjörn. Nu var det bara att fylla det med vatten.	Ze gaat direct aan de slag! {NAME:P1} graaft een gat, precies groot\ngenoeg voor een wasbeer. Nu moet ze het alleen nog vullen met water.	Zabrała się od razu! {NAME:P1} wykopała w ziemi dół,\nw sam raz na szopicę. Wystarczyło tylko napełnić go wodą.
girl.page.5	{NAME:P1} grabbed a bucket and ran all the way to the stream.	{NAME:P1} взяла ведро и побежала к ручью.	{NAME:P1} schnappte sich einen Eimer\nund rannte den ganzen Weg zum Bach.	{NAME:P1} saisit un seau et courut à toute vitesse vers le ruisseau.	{NAME:P1} prese un secchio e corse al ruscello.	{NAME:P1} pegou um balde e foi correndo até o rio.	{NAME:P1} agarró un balde y corrió hasta el arroyo.	{NAME:P1}​は​バケツ⁠を\n持っ⁠て​川⁠まで​走り⁠まし⁠た。	{NAME:P1} menyambar ember dan berlari menuju ke sungai.	{NAME:P1} menyambar baldi dan berlari sepanjang jalan ke sungai.	حَملت {NAME:P1} دلوًا وراحت تركض إلى الجدول.	{NAME:P1} tog tag i en hink och sprang hela vägen till strömmen.	{NAME:P1} pakt een emmer en rent de hele weg naar de rivier.	{NAME:P1} chwyciła wiadro i pobiegła aż do potoku.
girl.page.6	After running back and forth a few times,\nthe raccoon realized that her swimming hole was far from being filled.	Сбегав несколько раз туда-обратно,\nенотиха поняла, что её яма почти не наполнилась водой.	Nachdem sie ein paar Mal hin und her gelaufen war,\nmerkte die Waschbärin, dass ihr Becken noch lange nicht aufgefüllt war.	Après quelques allers-retours, la raton laveur réalisa\nque son coin d’eau était loin d’être rempli.	Dopo essere corso avanti e indietro varie volte,\nil procione si accorse che mancava ancora tanto per riempire la buca d’acqua.	Depois de ir e voltar algumas vezes,\na guaxinim percebeu que sua piscina ainda estava bem longe de ficar cheia.	Luego de correr de arriba para abajo varias veces, el mapache se percató\nde que a su piscina le faltaba mucho aún para llenarse.	何⁠回⁠か​行っ⁠たり​来⁠たり​し⁠て​いる​うち⁠に、​{NAME:P1}​は​泳ぐ​穴⁠を​水⁠で\nいっぱい⁠に​する⁠に⁠は、​まだまだ⁠足り⁠ない​こと⁠に​気づき⁠まし⁠た。	Setelah berlari bolak-balik beberapa kali,\nsang rakun menyadari bahwa lubang renangnya belum juga terisi air.	Selepas berlari pergi balik beberapa kali,\nrakun sedar bahawa paluh renangnya jauh sekali daripada penuh.	بعد السعي مرارًا بين الجدول وحفرة السباحة،\nأدركت الراكون أن الحفرة لم تمتلأ ولو قليلاً.	Efter att ha sprungit fram och tillbaka några gånger insåg\ntvättbjörnen att hålet fortfarande var långt ifrån fullt.	Na een paar keer heen en weer rennen beseft\nze dat haar zwembad nog lang niet vol is.	Po kilku biegach tam i z powrotem szopica zorientowała się,\nże jej basen ma jeszcze daleko do pełna.
girl.page.7	What to do? Suddenly, a new idea came to {NAME:P1}!	Что делать? И тут {NAME:P3} пришла в голову идея!	Was sollte sie tun? Plötzlich kam {NAME:P1} eine neue Idee!	Que faire ? Soudain, {NAME:P1} eut une nouvelle idée !	Che cosa fare? Imporvvisamente a {NAME:P1} venne un’idea!	E agora? De repente, a {NAME:P1} teve uma outra ideia!	¿Qué hacer? ¡De repente, {NAME:P1} tuvo una idea!	どう⁠し⁠たら​いい⁠？⁠その⁠とき、\n​ある⁠アイデア⁠が​ひらめき⁠まし⁠た⁠！	Harus bagaimana? Tiba-tiba, muncul ide baru di kepala {NAME:P1}!	Apa yang perlu dibuat? Tiba-tiba, idea\nbaharu muncul dalam fikiran {NAME:P1}!	راحت {NAME:P1} تفكّر في حلّ. وفجأةً، خطرت على بالها فكرة جديدة!	Vad skulle hon göra? Plötsligt kom {NAME:P1} på något!	Wat moet ze nou doen? Opeens heeft {NAME:P1} een nieuw plan!	Co zrobić? Nagle {NAME:P1} wpadła na nowy pomysł!
girl.page.8	She dug a deep ditch from the stream all the way back to her pool.	Она выкопала глубокую канавку прямо от ручья до своего бассейна.	Sie grub einen tiefen Graben vom Fluss bis zu ihrem Becken.	Elle creusa une tranchée allant du ruisseau jusqu’à sa piscine.	Scavò un fossato che andava dal ruscello fino alla sua piscina.	Ela cavou uma valeta bem funda,\ncomeçando lá no rio e chegando até sua piscina.	Cavó una profunda zanja desde el arroyo hasta su piscina.	{NAME:P1}​は​川⁠から​プール⁠まで\n深い​みぞ⁠を​掘り⁠まし⁠た。	Dia menggali parit yang dalam dari sungai sampai ke kolamnya.	Dia menggali parit yang dalam dari sungai hingga sampai ke kolamnya.	حفرت خندقًا عميقًا وطويلاً يصل مسبحها بالجدول.	Hon grävde ett djupt dike från strömmen hela vägen tillbaka till sin pool.	Ze graaft een diepe geul van de rivier helemaal naar haar zwembad.	Wykopała głęboki rów od potoku aż do swojego basenu.
girl.page.9	Bingo! The pool was filled with water in a minute!	И, о радость, бассейн очень быстро наполнился водой!	Volltreffer! Der Pool war innerhalb einer Minute mit Wasser gefüllt!	Bingo ! La piscine était remplie d’eau en une minute !	Bingo! La piscina si riempì d’acqua in un momento!	Bingo! A piscina ficou cheia num minuto!	¡Albricias! ¡La piscina se llenó de agua en un abrir y cerrar de ojos!	やっ⁠た​ー⁠！⁠プール⁠は​あっという間に⁠水⁠で\nいっぱい⁠に​なり⁠まし⁠た⁠！	Hore! Kolam itu pun seketika sudah terisi air!	Bingo! Sekejap sahaja kolam itu dipenuhi air!	يا سلام! امتلأ المسبح بدقيقة واحدة!	Bingo! Poolen var fylld med vatten inom en minut.	Bingo! Het zwembad is binnen een paar minuten gevuld met water.	Bingo! Basen napełnił się wodą w minutę!
girl.page.10	Happy with her good ideas, {NAME:P1} could now swim\nas much as she wanted. A few days passed like that.	Довольная жизнью, {NAME:P1} теперь могла купаться\nстолько раз в день, сколько ей хотелось. Так пролетело несколько дней.	{NAME:P1} freute sich über ihre gute Idee. Jetzt konnte sie\nso viel schwimmen, wie sie wollte. So vergingen ein paar Tage.	Content de son idée, {NAME:P1} pouvait maintenant nager autant\nqu’elle le souhaitait. Quelques jours passèrent.	Felice della sua idea, {NAME:P1} ora poteva\nnuotare quanto voleva. Così passò qualche giorno.	Feliz com suas boas ideias, agora a {NAME:P1} poderia nadar\no quanto ela quisesse. E assim ela fez por vários dias seguidos.	Regocijándose por sus buenas ideas, ahora {NAME:P1}\nnadaba todo lo que quería. Y así pasaron varios días.	{NAME:P1}​は​自分⁠の​すばらしい​アイデア⁠に​よろこび⁠まし⁠た。​そして、\n好き⁠な⁠だけ​泳げる​よう⁠に​なり⁠まし⁠た。​そうして⁠何⁠日⁠か⁠が​過ぎ⁠まし⁠た。	Karena senang dengan idenya yang bagus, {NAME:P1} sekarang\nbisa berenang sepuasnya. Beberapa hari berjalan seperti itu.	Gembira dengan ideanya yang baik, {NAME:P1} kini dapat berenang\nselama mana yang dia mahu. Demikianlah beberapa hari berlalu.	كانت {NAME:P1} سعيدة بأفكارها السديدة،\nفالآن يمكنها السباحة قدر ما تشاء. مرّت بضعة أيام على هذا الحال.	Nöjd med sin idé kunde {NAME:P1} nu simma så mycket\nhon ville, och det gjorde hon i några dagar.	Tevreden met haar goede idee zwemt\nen spettert {NAME:P1} dagenlang in haar eigen zwembad.	Zadowolona z pomysłu, {NAME:P1} mogła teraz pływać,\nile tylko chciała. Tak minęło kilka dni.
girl.page.11	{NAME:P1} continued to rejoice in her great idea\nwhile keeping cool in her swimming hole.	{NAME:P1} не могла нарадоваться своей замечательной идее.	{NAME:P1} hatte weiter ihre Freude\nund konnte sich in ihrem Schwimmloch abkühlen.	{NAME:P1} continuait de se réjouir\nde sa grande idée tout en se rafraichissant dans sa piscine.	{NAME:P1} continuò a godersi la sua idea al fresco nella piscina.	{NAME:P1} continuou se refrescando na piscina por vários dias,\ntoda alegre e satisfeita com sua brilhante ideia.	{NAME:P1} continuaba solazándose\ncon su gran idea mientras se refrescaba en su piscina.	{NAME:P1}​は、​自分⁠の​すばらしい​アイデア⁠に​よろこび⁠ながら、\nプール⁠で​体⁠を​冷やし⁠て​い⁠まし⁠た。	{NAME:P1} terus gembira dengan idenya yang bagus sambil tetap\nmenjaga suhu tubuhnya agar tetap dingin di lubang renangnya.	{NAME:P1} terus bergembira dengan idea hebatnya\nsambil menyejukkan diri dalam paluh renangnya.	ظلّت {NAME:P1} تسبح في حفرتها مستمتعةً\nبالماء البارد وفخورةً بفكرتها العبقرية.	{NAME:P1} fortsatte att glädjas åt sin goda idé\nmedan hon svalkade sig i badhålet.	{NAME:P1} geniet enorm van het koele water.	{NAME:P1} wciąż cieszyła się swoim świetnym\npomysłem i chłodziła się w basenie.
girl.page.12	But soon her neighbor, the porcupine\nwho lived down the stream, came to her house.	Но вдруг к её дому пришёл сосед-дикобраз. Он жил дальше по ручью.	Aber bald tauchte ihr Nachbar, das Stachelschwein,\ndas flussabwärts wohnte, an ihrem Haus auf.	Mais bientôt son voisin le porc-épic,\nqui vivait en dessous du ruisseau, lui rendit visite.	Ma presto il suo vicino, il porcospino\nche viveva lungo il ruscello, venne a fargli visita.	Até que seu vizinho, um porco-espinho\nque morava mais abaixo do rio, apareceu na sua casa.	Pero, de repente, vino a visitarle su vecino el puercoespín, que vivía río abajo.	すると、​川⁠の​下⁠の​ほう⁠に​住む​ヤマアラシ⁠が\n{NAME:P1}​の​家⁠に​やって来⁠まし⁠た。	Namun tak lama kemudian tetangganya, si landak,\nyang tinggal di hilir sungai, mendatangi rumahnya.	Namun tidak lama kemudian jirannya,\nlandak yang tinggal di hilir sungai, datang ke rumahnya.	لكن لم يطل الوقت حتى أتى جارها القنفذ الذي يسكن على ضفة الجدول.	Men snart kom hennes granne,\npiggsvinet som bodde nedströms, till hennes hus.	Maar al snel komt het stekelvarken,\nhaar buurman die vlak naast de rivier woont, naar haar huis.	Wkrótce jednak przyszedł do niej sąsiad, jeżozwierz mieszkający w dole rzeki.
girl.page.13	“Oh, that’s who has taken all the water for himself!”\nthe porcupine gasped. “What have you done, {NAME:P1}?”	«Ах, вот кто всю воду себе забрал! ‒ ахнул дикобраз.\n‒ {NAME:P1}, что ж ты наделала?»	„Oh, du hast also das ganze Wasser für dich genommen!“\nsagte das Stachelschwein schockiert. „Was hast du getan, {NAME:P1}?“	« Oh, voilà celle qui prend toute l’eau pour elle !\ns’exclama le porc-épic. Qu’as-tu fait, {NAME:P1} ? »	«Oh, ecco chi si è preso tutta l’acqua!»,\nsussultò il porcospino. «Cos’hai fatto, {NAME:P1}?»	“Ah, então foi você que pegou toda a água para usar sozinha!”,\ndisse o porco-espinho furioso. “O que foi que você fez, {NAME:P1}?”	“¡Oh, aquí está la que se ha adueñado de toda el agua para sí sola!”,\nespetó el puercoespín. “¿Qué es lo que has hecho, {NAME:P1}?”	「ああ、​君⁠が​水⁠を​すべて​とっ⁠た​ん⁠だ⁠な⁠！」​ヤマアラシ⁠は\nおどろき⁠ながら​言い⁠まし⁠た。​「なんて​こと⁠を​し⁠た​ん⁠だ、​{NAME:P1}」	“Oh, itu dia yang mengambil semua air untuk dirinya sendiri!”\nlandak itu terengah-engah. “Apa yang sudah kamu lakukan, {NAME:P1}?”	“Oh, inilah orang yang mengambil semua air sungai untuk dirinya sendiri!”\nlandak menahan nafas. “Apa yang telah kamu buat, {NAME:P1}?”	شهق القنفذ قائلاً: ”أنتِ إذن من استولى على ماء الجدول كلّه!\nأوّاه ما اقترفت يداكِ يا {NAME:P1}!“	”Så det är hon som har tagit allt vatten för sig själv!”\nflämtade piggsvinet. ”Vad har du gjort, {NAME:P1}?”	“Aha, dus jij steelt al ons water!” roept het stekelvarken uit.\n“Wat heb je gedaan {NAME:P1}?”	– A więc to ty zabrałaś całą wodę dla siebie!\n– sapnął. – Co ty narobiłaś, {NAME:P7}?
girl.page.14	The raccoon did not understand. She thought that her neighbor\nalso wanted to swim and kindly invited her to join.	«А что?» ‒ не поняла енотиха. Она подумала, что сосед тоже\nхочет искупаться, и любезно пригласила его присоединиться.	Die Waschbärin verstand nicht. Sie dachte, dass ihr Nachbar\nauch schwimmen wollte, und lud ihn freundlich dazu ein.	La raton laveur ne comprenait pas. Elle pensait que son voisin\nvoulait nager lui-aussi et elle l’invita poliment à le rejoindre.	Il procione non capiva. Pensò che anche il suo vicino\naveva voglia di nuotare e lo invitò a unirsi a lui.	A guaxinim não entendeu nada. Ela achou que seu vizinho\ntambém queria nadar e convidou o porco-espinho para se divertir com ela.	{NAME:P1} estaba desconcertada. Pensó que su vecino\ntambién quería nadar y, amablemente, lo invitó a la piscina.	{NAME:P1}​に⁠は​よく⁠わかり⁠ませ⁠ん⁠でし⁠た。​{NAME:P1}​は​ヤマアラシ⁠も\n泳ぎ⁠たかっ⁠た​の⁠だ⁠と​思い、​いっしょ⁠に​泳ご⁠う⁠と​やさしく​言い⁠まし⁠た。	Si rakun tidak mengerti. Dia mengira tetangganya juga ingin berenang,\njadi dengan baik hati dia mengajak si landak untuk ikut berenang.	Si rakun tidak faham. Dia fikir jirannya juga mahu berenang\ndan menjemputnya untuk turut serta.	لم تفهم الراكون قصده. ظنّت أن جارها يريد\nالسباحة أيضًا، فدعته بلطف إلى المسبح.	Tvättbjörnen förstod ingenting. Hon trodde att hennes\ngranne också ville bada och bjöd snällt in honom.	De wasbeer snapt er niks van. Ze denkt dat haar buurman\nook wil zwemmen en nodigt hem uit in het zwembad.	Szopica nie rozumiała. Pomyślała, że sąsiad\nteż chce popływać, i uprzejmie go zaprosiła.
girl.page.15	“I don’t need your pool!” the porcupine boiled over.\n“You left my garden without any water!”	«Не нужен мне твой бассейн! ‒ возмутился дикобраз.\n‒ Ты оставила мой сад без воды».	„Ich brauche dein Becken nicht!“ Das Stachelschwein kochte vor Wut.\n„Deinetwegen hat mein Garten kein Wasser!“	« Je n’ai pas besoin de ta piscine ! dit le porc-épic, fou de rage.\nMon jardin n’a plus d’eau à cause de toi ! »	«Non voglio la tua piscina», disse arrabbiato il porcospino.\n«Hai lasciato il mio giardino senz’acqua!»	“Eu não preciso da sua piscina!” O porco-espinho explodiu de raiva.\n“Você deixou meu jardim completamente sem água!”	“¡No necesito tu piscina!”, se desgañitó el puercoespín.\n“¡Has dejado mi jardín sin agua!”	「プール⁠なんて​いら⁠ない⁠よ⁠！」​ヤマアラシ⁠は​怒り⁠まし⁠た。\n「君⁠の​せい⁠で​僕⁠の​庭⁠の​水⁠が​なくなっ⁠た​ん⁠だ⁠！」	“Aku tidak membutuhkan kolammu!” amarah si landak meluap-luap.\n“Kamu membiarkan kebunku kekurangan air!”	“Saya tidak perlukan kolam kamu!” landak mendidih.\n“Kamu menyebabkan kebun saya tiada air sedikit pun!”	ثارَ القنفذ قائلاً: ”لم آتي لأسبح بحفرتكِ! لقد جفّت حديقتي بسببكِ!“	”Jag behöver inte din pool!” utropade piggsvinet.\n”Tack vare dig har min trädgård inget vatten!”	“Ik wil niet zwemmen!” roept het stekelvarken boos.\n“Mijn tuin krijgt geen water meer!”	– Nie potrzebuję twojego basenu!\n– zagotował się jeżozwierz. – Zostawiłaś mój ogród bez wody!
girl.page.16	The porcupine took {NAME:P1} to the stream,\nand the raccoon saw that instead of the stream there was only dry ground.	Дикобраз отвёл {NAME:P4} к ручью,\nи она увидела, что там, где раньше бежал ручей, теперь сухо.	Das Stachelschwein nahm {NAME:P1} mit zum Bach, und die Waschbärin\nsah, dass nur noch ein ausgetrocknetes Bachbett übrig war.	Le porc-épic emmena {NAME:P1} au ruisseau, et la raton\nlaveur se rendit compte que le ruisseau n’était plus qu’un terrain sec.	Il porcospino accompagnò {NAME:P1} al ruscello,\ne il procione vide che dove c’era il ruscello era rimasta solo terra secca.	O porco-espinho levou {NAME:P1} até o rio.\nMas, chegando lá, a guaxinim não viu um só pingo d'água: era só terra seca.	El puercoespín llevó a {NAME:P1} al arroyo\ny el mapache vio que en lugar del arroyo sólo había tierra seca.	ヤマアラシ⁠が​{NAME:P1}​を​川⁠に​連れ⁠て​行く⁠と、​{NAME:P1}​は​川⁠の\n水⁠が​なくなり、​地面⁠が​カラカラ⁠に​乾い⁠て​いる​の⁠を​見⁠まし⁠た。	Si landak membawa {NAME:P1} ke sungai, dan si rakun melihat\nbahwa yang ada di sana bukannya sungai, tapi tanah yang kering.	Landak membawa {NAME:P1} ke sungai, dan rakun melihat tempat sungai\nitu berada dahulu kini menjadi tanah kering sahaja.	أخذَ القنفذ {NAME:P1} إلى الجدول،\nفلم تجد الراكون إلّا أرضًا قاحلةً مكان الجدول القديم.	Piggsvinet tog med {NAME:P1} till strömmen\noch tvättbjörnen såg att istället för en ström fanns där bara torr mark.	Het stekelvarken neemt {NAME:P1} mee naar de rivier,\nmaar in plaats van water ziet ze alleen maar droge grond.	Jeżozwierz zaprowadził {NAME:P4} nad potok.\nZamiast wody była tylko sucha ziemia.
girl.page.17	The porcupine was very angry. “The stream has changed its course,\nand all the water is going into your pool now.”	Дикобраз был очень недоволен. «Ручей поменял\nсвоё направление, и вся вода уходит в твой бассейн».	Das Stachelschwein war sehr wütend. „Der Strom hat seinen Kurs geändert,\nund all das Wasser fließt jetzt in deinen Pool.“	Le porc-épic était très en colère. « Le ruisseau a changé de sens,\net toute l’eau va dans ta piscine maintenant. »	Il porcospino era molto arrabbiato. «Hai cambiato il corso del ruscello,\ne tutta l’acqua ora arriva nella tua piscina».	O porco-espinho estava muito bravo. “O curso d'água foi desviado e,\nagora, toda a água do rio está indo para a sua piscina.”	El puercoespín estaba exasperado.\n“El arroyo ha cambiado su curso y ahora toda el agua va hacia tu piscina”.	ヤマアラシ⁠は​とても⁠怒り⁠まし⁠た。​「川⁠の​流れ⁠が​変わっ⁠て、\n水⁠が​すべて⁠君⁠の​プール⁠に​流れ⁠て​しまっ⁠た​ん⁠だ」	Sang landak marah besar. “Sungai ini sudah berubah arahnya,\ndan semua air di dalamnya sekarang mengalir ke kolammu.”	Landak berasa sangat marah. “Sungai ini telah menukar laluannya,\ndan semua air menghala ke kolam kamu sekarang.”	قال القنفذ بغضب شديد: ”لقد تغيّر مسار الجدول\nوأصبحت المياه كلّها تصبّ في مسبحكِ الآن“.	Piggsvinet var mycket förargat. ”Strömmen har ändrat kurs\noch allt vatten rinner ner i din pool nu.”	Het stekelvarken is erg boos. “Het water van de rivier volgt\nnu een andere route: al het water gaat naar jouw zwembad.”	Jeżozwierz był bardzo zły. – Strumień zmienił bieg\ni cała woda wpływa teraz do twojego basenu.
girl.page.18	“You have to make it the way it was before.\nThe stream used to feed my garden, and now all the flowers are dying!”	«Нужно немедленно вернуть всё, как было.\nРаньше ручей питал мой сад, а теперь мои цветы погибают!»	„Du musst es wieder rückgängig machen.\nDer Bach hat meinen Garten gewässert, und jetzt sterben all meine Pflanzen!“	« Tu dois régler ce problème. Avant, le ruisseau servait\nà alimenter mon jardin, et maintenant toutes mes fleurs fanent ! »	«Devi rimettere le cose come stavano prima. Il ruscello portava acqua\nal mio giardino, ed ora tutti i fiori stanno appassendo!»	“Você precisa fazer alguma coisa para ele voltar a ser o que era antes.\nMeu jardim dependia desse rio e, agora, minhas flores estão morrendo!”	“Lo tienes que retrotraer a cómo estaba antes.\nEl arroyo regaba mi jardín ¡y ahora las flores están muriendo!”	「元⁠の​川⁠に​戻し⁠て⁠よ。​この⁠川⁠は​庭⁠の​水⁠に​なっ⁠て​い⁠た⁠のに、\n今⁠は​花⁠が​みんな​枯れ⁠て​しまっ⁠た​ん⁠だ⁠！」	“Kamu harus mengembalikannya seperti semula. Dulu sungai ini\nbisa mengairi kebunku, tetapi sekarang semua bunganya sekarat!”	“Kamu mesti menjadikan sungai ini seperti sebelum ini. Sungai ini\nselalunya mengairi kebun saya, dan sekarang semua bunga hampir mati!”	”عليكِ إعادته إلى سابق عهده. كان الجدول يسقي حديقتي،\nأما الآن فأزهاري تموت عطشًا!“	”Du måste ändra tillbaka till hur det var förut.\nStrömmen brukade vattna min trädgård och nu håller alla blommor på att dö!”	“Je moet het weer maken zoals het was.\nDe rivier gaf mijn tuin water en nu gaan alle bloemen dood!”	– Musisz przywrócić wszystko, jak było.\nStrumień nawadniał mój ogród, a teraz wszystkie kwiaty usychają!
girl.page.19	“No way,” the raccoon grunted. “Why would I care about your garden?\nIf the flowers are dying, you just need to go for water more often.”	«Вот ещё, ‒ фыркнула енотиха. ‒ Что мне за дело до твоего сада?\nЕсли цветы засыхают, просто ходи за водой почаще».	„Auf keinen Fall“, knurrte die Waschbärin. „Wieso sollte mich dein Garten\nkümmern. Wenn deine Pflanzen eingehen, musst du einfach mehr gießen.“	« Pas question, grogna la raton laveur. Pourquoi devrais-je me soucier\nde ton jardin ? Si les fleurs fanent, va chercher plus d’eau. »	«Neanche per idea», borbottò il procione. «Cosa me ne importa del tuo\ngiardino? Se i fiori stanno morendo, vai a prendere l’acqua più spesso».	“De jeito nenhum”, respondeu a guaxinim. “Mas o que seu jardim tem a ver\ncomigo? Se as flores estão morrendo, é só você regar mais vezes.”	“Claro que no”, refunfuñó el mapache. “¿Por qué he de preocuparme\npor tu jardín? Si las flores están muriendo, tienes que regarlas más a menudo”.	「イヤ⁠よ」​{NAME:P1}​は​言い⁠まし⁠た。​「どうして⁠私⁠が​庭⁠の​心配⁠を​し⁠ない⁠と\nいけ⁠ない⁠の⁠？⁠花⁠が​枯れ⁠て​いる⁠なら、​もっと⁠水⁠を​あげれ⁠ば​いい⁠の⁠よ」	“Mana bisa,” si rakun mendengus. “Mengapa aku harus peduli dengan kebunmu?\nKalau bunga-bunganya sekarat, kamu perlu lebih sering mencari air.”	“Tidak mungkin,” rakun merengus. “Kenapa saya mesti prihatin dengan kebun\nkamu? Kalau bunga hampir mati, kamu cuma perlu menyiram lebih kerap.”	زأرت الراكون: ”مستحيل. علامَ أهتمّ بحديقتك؟ إذا كانت أزهارك تموت،\nفعليك الإكثارُ من جلب الماء إليها فحسب“.	”Aldrig,” grymtade tvättbjörnen. ”Varför skulle jag bry mig om din trädgård?\nOm blommorna håller på att dö måste du bara hämta vatten oftare.”	“Echt niet,” gromt de wasbeer. “Wat maakt jouw tuin mij nou uit?\nAls je bloemen doodgaan, dan moet je gewoon vaker water halen.”	– Nie ma mowy – burknęła szopica. – Co mnie obchodzi twój ogród?\nJeśli kwiaty więdną, po prostu częściej chodź po wodę.
girl.page.20	The porcupine realized that {NAME:P1} was not going to give in,\nand so she left, disappointed.	Дикобраз понял, что {NAME:P1}\nне собирается уступать, и ушёл, разочарованный.	Dem Stachelschwein wurde klar, dass {NAME:P1}\nkeine Einsicht zeigen würde, also verließ er sie enttäuscht.	Le porc-épic réalisa que {NAME:P1} ne changerait pas d’avis,\net partit sans cacher sa déception.	Il porcospino capì che {NAME:P1}\nnon avrebbe ceduto, perciò se ne andò deluso.	O porco-espinho percebeu que a {NAME:P1}\nnão iria mudar de ideia. Então, desapontado, ele foi embora.	El puercoespín se dio cuenta\nde que {NAME:P1} no iba a ceder y se fue contrariado.	ヤマアラシ⁠は、​{NAME:P1}​に​わかっ⁠て​もらえ⁠ない⁠と​気づい⁠た⁠ので、\nがっかり⁠し⁠ながら​帰っ⁠て​いき⁠まし⁠た。	Si landak menyadari bahwa {NAME:P1} tidak akan menyerah,\njadi dia pergi, dengan memendam rasa kecewa.	Si landak kini sedar {NAME:P1} tidak akan mengalah,\nmaka dia pun pergi dengan kecewa.	أدرك القنفذ أن الكلام لن يثني {NAME:P1}، فغادر منزلها خائبًا.	Piggsvinet insåg att {NAME:P1} inte skulle ge sig, så han gick besviken iväg.	Het stekelvarken snapt dat {NAME:P1} niet van gedachten\nzal veranderen en gaat teleurgesteld weer naar huis.	Jeżozwierz zrozumiał, że {NAME:P1} nie ustąpi, i odszedł zawiedziony.
girl.page.21	{NAME:P1} kept enjoying the cool water.	{NAME:P1} продолжила наслаждаться прохладной водичкой.	{NAME:P1} genoss weiter das kalte Wasser.	{NAME:P1} continua de profiter de l’eau fraîche.	{NAME:P1} continuò a godersi l’acqua fresca.	{NAME:P1} continuou curtindo a água fresca.	{NAME:P1} continuó disfrutando del agua fresca.	{NAME:P1}​は​ひんやり⁠し⁠た\n水⁠を​楽しん⁠で​い⁠まし⁠た。	{NAME:P1} terus menikmati air yang dingin.	{NAME:P1} terus menikmati air yang sejuk.	واصلت {NAME:P1} الاستمتاع بالماء البارد.	{NAME:P1} fortsatte att njuta av det svala vattnet.	{NAME:P1} geniet ondertussen van het koele water.	{NAME:P1} dalej cieszyła się chłodną wodą.
girl.page.22	But it didn’t last long. Next the rabbit came to her house.	Но длилось это недолго. К её дому пришла зайчиха.	Aber es hielt nicht lange an. Als Nächstes kam die Häsin zu ihrem Haus.	Mais cela ne dura pas longtemps. La lapine vint cogner à sa porte.	Ma non durò a lungo. Il giorno dopo la lepre venne a trovarla.	Mas não durou muito, porque, logo depois, a coelha foi até a sua casa.	Pero su solaz no duró mucho tiempo. Una liebre llegó a su casa.	しかし、​それ⁠は​長く⁠は​続き⁠ませ⁠ん⁠でし⁠た。\nウサギ⁠が​{NAME:P1}​の​家⁠に​やって来⁠た​の⁠です。	Tetapi hal itu tidak berlangsung lama.\nSelanjutnya, kelinci mendatangi rumahnya.	Tetapi hal ini tidak lama. Kemudian arnab pula datang ke rumahnya.	لكن لم يدم استمتاعها طويلاً، فقد جاءت الأرنبة إلى منزلها.	Men det höll inte i sig länge. Nu kom kaninen till hennes hus.	Maar dat duurt niet lang. Even later staat moeder konijn in haar tuin.	Ale nie trwało to długo. Następna przyszła króliczka.
girl.page.23	“{NAME:P1}, please give the water back,” she said.\n“The stream you have blocked used to spin my mill’s wheel.”	«{NAME:P1}, верни, пожалуйста, воду, ‒ попросила она.\n‒ Ручей, который ты перекрыла, крутил мою мельницу».	„{NAME:P1}, bitte gib uns das Wasser zurück“, sagte sie.\n„Der Fluss, den du umgeleitet hast, hat mein Mühlrad angetrieben.“	« {NAME:P1}, dit-elle. Sois gentille, rend l’eau. Le ruisseau\nque tu as bloqué servait à faire tourner la roue de mon moulin. »	«{NAME:P1}, per piacere riporta l’acqua al ruscello», disse.\n«Il ruscello che hai bloccato faceva funzionare il mio mulino».	“{NAME:P1}, por favor, devolva a água do rio”, ela disse.\n“Eu usava essa água para girar minha roda d'água.”	“{NAME:P1}, por favor, devuelve el agua”, suplicó.\n“El arroyo que has desviado hacía girar la rueda de mi molino”.	「{NAME:P1}、​水⁠を​返し⁠て」​ウサギ⁠は​言い⁠まし⁠た。\n「あなた⁠が​せき止め⁠た​川⁠は、​水車⁠を​回す​の⁠に​使っ⁠て​い⁠た⁠の」	“{NAME:P1}, tolong kembalikan airnya,” ujarnya. “Sungai yang sudah\nkamu halangi itu dulu digunakan untuk memutar roda pabrikku.”	“{NAME:P1}, tolong kembalikan air ini,” katanya.\n“Sungai yang kamu sekat selalunya memusingkan roda kincir saya.”	قالت الأرنبة: ”{NAME:P1}، أعيدي الماء من فضلكِ.\nكان الجدول الذي قطعتهِ يدوّر عجلة طاحونتي“.	”{NAME:P1}, snälla ge tillbaka vattnet,” sa hon.\n”Strömmen som du har blockerat brukade få hjulet på min kvarn att snurra.”	“{NAME:P1}, geef alsjeblieft het water terug,” zegt ze.\n“Mijn molen werkt niet zonder het water van de rivier.”	– {NAME:P7}, proszę, oddaj wodę – powiedziała.\n– Strumień, który zablokowałaś, napędzał koło mojego młyna.
girl.page.24	“And now I cannot make bread for my little bunnies.”	«Теперь я не могу приготовить хлеб для своих зайчат».	„Und jetzt kann ich kein Brot mehr für meine kleinen Häschen machen.“	« Et maintenant je ne peux pas faire de pain pour mes petits lapereaux. »	«E non posso fare il pane per i miei leprotti».	“E agora eu não consigo mais fazer pão para os meus coelhinhos.”	“Y ahora no puedo hacer el pan para mis pequeños hijos”.	「だから、​小さな⁠ウサギ⁠たち⁠の​ため⁠に\nパン⁠を​作る​こと⁠が​でき⁠ない⁠の」	“Tapi sekarang aku tidak bisa membuat\nroti untuk anak-anakku yang masih kecil.”	“Dan sekarang saya tidak dapat membuat roti untuk anak-anak saya.”	”والآن لا يمكنني صنع الخبز لأرانبي الصغار“.	”Och nu kan jag inte baka bröd till mina små kaninungar.”	“En nu kan ik geen brood bakken voor mijn konijnenkindertjes.”	– Teraz nie mogę upiec chleba dla moich króliczków.
girl.page.25	“Why would I care about your bread?” The raccoon waved aside\nher complaints. “You have to solve your problems for yourself, just like I did!”	«Какое мне дело до твоего хлеба? ‒ отмахнулась енотиха\nот жалоб зайчихи. ‒ Свои проблемы нужно решать самой, как я!»	„Was interessiert mich dein Brot?“ Die Waschbärin tat ihre Beschwerde ab.\n„Du musst deine Probleme selbst lösen, so wie ich es getan habe!“	« Pourquoi devrais-je me soucier de ton pain ? dit-elle en secouant la tête.\nRègle tes problèmes toute seule, comme je l’ai fait ! »	«Perché dovrebbe importarmi del tuo pane?». Il procione ignorò le lamentele\ndella lepre. «Devi risolverti i problemi da sola, come ho fatto io!»	“Mas o que seu pão tem a ver comigo?” A guaxinim nem deu bola para o\npedido dela. “Você tem que resolver seus problemas sozinha, assim como eu!”	“¿Por qué he de preocuparme por tu pan?”, rechazó el mapache su reclamo.\n“¡Tú tienes que resolver tus problemas por ti misma, como lo hice yo!”	「どうして⁠私⁠が​パン⁠の​心配⁠を​し⁠ない⁠と​いけ⁠ない⁠の⁠？」​{NAME:P1}​は​言\nい返し​まし⁠た。​「自分⁠の​問題⁠は​自分⁠で​考え⁠ない⁠と。​私⁠が​し⁠た​よう⁠に⁠！」	“Mengapa aku harus peduli dengan rotimu?” Si rakon menolak keluhan\nsi kelinci. “Kamu harus memecahkan masalahmu sendiri, seperti aku!”	“Kenapa saya mesti prihatin tentang roti kamu?” Rakun mengetepikan\naduannya. “Kamu perlu menyelesaikan masalah kamu sendiri, seperti saya!”	تجاهلت الراكون شكوى الأرنبة قائلةً:\n”علامَ أهتمّ بخبزكِ؟ عليكِ حلّ مشاكلكِ بنفسك، تمامًا كما فعلتُ أنا!“	”Varför skulle jag bry mig om ditt bröd?” Tvättbjörnen viftade bort hennes\nklagomål. ”Du måste lösa dina problem själv, precis som jag gjorde!”	“Wat kan mij jouw brood nou schelen?” De wasbeer snapt niet waarom ze\nbij haar komt klagen. “Je moet je eigen problemen oplossen, net als ik!”	– A co mnie obchodzi twój chleb? – machnęła łapą szopica.\n– Rozwiązuj swoje problemy sama, tak jak ja!
girl.page.26	“I never thought you were so cold-hearted.” The rabbit left sadly.	«Не думала, что ты такая бессердечная»,\n‒ обиделась зайчиха и ушла ни с чем.	„Ich hätte nie gedacht, dass du so gefühllos bist.“\nDie Häsin verschwand traurig, ohne Erfolg gehabt zu haben.	« Je croyais que tu avais un cœur ».\nLa lapine s’en alla triste et les mains vides.	«Non avrei mai pensato che fossi così egoista».\nLa lepre se ne andò, non avendo concluso niente.	“Nunca imaginei que você fosse tão insensível.”\nA coelha foi embora triste e de mãos abanando.	“Nunca imaginé que fueses tan insensible”.\nLa liebre se alejó, triste, con las manos vacías.	「あなた⁠が​そんなに⁠ガンコ⁠だ⁠と⁠は​思わ⁠なかっ⁠た⁠わ」\nわかっ⁠て​もらえ⁠なかっ⁠た⁠ので、​ウサギ⁠は​悲し⁠そう⁠に​帰っ⁠て​いき⁠まし⁠た。	“Aku tak pernah mengira hatimu sedingin itu.” Kelinci pergi dengan sedih.	“Saya tidak sangka kamu begitu keras hati.” Arnab pun berlalu dengan sedih.	قالت الأرنبة وهي تغادر حزينةً: ”ما ظننتُ قلبكِ قاسيًا لهذه الدرجة“.	”Jag trodde aldrig att du var så kallhjärtad.” Kaninen gick ledsen iväg.	“Ik wist niet dat je zo gemeen was.”\nMoeder konijn gaat verdrietig terug naar huis.	– Nie sądziłam, że możesz być tak bezduszna\n– odparła smutno króliczka i odeszła.
girl.page.27	“I’m so tired of them all,” the raccoon grumbled. “Why should I think\nabout their problems? I rely on nobody, and my life is perfect.”	«Как они мне все надоели, ‒ возмутилась енотиха. ‒ Почему я должна думать\nоб их проблемах? Вот я ни на кого не рассчитываю и живу замечательно».	„Ich bin so müde von alldem“, brummte die Waschbärin.\n„Ihre Probleme interessieren mich nicht. Ich brauche sie nicht.“	« Ils me fatiguent tous, grogna la raton laveur. Leurs problèmes\nne sont pas les miens. Je n’ai besoin de personne, et ma vie est parfaite. »	«Che scocciatura», si lamentò il procione. «Perché dovrei pensare\nai loro problemi? Io non dipendo da nessuno e la mia vita è perfetta».	“Cansei de todo mundo!”, resmungou a guaxinim. “O que os problemas\ndeles têm a ver comigo? Eu não dependo de ninguém, minha vida é perfeita.”	“Estoy cansada de ellos”, rezongó el mapache. “¿Por qué he de preocuparme\npor sus problemas? Yo no dependo de nadie, y mi vida es perfecta”.	「疲れ⁠た⁠わ」​{NAME:P1}​は​言い⁠まし⁠た。​「どうして⁠私⁠が​みんな⁠の​問題⁠を\n考え⁠ない⁠と​いけ⁠ない⁠の⁠？⁠私⁠は​誰⁠に⁠も​頼ら⁠ない⁠し、​私⁠の​人生⁠は​最高⁠よ」	“Aku bosan dengan mereka,” rakon menggerutu. “Mengapa aku harus memikirkan\nmasalah mereka? Aku tak tergantung siapa pun, dan hidupku sempurna.”	“Penat betul layan mereka,” rakun mengomel. “Kenapa aku perlu fikir masalah\nmereka? Aku tidak bergantung pada sesiapa, dan hidup aku sempurna.”	تذمّرت الراكون قائلةً: ”سئمت منهم جميعًا.\nعلامَ أتعب نفسي بمشاكِلهم؟ أنا لا أتّكل على أحد وحياتي مثاليّة“.	”Jag är så trött på dem,” sa tvättbjörnen. ”Vad har deras problem med mig\natt göra? Jag förlitar mig inte på någon, och mitt liv är perfekt.”	“Waarom komt iedereen bij mij met zijn problemen?” moppert de wasbeer.\n“Ik ben het zat. Ik ben van niemand afhankelijk en mijn leven is perfect.”	– Mam ich wszystkich dość – mruknęła szopica. – Po co mam myśleć\no cudzych problemach? Na nikim nie polegam i mam idealne życie.
girl.page.28	But {NAME:P1} couldn’t enjoy her well-being for long.\nShe was bothered again, by beavers this time.	Но недолго наслаждалась {NAME:P1}.\nЕё отдых снова прервали ‒ на этот раз бобры.	Aber {NAME:P1} konnte ihre Ruhe nicht lange genießen.\nSie wurde erneut gestört, diesmal von den Bibern.	Mais la tranquilité de {NAME:P1} ne dura pas longtemps.\nC’était le tour des castors de venir l’embêter.	Ma {NAME:P1} non poté godersi la vita per molto.\nArrivarono altri scocciatori, i castori questa volta.	Mas a boa-vida da {NAME:P1} não durou muito mais tempo.\nDessa vez, foram os castores que apareceram para perturbá-la.	Pero {NAME:P1} no pudo disfrutar de su piscina por mucho tiempo.\nLa molestaron otra vez; ahora fueron los castores.	しかし、​{NAME:P1}​の​幸せ⁠は​長く​続き⁠ませ⁠ん⁠でし⁠た。\n今度⁠は​ビーバー⁠に​ジャマ​さ⁠れ⁠まし⁠た。	Tetapi {NAME:P1} tidak bisa berlama-lama menikmati ketenangannya.\nDia diganggu lagi, kali ini oleh sekawanan biwara.	Namun {NAME:P1} tidak dapat menikmati keamanan untuk masa yang lama.\nDia diganggu lagi, kali ini oleh memerang.	لكن {NAME:P1} لم تستمتع بالهدوء طويلاً،\nفقد قاطعها الجيران مجدّدًا. إنهم القنادس هذه المرّة.	Men {NAME:P1} kunde inte njuta av sitt välbefinnande länge.\nHon stördes återigen, men av bävrar den här gången.	Maar {NAME:P1} kan er niet lang van genieten.\nDit keer wordt ze gestoord door de bevers.	Ale {NAME:P1} nie nacieszyła się długo. Tym razem przyszły bobry.
girl.page.29	“Your idea will lead to trouble, it’s dangerous,”\nthe beavers shook their heads looking at the pool.	«Плохо ты это придумала, опасно»,\n‒ покачали они головами, поглядев на бассейн.	„Deine Idee wird Ärger verursachen, sie ist gefährlich.“\nDie Biber schüttelten mit ihren Köpfen, während sie das Becken betrachteten.	« Ton idée va entraîner des problèmes, c’est dangereux. »\nLes castors secouèrent la tête en regardant la piscine.	«La tua idea causerà dei guai, è pericolosa»,\ndissero i castori guardando la piscina con apprensione.	“Sua ideia não vai dar nada certo, isso aí é perigoso”,\ndisseram os castores em sinal de reprovação enquanto observavam a piscina.	“Tu idea te acarreará problemas, es peligrosa”,\nmeneaban la cabeza los castores mientras miraban la piscina.	「君⁠の​アイデア⁠は​トラブル⁠に​なる⁠よ、​キケン⁠だ⁠よ」\nビーバー⁠たち⁠は​プール⁠を​見⁠て​首⁠を​横⁠に​振り⁠まし⁠た。	“Idemu akan mendatangkan masalah, berbahaya,”\npara biwara itu geleng-geleng kepala sambil memandang ke kolam.	“Idea kamu akan membawa masalah. Idea ini bahaya,”\nmemerang menggeleng-gelengkan kepala melihat kolam itu.	هزّ القنادس رؤوسهم وهم يبحلقون بالمسبح وقالوا:\n”فكرتكِ هذه خطرة، سوف تتسبب بالمشاكل“.	”Din idé kommer att leda till trubbel, det är farligt,”\nsa bävrarna och skakade på huvudena medan de tittade på poolen.	“Je idee zorgt voor problemen hoor, het is gevaarlijk,”\nzeggen de bevers terwijl ze hoofdschuddend naar het zwembad kijken.	– Twój pomysł skończy się kłopotami. To niebezpieczne\n– powiedzieli bobry, kręcąc głowami przy basenie.
girl.page.30	“You have to lead the water back before it’s too late. It will rain soon.”	«Нужно возвращать воду назад, пока не поздно. Скоро дожди будут».	„Du musst das Wasser wieder zurückleiten,\nbevor es zu spät ist. Es wird bald regnen.“	« Tu dois reconduire l’eau avant qu’il ne soit trop tard.\nLa pluie va bientôt tomber. »	«Devi ricondurre l’acqua fuori dalla piscina. Pioverà presto».	“Você precisa redirecionar a água antes\nque seja tarde demais. Logo menos, vai chover…”	“Tienes que devolver el agua antes\nde que sea demasiado tarde. Pronto va a llover”.	「手遅れ⁠に​なる​前⁠に、​水⁠を​戻す​ん⁠だ。\n​もうすぐ⁠雨⁠が​降る⁠から⁠ね」	“Kamu harus mengembalikan air sebelum terlambat.\nSebentar lagi turun hujan.”	“Kamu mesti kembalikan semula air sebelum terlambat.\nTidak lama lagi hujan akan turun.”	”عليكِ إعادة المياه لمجراها قبل فوات الأوان. ستمطر قريبًا“.	”Du måste leda tillbaka vattnet innan det är för sent.\nDet kommer att regna snart.”	“Je moet het water terug laten stromen voor het te laat is.\nHet gaat binnenkort regenen.”	– Musisz zawrócić wodę, zanim będzie za późno. Wkrótce spadnie deszcz.
girl.page.31	“Get out of here, all of you!” {NAME:P1} yelled, angrily.	«Уходите все прочь!» ‒ рассердилась {NAME:P1}.	„Weg mit euch, alle!“, schrie {NAME:P1} und wurde wütend.	« Sortez tous d’ici ! hurla {NAME:P1}. »	«Andatevene tutti!», urlò {NAME:P1}, sempre più arrabbiata.	“Ah, saiam todos daqui!”, gritou {NAME:P1}.\nEla já estava ficando irritada.	“¡Fuera de aquí, todos!”, gritó {NAME:P1}, enfurecida.	「みんな、​ここ⁠から​出⁠て​行っ⁠て⁠！」\n​{NAME:P1}​は​怒っ⁠て​叫び⁠まし⁠た。	“Enyahlah kalian semua dari sini!” {NAME:P1} berteriak penuh amarah.	“Sila keluar dari sini, kamu semua!” {NAME:P1} bertempik dengan marah.	صرخت {NAME:P1} بغضب: ”انصرفوا، كلّ واحدٍ منكم!“	”Ut med er, allihopa!” ropade {NAME:P1} argt.	“Ga weg hier, jullie allemaal!” roept {NAME:P1} boos.	– Wynocha stąd, wszyscy! – krzyknęła {NAME:P1}.
girl.page.32	“I don’t need your advice!”	«Я ваших советов не просила!»	„Ich brauche euren Ratschlag nicht!“	« Je n’ai pas besoin de vos conseils ! »	«Non ho bisogno dei vostri consigli!»	“Eu não preciso dos seus conselhos!”	“¡No necesito sus consejos!”	「あなた⁠たち⁠の​アドバイス⁠なんて​いら⁠ない⁠わ⁠！」	“Aku tidak membutuhkan saran kalian!”	“Saya tidak perlukan nasihat kamu!”	”لست بحاجة نصائحكم!“	”Jag behöver inte era goda råd.”	“Ik heb jullie advies helemaal niet nodig!”	– Nie potrzebuję waszych rad!
girl.page.33	“Well, suit yourself.” The beavers cautioned her before they left,\n“Remember, we warned you.”	«Ну, смотри, ‒ пожурили её бобры,\nпрежде, чем уйти. ‒ Мы тебя предупреждали».	„Nun, wie du meinst.“ Bevor die Biber gingen,\nermahnten sie sie: „Vergiss nicht, wir haben dich gewarnt.“	« Fais comme tu veux, dirent les castors avant de s’en aller.\nMais souviens-toi que nous t’avons prévenu. »	«Beh, arrangiati allora», i castori la avvertirono prima di andarsene.\n«Ma ricorda che ti avevamo avvisato».	“Bem, fique à vontade.” Mas os castores deixaram claro\nantes de ir embora: “lembre-se de que a gente te avisou.”	“Bueno, como quieras”. “Recuerda que te lo advertimos”,\nla reconvinieron los castores cuando se alejaban.	「じゃあ⁠好き⁠に​すれ⁠ば​いい⁠さ」​そして、​ビーバー⁠たち⁠は\n出⁠て​行く​前⁠に、​言い⁠まし⁠た。​「注意​し⁠た​こと⁠を​忘れ⁠ない⁠で」	“Baiklah, terserah kau saja.” Para biwara itu memperingatkan\ndia sebelum pergi, “Ingat, kami sudah memperingatkanmu.”	“Baiklah, ikut suka kamulah.” Memerang itu mengingatkannya\nsebelum mereka pergi, “Ingat, kami sudah memberi kamu amaran.”	أنذرها القنادس قبل مغادرتهم: ”حسنًا، كما تشائين. ولكن تذكّري أننا حذّرناكِ“.	”Nåväl, skyll dig själv. Kom ihåg, vi varnade dig,” sa bävrarna innan de gick.	“Oké, wat jij wilt.” De bevers vertrekken, maar niet voor ze zeggen:\n“Vergeet niet dat we je gewaarschuwd hebben.”	– Jak chcesz – odparli. – Pamiętaj, ostrzegliśmy cię.
girl.page.34	{NAME:P1} got tired of her neighbors who came in and out\nevery other minute and decided to go home and have a nap.	{NAME:P4} утомили гости, что ходили к ней без конца,\nи она решила пойти в дом и немного вздремнуть.	{NAME:P1} hatte genug von ihren Nachbarn, die jede Minute\nein- und ausgingen, und entschied, zu Hause ein Nickerchen zu machen.	{NAME:P1} en avait marre de ses voisins\nqui l’embêtaient jour et nuit, et décida d’aller faire une sieste.	{NAME:P1} era stanca dei vicini che arrivavano in continuazione\ne decise di andare a casa a fare un sonnellino.	{NAME:P1} ficou cansada dos seus vizinhos, que vinham\ne voltavam toda hora, e decidiu voltar para casa e tirar uma soneca.	{NAME:P1} se cansó de sus vecinos yendo\ny viniendo permanentemente, y decidió ir a casa a tomar una siesta.	{NAME:P1}​は、​次⁠から​次に⁠やってくる​近所⁠の​動物⁠たち⁠に​うんざり⁠し、\n家⁠に​帰っ⁠て​昼寝​する​こと⁠に​し⁠まし⁠た。	{NAME:P1} merasa bosan dengan para tetangganya\nyang datang silih berganti, lalu dia memutuskan untuk pulang dan tidur siang.	{NAME:P1} berasa lesu dengan kerenah jirannya yang masuk keluar\nsetiap masa dan memutuskan untuk pulang ke rumah dan tidur sekejap.	سئمت {NAME:P1} من جيرانها الذين كلّما خرج أحدهم يدخل الآخر،\nفقرّرت دخول المنزل وأخذ قيلولة.	{NAME:P1} tröttnade på att hennes grannar gick in och ut varannan minut\noch bestämde sig för att gå hem och ta en tupplur.	{NAME:P1} is moe door al het gezeur van haar buren\nen besluit om een middagdutje te gaan doen.	{NAME:P1} zmęczyła się wizytami sąsiadów,\nktórzy przychodzili co chwila, i postanowiła wrócić do domu na drzemkę.
girl.page.35	Tired, she crawled into her bed and quickly fell asleep.	Очень уставшая, она забралась в свою кроватку и быстро заснула.	Müde kroch sie in ihr Bett und schlief sofort ein.	Fatigué, elle se glissa dans son lit et s’endormit tout de suite.	Stanca, si mise a letto e si addormentò subito.	Cansada, ela deitou na cama e pegou no sono na mesma hora.	Cansada, se metió en su cama y se durmió de inmediato.	{NAME:P1}​は​ベッド⁠に​もぐりこむ⁠と、​疲れ⁠て​い⁠た⁠ので、\nすぐ⁠に​眠っ⁠て​しまい⁠まし⁠た。	Karena kelelahan, dia merangkak masuk\nke tempat tidur dan langsung tertidur.	Dengan keletihan, dia merangkak ke katil dan tertidur dengan cepat.	تثاقلت إلى سريرها متعبةً وسرعان ما غطّت بالنوم.	Trött kröp hon ner i sin säng och somnade.	Slaperig kruipt ze in bed en vertrekt naar dromenland.	Zmęczona wsunęła się do łóżka i szybko zasnęła.
girl.page.36	As soon as she was asleep, heavy rain fell,\nand a thunderstorm started outside the window.	А за окном пошёл сильный ливень и началась гроза.	Als sie eingeschlafen war, fing es draußen\nvor dem Fenster heftig zu regnen und zu gewittern an.	Aussitôt, une pluie torrentielle se mit à tomber\net le tonnerre gronda derrière sa fenêtre.	Appena si addormentò, cominciò a piovere a dirotto e a tuonare.	Assim que ela adormeceu, começou uma chuva forte\ne uma tempestade do lado de fora da janela.	Tan pronto como se durmiera,\ntruenos y una fuerte lluvia se precipitaron fuera de su ventana.	{NAME:P1}​が​眠っ⁠た​とたん、​窓⁠の​外⁠で⁠は\nはげしい​雨⁠と​雷⁠が​鳴り​はじめ⁠まし⁠た。	Begitu dia tertidur, hujan deras pun turun,\ndan guntur bersahutan di luar jendela.	Sebaik sahaja dia tertidur, hujan yang lebat pun turun\ndan ribut petir bermula di luar tingkap.	فإذا نامَت هطلَ مطرٌ غزيرٌ وهبّت عاصفة رعديّة في الخارج.	Så fort hon hade somnat började tunga regndroppar falla\noch ett åskoväder började utanför fönstret.	Terwijl ze slaapt begint het hard te regenen en het onweert ook.	Ledwie zasnęła, lunął ulewny deszcz i rozpętała się burza.
girl.page.37	It even shook {NAME:P1} out of sleep.\nShe peeled himself from bed and…	От звуков грома {NAME:P1} аж проснулась. Она встала с кровати и…	Es schüttelte {NAME:P1} sogar aus dem Schlaf.\nSie schälte sich aus dem Bett und…	Le bruit secoua le lit de {NAME:P1} et elle se réveilla. Elle sortit du lit et…	Il temporale era così forte che svegliò {NAME:P1}. Scese dal letto e…	O temporal estava tão forte, que até acordou a {NAME:P1}.\nEla se levantou da cama e…	La tormenta sacudió a {NAME:P1} de su sueño.\nSe levantó de su cama y…	{NAME:P1}​は​眠り⁠から​覚め⁠まし⁠た。\n​{NAME:P1}​が​ベッド⁠から​起き上がる⁠と…	Hujan petir itu membuat {NAME:P1} terbangun dari tidurnya.\nDia terangkat dari tempat tidur dan…	Sehingga bunyinya mengejutkan {NAME:P1}\ndaripada tidur. Dia bangkit dari katil dan…	أرعدَت السّماء موقظةً {NAME:P1}، التي نزعت جسمها عن السرير بتكاسل و…	Det väckte till och med {NAME:P1}. Hon tog sig ur sängen och…	{NAME:P1} schrikt wakker van het slechte weer. Ze springt uit bed en…	Hałas wyrwał {NAME:P4} ze snu. Podniosła się z łóżka i…
girl.page.38	Stepped into water! The floor of her house was filling up with water,\nwhich rose higher and higher every minute!	Наступила в воду… Пол её дома был залит водой!\nИ воды становилось всё больше с каждой минутой!	Ihre Füße wurden nass! Der Boden ihres Hauses füllte\nsich mit Wasser, und es wurde jede Minute höher.	Marcha dans l’eau ! Le plancher de sa maison était sous l’eau,\net elle montait à chaque minute qui passait.	Mise i piedi in acqua! Il pavimento di casa\nera pieno d’acqua, e il livello saliva e saliva!	Ao colocar os pés no chão, era só água! Sua casa estava sendo inundada,\ne a água não parava de subir a cada minuto!	¡Caminó en el agua! ¡El suelo de su casa\nestaba cubierto de agua, que subía más y más!	{NAME:P1}​の​足⁠は​水⁠の​中⁠に​入り⁠まし⁠た⁠！\n家⁠の​床⁠は​水⁠で​いっぱい⁠に​なっ⁠て​い⁠まし⁠た⁠！	Tercebur ke air! Lantai rumahnya dibanjiri air,\nyang terus naik dari menit ke menit!	Melangkah ke dalam air! Lantai rumahnya telah dipenuhi air,\nyang naik lebih tinggi dan lebih tinggi lagi setiap minit!	نزلت قدماها في الماء! كانت أرضية المنزل تفيض والماء يعلو أكثر فأكثر!	Klev rakt ner i vatten! Golvet i hennes hus fylldes\nmed vatten som steg högre och högre för varje minut!	Stapt in het water! De vloer van haar huis\nis helemaal nat en het water stijgt snel!	Wdepnęła w wodę! Podłoga jej domu zalewała się wodą,\nktóra z każdą minutą podnosiła się coraz wyżej!
girl.page.39	“Help!” the raccoon screamed, dashing out of the house. Her swimming\npool’s banks burst because of the rain and it was now flooding the house.	«Помогите!» ‒ закричала енотиха, выскакивая из дома. Её бассейн из-за\nсильнейшего дождя вышел из берегов и теперь затапливал дом.	„Hilfe!“, schrie die Waschbärin und rannte aus dem Haus. Das Schwimmbecken\nlief wegen des Regens über, und das Wasser überflutete das Haus.	« À l’aide ! » cria la raton laveur en courant dehors.\nSa piscine s’était effondrée sous le poids de l’eau et elle inondait sa maison.	«Aiuto!», gridò il procione uscendo di corsa.\nLa pioggia aveva fatto straripare la piscina e ora la casa era allagata.	“Socorro!”, gritou a guaxinim, saindo correndo de casa. A piscina dela tinha\ntransbordado por causa da chuva e, agora, estava inundando a casa.	“¡Socorro!” gritaba el mapache, mientras salía corriendo de su casa.\nLa piscina se había desbordado con la lluvia, y ahora inundaba la casa.	「助け⁠て⁠！」​{NAME:P1}​は、​急い⁠で​家⁠の​外⁠に​出⁠て​叫び⁠まし⁠た。\n雨⁠で​プール⁠が​こわれ⁠て、​家⁠の​中⁠が​水⁠で​いっぱい⁠に​なっ⁠て​い⁠た​の⁠です。	“Tolong!” si rakun berteriak, lari keluar dari rumah.\nTepi kolam renangnya jebol karena hujan dan sekarang membanjiri rumahnya.	“Tolong!” si rakun menjerit, meluru keluar dari rumah.\nTebing kolam renangnya pecah kerana hujan dan kini air membanjiri rumah.	صاحت الراكون وهي تندفع خارج المنزل:\n”أنقذوني!“ انفجرت جدران مسبحها بفعل المطر وأصبح الماء يفيض الآن بمنزلها.	”Hjälp!” ropade tvättbjörnen och rusade ut ur huset. Kanterna på poolen\nhade kollapsat på grund av regnet och vattnet flödade nu in i huset.	“Help!” schreeuwt de wasbeer, terwijl ze naar buiten rent. Het zwembad is\nhelemaal overstroomd door de regen en nu loopt het water haar huis in.	– Pomocy! – krzyknęła szopica, wybiegając z domu.\nBrzegi jej basenu pękły od deszczu i woda zalała dom.
girl.page.40	Her cries brought her neighbors running: the porcupine, the beavers,\nand the rabbit with her whole family came running in.	На крики енотихи прибежали и дикобраз, и зайчиха с семейством, и бобры.	Ihre Schreie schreckten die Nachbarn auf: das Stachelschwein,\ndie Biber und die Häsin mit ihrer ganzen Familie kamen angelaufen.	Ses cris alertèrent ses voisins : le porc-épic, les castors,\nla lapine et toute sa famille se précipitèrent vers elle.	Le urla fecero allarmare i vicini: il porcospino, i castori,\ne la lepre con tutta la famiglia arrivarono correndo.	Ao ouvir seu pedido de socorro, seus vizinhos vieram correndo:\no porco-espinho, os castores e a coelha, junto com toda a sua família.	Sus lamentos hicieron que sus vecinos acudieran corriendo:\nel puercoespín, los castores y la liebre con toda su familia.	{NAME:P1}​の​叫び声⁠を​聞い⁠て、​ヤマアラシ⁠や​ビーバー、\nウサギ⁠と​その⁠家族⁠が​走っ⁠て​き⁠まし⁠た。	Tangisannya membuat para tetangga berlarian: landak, biwara,\ndan kelinci dengan seluruh keluarganya berlari menghampiri rakun.	Jeritannya membuatkan jiran-jiran berlarian:\nlandak, memerang dan arnab sekeluarga berlari mendapatkannya.	هرع الجيران تلبيةً لاستغاثتها.\nجاء القنادس بصحبة القنفذ والأرنبة وأفراد عائلتها جميعًا.	Hennes rop fick hennes grannar att komma springandes:\npiggsvinet, bävrarna och kaninen med hela sin familj skyndade sig dit.	Haar buren komen op het geschreeuw af:\nhet stekelvarken, de bevers en moeder konijn met haar hele familie.	Na jej krzyk przybiegli sąsiedzi: jeżozwierz, bobry i króliczka z całą rodziną.
girl.page.41	“We told you,” the beavers shook their heads. But despite how she had acted,\nthey couldn’t leave {NAME:P1} alone in dire straits.	«Мы же тебе говорили», ‒ покачали головами бобры.\nНо делать нечего ‒ не бросать же {NAME:P4} в беде.	„Wir haben es dir gesagt“, die Biber schüttelten ihre Köpfe. Aber trotz\nihres Verhaltens konnten sie {NAME:P1} nicht im Stich lassen.	« Nous t’avons prévenu » dirent les castors. Mais malgré son comportement,\nils ne pouvaient pas laisser {NAME:P1} dans un tel état.	«Te l’avevamo detto», dissero i castori scuotendo la testa. Ma anche se\nsi era comportata male, non potevano lasciare {NAME:P1} nei guai.	“A gente avisou”, disseram os castores. Mas mesmo depois do que ela\ntinha feito, eles não podiam deixar a {NAME:P1} naquela situação.	“Te lo dijimos”, meneaban la cabeza los castores. Pero a pesar\nde su comportamiento, no podían abandonarla en esa situación desesperada.	「言っ⁠た⁠よ⁠ね」​ビーバー⁠たち⁠は​首⁠を​横⁠に​振り⁠まし⁠た。​しかし、​ビーバー\nたち⁠は、​ひどい​こと⁠を​言っ⁠た​{NAME:P1}​を​放っ⁠て​おけ⁠ませ⁠ん⁠でし⁠た。	“Sudah kami ingatkan,” para biwara geleng-geleng kepala.\nTerlepas dari ulahnya, mereka tak bisa meninggalkan {NAME:P1} dalam kesulitan.	“Kami sudah cakap,” memerang menggeleng-geleng. Namun di sebalik\nsikapnya, mereka tidak sanggup meninggalkan {NAME:P1} dalam kesempitan.	هزّ القنادس رؤوسهم وقالوا: ”لقد حذرناكِ“. ولكن رغم تصرّفات\n{NAME:P1} اتّجاههم، لم يحتملوا تركها وحيدةً في هذا المأزق المريع.	”Vad var det vi sa,” sa bävrarna och skakade på huvudena.\nMen oavsett hur hon hade betett sig kunde de inte överge {NAME:P1}.	“We zeiden het toch,” zeggen de bevers hoofdschuddend.\nMaar ondanks haar gedrag besluiten ze {NAME:P1} niet in de steek te laten.	– A nie mówiliśmy – pokręcili głowami bobry.\nMimo tego, jak się zachowywała, nie mogli zostawić {NAME:P2} w potrzebie.
girl.page.42	The beavers promptly gave everyone instructions and the animals dug\na new ditch that led the water away from the raccoon’s house.	Бобры быстро раздали всем указания, и звери общими усилиями выкопали\nдругой ров, уводящий воду от дома енотихи. Потоп удалось остановить.	Die Biber gaben allen Anweisungen, und die Tiere gruben einen\nneuen Graben, der das Wasser vom Haus der Waschbärin wegführte.	Les castors mirent un plan en route, et tous les animaux creusèrent\nune nouvelle tranchée pour éloigner l’eau de la maison du raton laveur.	I castori diedero subito istruzioni a tutti\ne costruirono un nuovo fossato che condusse l’acqua fuori dalla casa.	Os castores deram instruções para todo mundo e os animais cavaram\numa nova valeta para escoar a água da casa do guaxinim.	Los castores dieron instrucciones rápidamente y los animales cavaron\nuna zanja para que el agua drenara de la casa del mapache.	ビーバー⁠たち⁠は​すぐ⁠に​みんな⁠に​指示⁠を​出し、​動物⁠たち⁠は\n{NAME:P1}​の​家⁠から​水⁠を​流し​出す​ため⁠に​新しい​みぞ⁠を​掘り⁠まし⁠た。	Para biwara itu memberikan perintah pada semuanya dan para hewan\nitu menggali parit baru yang menjauhkan air dari rumah si rakun.	Memerang memberikan arahan kepada semua orang dengan segera dan\nhaiwan-haiwan itu menggali parit baharu yang membawa air jauh dari rumah rakun.	أعطى القنادس تعليماتٍ سريعةٍ فبدأ جميع الحيوانات\nبحفر خندق جديد يوجّه الماء بعيدًا عن منزل الراكون.	Bävrarna gav genast ut instruktioner och djuren grävde ett\nnytt dike som ledde bort vattnet från tvättbjörnens hus.	De bevers vertellen iedereen hoe ze kunnen helpen.\nSamen graven ze een nieuwe geul, waardoor het water weg kan stromen.	Bobry szybko wydali wszystkim wskazówki,\na zwierzęta wykopały nowy rów, który odprowadził wodę od domu szopicy.
girl.page.43	Dripping wet, {NAME:P1} looked at the other wet animals that came\nto help her in her hour of need, and she was struck with shame…	Мокрая насквозь, {NAME:P1} посмотрела на таких же мокрых зверей,\nкоторые пришли ей на помощь в трудную минуту, и ей стало так стыдно…	Klitschnass betrachtete {NAME:P1} die anderen durchnässten Tiere,\ndie ihr in der Not geholfen hatten, und Schamgefühl überkam sie.	Complètement trempée, {NAME:P1} regarda les autres animaux\nqui l’avaient aidé à se sortir du pétrin, et elle eut terriblement honte…	Inzuppata, {NAME:P1} vide che tutti gli animali\nlo stavano aiutando nel momento del bisogno, e si vergognò…	Toda molhada, {NAME:P1} olhou para os outros animais encharcados\nque vieram ajudá-la quando ela precisava e sentiu uma baita vergonha…	Chorreando agua, {NAME:P1} miraba a los empapados animales\nque vinieron a ayudarle cuando lo necesitó, y la invadió la vergüenza…	ずぶ​ぬれ⁠の​{NAME:P1}​は、​困っ⁠て​いる​とき⁠に​助け⁠に​来⁠て​くれ⁠た​動物⁠たち⁠も\nビショビショ⁠に​なっ⁠て​いる​の⁠を​見⁠て、​とても⁠恥ずかしく​なり⁠まし⁠た…	Dengan tubuh basah kuyup, {NAME:P1} menatap ke para hewan lainnya\nyang juga basah yang menolongnya saat dibutuhkan, dan dia merasa malu…	Kebasahan, {NAME:P1} memandang haiwan-haiwan lain yang juga basah\nyang datang membantunya ketika memerlukan, dan dia ditimpa rasa malu…	كانت {NAME:P1} مبتلّة بالكامل. نظرت إلى جيرانها الذين أتوا\nلمساعدتها وقتَ الضيق فكانوا مبتلّين أيضًا، مما جعلها تشعر بخجل شديد…	Drypande våt tittade {NAME:P1} på de andra djuren som kom\noch hjälpte henne när hon var i nöd, och hon översköljdes av skamkänslor…	Helemaal doorweekt kijkt {NAME:P1} naar de andere natte dieren,\ndie haar hebben geholpen. Ze schaamt zich enorm.	Ociekająca wodą {NAME:P1} spojrzała na mokre zwierzęta,\nktóre przyszły jej z pomocą, i ogarnął ją wstyd…
girl.page.44	{NAME:P1} began to sob. “Please, forgive me. I was being so selfish!”	{NAME:P1} захлюпала носом.\n«Простите меня. Я была такой эгоисткой!»	{NAME:P1} begann zu schluchzen.\n„Bitte vergebt mir. Ich war so egoistisch!“	{NAME:P1} se mit à pleurer.\n« Pitié, pardonnez-moi. J’ai été tellement égoïste ! »	{NAME:P1} si mise a piangere.\n«Per piacere, perdonatemi. Sono stata così egoista!»	{NAME:P1} começou a soluçar. “Por favor, me desculpem.\nEu estava sendo egoísta demais!”	{NAME:P1} comenzó a sollozar.\n“Por favor, perdónenme. ¡He sido muy egoísta!”	{NAME:P1}​は​しくしく⁠と​泣き​はじめ⁠まし⁠た。\n「お願い、​許し⁠て。​すごく​わがまま⁠だっ⁠た⁠わ⁠！」	{NAME:P1} mulai menangis.\n“Tolong, maafkan aku. Waktu itu aku sangat egois!”	{NAME:P1} mula teresak. “Tolonglah, maafkan saya.\nSaya amat pentingkan diri!”	انفجرت {NAME:P1} باكيةً: ”أرجوكم، سامحوني. كم كنتُ أنانيّة!“	{NAME:P1} började snyfta. ”Snälla, förlåt mig. Jag var så självisk!”	{NAME:P1} begint te huilen. “Het spijt me,\nik was heel egoïstisch. Kunnen jullie me vergeven?”	{NAME:P1} rozpłakała się. – Proszę, wybaczcie mi. Byłam taka samolubna!
girl.page.45	“Let me treat you to some hot tea so you don’t catch a cold,” said the raccoon.	«Давайте я вас всех чаем горячим напою, чтобы вы не заболели».	„Ich hole dir einen heißen Tee, dann fängst\ndu dir keine Erkältung ein“, sagte die Waschbärin.	« Je vais faire du thé chaud pour nous réchauffer » dit le raton laveur.	«Lascia che vi faccia un tè, così non vi\nprendete un raffredore», disse il procione.	“Vou te dar um chá quente para que você\nnão pegue um resfriado”, disse a guaxinim.	“Déjenme invitarles con un té caliente, así no se resfrían”, dijo el mapache.	「風邪⁠を​ひか⁠ない​よう⁠に、​温かい​お茶⁠を​ごちそう​する⁠わ」\n{NAME:P1}​が​言い⁠まし⁠た。	“Nanti aku sediakan teh panas untukmu\nagar kamu tidak masuk angin,” ujar si rakun.	“Mari saya sediakan untuk kalian sedikit teh panas\nsupaya tidak terkena selesema,” kata rakun.	أكملت الراكون: ”اسمحوا لي بدعوتكم لشرب الشاي الساخن كيلا يصيبكم البرد“.	”Låt mig bjuda er på lite varmt te så ni inte blir förkylda,” sa tvättbjörnen.	“Ik zal warme thee maken, zodat jullie\nniet verkouden worden,” zegt de wasbeer.	– Pozwólcie, że poczęstuję was gorącą herbatą,\nżebyście nie zmarzli – powiedziała szopica.
girl.page.46	The animals forgave {NAME:P1} and spent the rest of the day\nenjoying tea with many delicious snacks.	Зверята простили {NAME:P4} и хорошо провели\nостаток дня за чаем с разными вкусностями.	Die Tiere vergaben {NAME:P1} und genossen den Rest\ndes Tages gemeinsam den Tee und verschiedene Köstlichkeiten.	Les animaux pardonnèrent à {NAME:P1} et ils passèrent\nle reste de la journée à boire du thé et à manger des mets savoureux.	Gli animali perdonarono {NAME:P1}\ne passarono il resto del giorno a bere il tè con vari dolcetti.	Os animais perdoaram a {NAME:P1} e, juntos, eles passaram\no resto do dia tomando chá e aproveitando várias comidinhas gostosas.	Los animales perdonaron a {NAME:P1} y pasaron\nel resto del día disfrutando de un té acompañado de varias exquisiteces.	動物⁠たち⁠は​{NAME:P1}​を​許し⁠て、​その⁠日​一⁠日、\nいろいろ⁠な​ごちそう⁠と​お茶⁠を​楽しみ⁠まし⁠た。	Para hewan itu pun memaafkan {NAME:P1}\ndan bersama-sama menikmati teh dengan banyak kudapan yang enak.	Haiwan-haiwan itu memaafkan {NAME:P1} dan menghabiskan hari\nyang masih berbaki menikmati teh dengan banyak kudapan enak.	سامحَ الجيران {NAME:P1} وأمضوا بقية اليوم يشربون\nالشاي ويتناولون مختلف ألوان الكعك الشهيّة معها.	Djuren förlät {NAME:P1} och tillbringade resten\nav dagen med att dricka te och äta massor av godsaker.	De dieren vergeven {NAME:P1}\nen genieten met zijn allen van thee en een heleboel lekkernijen.	Zwierzęta wybaczyły {NAME:P3}\ni spędziły resztę dnia przy herbacie i wielu pysznych przekąskach.
spotlight.keywords														
search.keywords		ответственность,животные,зверь,звери,зверюшка,зверей,зверях,животинка,енот,енотик,коати,река,речка,												
search.keywords.generated	responsibility,responsible,duty,duties,obligation,obligations,liability,liabilities,accountability,answerability,conscience,conscientious,trustworthiness,reliability,reliable,dependability,dependable,charge,care,stewardship,animals,animal,beast,beasts,creature,creatures,fauna,wildlife,mammal,mammals,pet,pets,critter,critters,raccoon,raccoons,coati,coatis,river,rivers,stream,streams,creek,creeks,waterway,waterways,brook,brooks,riverbank,upstream,downstream,riverine,aquatic,zoology,zoological,zoo,bestial,feral,wild,wildness,wilds,predator,predators,herbivore,herbivores,omnivore,omnivores,rodent,rodents,tail,paws,fur,whiskers,nocturnal,forest,forestal,jungle,habitat,nature,ecosystem,biotope,wetland,floodplain,delta,estuary,watershed,catchment,current,rapids,waterfall,source,mouth,tributary,tributaries	ответственность,ответственный,ответственная,ответственные,ответственного,ответственной,ответственных,ответственен,ответственна,ответственны,ответственно,обязанность,обязанности,обязан,обязана,обязаны,обязательный,обязательность,долг,долга,долги,вина,виновность,ответчик,животные,животное,животного,животным,животных,животинка,животинки,зверь,зверя,зверю,зверем,звере,звери,зверей,зверям,зверями,зверюшка,зверюшки,зверюшке,зверюшку,зверюшкой,зверюшек,енот,енота,еноту,енотом,еноте,еноты,енотов,енотик,енотика,енотику,енотиком,енотике,енотики,енотиков,коати,хищник,хищники,хищника,зверский,звериная,звериная,зверинец,млекопитающее,млекопитающие,дикий,дикая,дикие,дикого,диких,дикость,дикаяприрода,река,реки,реку,рекой,реке,речка,речки,речку,речкой,речке,рек,рекам,реками,реках,русло,руслу,русла,берег,берега,берегу,берегом,береге,исток,устье,приток,притоки,ручей,ручья,ручью,ручьем,ручье,течение,течения	verantwortung,verantwortlich,zuständig,pflicht,pflichten,verpflichtung,verpflichtungen,haftung,haftungen,rechenschaft,gewissen,gewissenhaft,zuverlässigkeit,zuverlässig,vertrauenswürdig,treue,tiere,tier,tiers,tieren,tierisch,tierwelt,fauna,wildtiere,wildtier,säugetier,säugetiere,raubtier,raubtiere,haustier,haustiere,vieh,bestie,bestien,kreatur,kreaturen,ungeheuer,raubtierisch,wild,wildnis,waldtier,nachtsäuger,waschbär,waschbären,nasenbär,nasenbären,fluss,flüsse,flusse,flüssen,flusses,flussbett,ufer,ufern,flussufer,nebenfluss,nebenflüsse,strom,bäche,bach,baches,bachlauf,strömung,stromschnellen,wasserfall,quelle,mündung,delta,aue,auen,sumpf,feuchtgebiet,tal,schlucht,einzugsgebiet,ökosystem,lebensraum	responsabilite,responsable,responsables,responsabiliser,responsabilisant,responsabilisation,devoir,devoirs,obligation,obligations,engagement,engage,engagee,engages,engagements,serieux,serieuse,serieuses,serieuxement,faute,culpabilite,animaux,animal,bestiole,bete,betes,faune,mammifere,mammiferes,creature,creatures,fauve,fauves,pelage,museau,griffes,crocs,ratonlaveur,ratonslaveurs,raton,ratons,procyon,coati,coatis,rivieres,riviere,fleuve,fleuves,ruisseau,ruisseaux,coursdeau,barrage,rivage,berge,berges,torrent,estuaire,embouchure,source,amont,aval,meandre,crue,inondation,rivulaire,littoral	responsabilita,responsabile,responsabili,responsabilizzare,responsabilizzante,dovere,doveri,obbligo,obblighi,impegno,impegni,colpa,colpevolezza,serio,seria,serie,seri,seriamente,animali,animale,bestia,bestie,bestiolina,bestioline,creatura,creature,fauna,mammifero,mammiferi,predatore,predatori,pelliccia,muso,zanna,zanne,artigli,procione,procioni,coati,fiume,fiumi,fiumeletto,torrente,torrenti,ruscello,ruscelli,affluente,affluenti,argine,argini,sponda,sponde,riva,rive,alveo,sorgente,foce,estuario,piena,inondazione,meandro,corrente	responsabilidade,responsavel,responsaveis,responsabilizar,responsabilizacao,dever,deveres,obrigacao,obrigacoes,compromisso,compromissos,culpa,culpabilidade,serio,seria,serios,serias,seriamente,animais,animal,bicho,bichos,bichinho,bichinhos,criatura,criaturas,fauna,mamifero,mamiferos,fera,feras,predador,predadores,pelo,focinho,garra,garras,guaxinim,guaxinins,mapache,mapaches,coati,coatis,rio,rios,riacho,riachos,ribeirao,ribeiroes,córrego,corregos,afluente,afluentes,margem,margens,beira,beiras,barranca,barrancas,estuário,estuarios,nascente,foz,cheia,enchente,inundacao,meandro,correnteza	responsabilidad,responsable,responsables,irresponsable,irresponsables,compromiso,obligación,culpa,culpable,culpables,deber,deberes,carga,encargo,tarea,animales,animal,mascota,mascotas,bestia,bestias,fauna,criatura,criaturas,bicho,bichos,salvaje,salvajes,fiera,fieras,mapache,mapaches,coatí,coatís,río,ríos,riachuelo,riachuelos,arroyo,arroyos,ribera,riberas,orilla,orillas,acuático,acuática,acuáticos,acuáticas,fluvial,fluviales	責任,責任感,義務,義務感,責務,責任者,責任的,無責任,動物,動物達,動物園,生き物,生物,獣,猛獣,野獣,野生,野生動物,けもの,ビースト,クリーチャー,モンスター,ペット,小動物,アライグマ,たぬき,ハクビシン,ラクーン,コアティ,ナスーア,川,河川,小川,小川沿い,渓流,渓谷,清流,河岸,川岸,河畔,川辺,水辺,水路,流れ,流水,水流,水域	tanggungjawab,bertanggungjawab,tanggungjawabnya,tanggungjawabku,tanggungjawabmu,tanggungjawabkan,menjawab,kewajiban,kewajibannya,beban,bebannya,urusan,urusanku,hewan,hewannya,hewanhewan,satwa,binatang,binatangnya,fauna,makhluk,makhlukhidup,peliharaan,peliharaanku,liar,buas,galak,rakun,rakunku,rakunliar,koati,coati,nasua,sungai,sungainya,sungaiku,sungaimu,sungaisungai,sungairawa,arus,aliran,aliransungai,tepiansungai,pinggirsungai,bantaran,bantaransungai,air,airmengalir,perairan	tanggungjawab,bertanggungjawab,tanggungjawabnya,tanggungjawabku,tanggungjawabmu,tanggungjawabkami,tanggungjawabkan,hewan,haiwan,binatang,haiwanliar,pemangsa,karnivor,herbivor,omnivor,mamalia,reptilia,amfibia,burung,ikan,rakun,rakunmerah,coati,sungai,sungaibesar,sungaikecil,sungaikering,arus,mengalir,berarus,hulu,hilir,tebing,tebingan,tebingtinggi,lembahsungai,muara,delta,banjirsungai,rumpairipar,liar,ganas,agresif,jinak,peliharaan,pemeliharaan,ekosistem,habitat,fauna,hidupanliar,tanggungan,akauntabiliti,akauntabel,memikul,memikulnya,memikulku,memikulmu,memikulkan,memelihara,memeliharanya,mengasuh,penjaga,penjagaan,penjaganya,penjagaku,penjagamu,pencintahewan,pencintabinatang	مسؤولية,مسئولية,المسؤولية,مسؤول,مسؤولة,مسؤولون,مسؤوليات,تحمل,يتحمل,أتحمل,تتحمل,نتحمل,مساءلة,محاسبة,حيوان,حيوانات,حيواني,حيوانية,حيوانيات,وحش,وحوش,مفترس,مفترسة,مفترسات,لاحم,عاشب,قارت,ثديي,ثدييات,زاحف,زواحف,برمائي,برمائيات,طيور,سمك,أسماك,راكون,كوآتي,نهر,أنهار,نهري,نهرية,ضفة,ضفاف,مجرى,تيار,تيارات,جريان,منبع,مصب,دلتا,وادي,وديان,فيضان,فيضانات,برية,متوحش,متوحشة,عنيف,شرس,أليف,أليفة,ألياف,مدجن,دجن,تدجين,موئل,موائل,موطن,مواطن,نظام,منظومة,منظومات,بيئية,بيئي,رعاية,يرعى,ترعى,أرعى,نرعى,قائم,قائمة,قوام	ansvar,ansvaret,ansvarig,ansvariga,ansvarigt,ansvarslös,ansvarslösa,ansvarstagande,ansvarskänsla,ansvarstagande,djurskydd,djur,djuret,djuren,djurisk,djuriska,djurart,djurarter,fauna,rovdjur,rovdjuret,rovdjurens,rovdjursslag,köttätare,växtätare,allätare,däggdjur,däggdjuret,däggdjuren,reptil,reptiler,reptilen,fågel,fåglar,fågeln,fisk,fiskar,fisken,tvättbjörn,tvättbjörnar,tvättbjörnen,koati,koatin,koatier,flod,floden,floder,flodens,å,ån,åar,ånens,bäck,bäcken,bäckar,ström,strömmen,strömmar,strömmande,flöde,flöden,strandringa,strandkant,strandkanten,dalgång,dalgångar,delta,mynning,mynningar,källa,källor,översvämning,översvämningar	verantwoordelijkheid,verantwoordelijkheden,verantwoordelijk,onverantwoordelijk,plichtsbesef,plichtsgevoel,zorgplicht,aansprakelijkheid,moreelplicht,ethisch,ethische,ethischer,ethiek,plicht,plichtmatig,zorgzaam,zorgzame,zorgzamer,verantwoordelijkheidsgevoel,verantwoordingsplicht,rekenschap,dieren,dier,dierenwereld,dierenrijk,fauna,beesten,beest,beestachtig,beestige,beestiger,zoogdier,zoogdieren,roofdier,roofdieren,prooidier,prooidieren,wild,wilddieren,huisdier,huisdieren,knuffeldier,knuffeldieren,hond,honden,kat,katten,wasbeer,wasberen,neusbeer,neusberen,rivier,rivieren,stroom,stromen,waterloop,waterlopen,rivierbedding,riviermonding,rivierwater,oever,oevers,rivieroevers,beek,beken,beekje,beekjes,stroompje,stroompjes,kreek,kreken,kanaal,kanalen,waterweg,waterwegen,water,stroming,stromingen,natuur,natuurlijke,natuurlijk,wildernis,ecosysteem,ecosystemen,habitat,habitats,biotoop,biotopen,dierenliefde,dierenzorg,dierenbescherming,rivierlandschap,rivierdal,wildleven,wildlife	odpowiedzialnosc,odpowiedzialny,odpowiedzialna,odpowiedzialne,odpowiedzialni,odpowiedzialniejszy,odpowiedzialniejsza,odpowiedzialnoscza,nieodpowiedzialny,nieodpowiedzialna,nieodpowiedzialni,obowiazek,obowiazki,poczucieobowiazku,poczucieodpowiedzialnosci,zaufanie,zaufany,zaufana,etyczny,etyczna,etyczne,etycznosc,moralny,moralna,moralne,zwierze,zwierzeta,zwierzecy,zwierzecia,zwierzeciu,zwierzat,zwierzetom,zwierzatko,zwierzatka,zwierzaczek,zwierzaczki,stworzenie,stworzenia,stworzonko,stworzonka,bestiia,bestiie,bestia,bestie,drapieznik,drapiezne,drapieznikil,stado,stada,fauna,ssak,ssaki,ssaczy,dzikie,dziki,dzikiezwierzeta,dzikaprzyroda,domowezwierze,domowezwierzeta,pupil,pupilek,pupile,ulubieniec,ulubiency,jenot,jenoty,jenota,jenotem,szop,szopy,szopa,szopem,szoppracz,szopypracze,koati,nosojeze,nosojez,nosojezepl,rzeka,rzeki,rzece,rzekom,rzeczka,rzeczki,rzeczce,rzeczkom,strumien,strumienie,strumyki,strumyk,ciekk,cieki,cieczka,korytorzeka,korytorzeki,brzeg,brzegi
filter.tag1														