Key	EN	RU	DE	FR	IT	PT	ES	JA	ID	MS	AR
title	A Little Ant’s\nBig Job	Маленький\nда удаленький	Kleine Ameise\nganz groß	La mission d’une petite fourmi	Un lavoro\nper la formichina	A missão de uma formiguinha	La gran tarea\nde la hormiguita	小さなアリの\n大きな\n仕事	Pekerjaan Besar\nSi Semut Kecil	Tugas Besar\nSi Semut Kecil	مهمّة كبيرة لنملة صغيرة
author	Michelle Brown	Мишель Браун	Michelle Brown	Michelle Brown	Michelle Brown	Michelle Brown	Michelle Brown	Michelle Brown	Michelle Brown	Michelle Brown	ميشيل براون
illustrator	Elena Burkova	Елена Буркова	Elena Burkova	Elena Burkova	Elena Burkova	Elena Burkova	Elena Burkova	Elena Burkova	Elena Burkova	Elena Burkova	إلينا بوركوفا
composer	Rotem Hecht	Ротем Хечт	Rotem Hecht	Rotem Hecht	Rotem Hecht	Rotem Hecht	Rotem Hecht	Rotem Hecht	Rotem Hecht	Rotem Hecht	روتم هيشت
boy.description	No one looked up to the little ant. They all thought that he\ncouldn’t do anything. He was too little to help. But were\nthe other ants right? Don’t forget that first impressions\nare often misleading.	Никто не хотел считаться с маленьким муравьём,\nпотому что все думали, что он ни на что не способен.\nНо были ли обитатели муравейника правы? Ведь первое\nвпечатление может быть обманчивым.	Alle übergingen die kleine Ameise, und sie trauten ihr\nnichts zu. Sie war zu klein, um zu helfen. Aber hatten\ndie anderen Ameisen recht? Vergiss nie, dass der erste\nEindruck täuschen kann.	Personne ne respectait la petite fourmi. Ils pensaient\nqu’il était trop petit pour aider. Mais les autres fourmis\navaient-elles raison ? N’oubliez pas que les apparences\npeuvent être trompeuses.	Nessuno ammirava la formichina. Pensavano tutti\nche non sapesse fare niente. Era troppo piccola per aiutare.\nMa avevano ragione le altre formiche? Non dimenticare\nche le prime impressioni spesso ingannano.	Ninguém dava a mínima para a formiguinha. Todas\nas outras formigas achavam que ela era pequena demais\npara ajudar. Mas será que elas estavam certas?\nNem sempre a primeira impressão condiz com a realidade.	Nadie valoraba a la pequeña hormiga. Todos pensaban\nque no podía hacer nada. Era demasiado pequeña\npara colaborar. Pero, ¿tenían razón las otras hormigas?\nNunca olvides que la primera impresión suele ser falaz.	小さなアリに期待する者はいません。みんな、小さすぎるアリは何もできないと思っていました。本当にそうでしょうか？第一印象はしばしば誤解を招くことをお忘れなく。	Tidak ada yang menghargai semut kecil itu. Mereka semua mengira dia tidak bisa apa-apa. Dia juga terlalu kecil untuk membantu. Tetapi apakah semut-semut lainnya benar? Jangan lupa, kesan pertama sering menipu.	Tiada sesiapa memandang tinggi kepada semut kecil. Semut lain fikir dia tidak dapat berbuat apa-apa. Dia terlalu kecil untuk membantu. Betulkah kata semut lain? Jangan lupa tanggapan pertama selalunya tersilap.	لم يحترم أحدٌ الشَيْصَبانُ ”ذكر النملة“ الصغير. فبسبب حجمه الضئيل جدًا، ظنّه الجميع عاجزًا عن إنجاز أيّ مهمّة أو تقديم أيّ مساعدة. فهل كانت النّملات الأخريات على حقّ؟ تذكّروا أنّ المظاهر خدّاعة في أغلب الأحيان.
boy.description.iphone	No one looked up to the little ant. They all thought that he couldn’t do\nanything. He was too little to help. But were the other ants right?\nDon’t forget that first impressions are often misleading.	Никто не хотел считаться с маленьким муравьём, потому что все\nдумали, что он ни на что не способен. Но были ли обитатели\nмуравейника правы? Ведь первое впечатление может быть обманчивым.	Alle übergingen die kleine Ameise, und sie trauten ihr nichts zu.\nSie war zu klein, um zu helfen. Aber hatten die anderen Ameisen recht?\nVergiss nie, dass der erste Eindruck täuschen kann.	Personne ne respectait la petite fourmi. Ils pensaient qu’il était trop petit\npour aider. Mais les autres fourmis avaient-elles raison ?\nN’oubliez pas que les apparences peuvent être trompeuses.	Nessuno ammirava la formichina. Pensavano tutti che non sapesse\nfare niente. Era troppo piccola per aiutare. Ma avevano ragione le altre\nformiche? Non dimenticare che le prime impressioni spesso ingannano.	Ninguém dava a mínima para a formiguinha. Todas as outras formigas\nachavam que ela era pequena demais para ajudar. Mas será que elas\nestavam certas? Nem sempre a primeira impressão condiz com a realidade.	Nadie valoraba a la pequeña hormiga. Todos pensaban que no podía hacer\nnada. Era demasiado pequeña para colaborar. Pero, ¿tenían razón las otras\nhormigas? Nunca olvides que la primera impresión suele ser falaz.	小さなアリに期待する者はいません。みんな、小さすぎるアリは何もできないと思っていました。本当にそうでしょうか？第一印象はしばしば誤解を招くことをお忘れなく。	Tidak ada yang menghargai semut kecil itu. Mereka semua mengira dia tidak bisa apa-apa. Dia juga terlalu kecil untuk membantu. Tetapi apakah semut-semut lainnya benar? Jangan lupa, kesan pertama sering menipu.	Tiada sesiapa memandang tinggi kepada semut kecil. Semut lain fikir dia tidak dapat berbuat apa-apa. Dia terlalu kecil untuk membantu. Betulkah kata semut lain? Jangan lupa tanggapan pertama selalunya tersilap.	لم يحترم أحدٌ الشَيْصَبانُ ”ذكر النملة“ الصغير. فبسبب حجمه الضئيل جدًا، ظنّه الجميع عاجزًا عن إنجاز أيّ مهمّة أو تقديم أيّ مساعدة. فهل كانت النّملات الأخريات على حقّ؟ تذكّروا أنّ المظاهر خدّاعة في أغلب الأحيان.
boy.page.1	{NAME:P1} the ant woke up to the sound of marching overhead.\nHe rubbed his sleepy eyes. Where was everyone going?	Муравей {NAME:P1} проснулся от громких звуков марширующих ног\nнад головой. Он потёр заспанные глаза. Куда это все идут?	Marschiergeräusche über ihm weckten {NAME:P1} die Ameise auf.\nEr rieb sich seine schläfrigen Augen. Wo gingen alle hin?	{NAME:P1} la fourmi se réveilla au bruit de pas bruyants à l’étage\ndu dessus. Fatigué, il se frotta les yeux. Mais où allaient-ils tous ?	La formichina {NAME:P1} si svegliò sentendo rumore di piedi in marcia.\nSi strofinò gli occhi assonnato. Dove stavano andando tutti?	Ainda era cedo quando {NAME:P1}, a formiguinha, acordou com um som\nde passos. Sonolento, ele pensou: “mas para onde está indo todo mundo?”	La hormiga {NAME:P1} despertó con el repiqueteo de pasos marchando\nsobre su cabeza. Somnoliento, se restregó los ojos. ¿A dónde iban todos?	アリ⁠の​{NAME:P1}​は、​行進​する​足音⁠を​聞い⁠て​目⁠を​覚まし⁠まし⁠た。\n{NAME:P1}​は​眠い​目⁠を​こすり⁠まし⁠た。​みんな​どこ⁠へ​行く​の⁠でしょ⁠う⁠？	{NAME:P1} si semut terbangun karena suara berbaris di atas kepalanya.\nDia menggosok matanya yang mengantuk. Mau ke mana mereka semua?	{NAME:P1} si semut terjaga oleh bunyi berkawat di atas kepalanya.\nDia menggosok mata yang mengantuk. Ke mana semua semut mahu pergi?	استيقظ الشَيْصَبانُ {NAME:P1} على صوت أقدامٍ تدبّ فوق الأرض.\nفَرك عينيه الناعستين. يا ترى أين يذهب الجميع؟
boy.page.2	From his anthill bedroom, he heard the ant choir singing. It was\nthe queen’s birthday celebration song! {NAME:P1} jumped out of bed.	В его спальню в муравейнике доносилось пение хора. Это была песня\nв честь дня рождения Королевы! {NAME:P1} подскочил с кровати.	Von seinem Schlafzimmer aus hörte er den Chor singen. Es war das Lied\nzur Geburtstagsfeier der Königin! {NAME:P1} sprang aus dem Bett.	Depuis sa chambre, il entendait la chorale de fourmis. C’était le chant\nde célébration de la reine fourmi ! {NAME:P1} sauta du lit.	Dalla camera nel formicaio, sentiva le formiche cantare in coro.\nEra la canzone per il compleanno della regina! {NAME:P1} balzò dal letto.	Do seu quarto, ele ouvia um coro de formigas cantando. Era a música\nde celebração para o aniversário da rainha! {NAME:P1} pulou da cama.	Desde su habitación en el hormiguero escuchó cantar a las hormigas.\n¡Era la canción de cumpleaños de la reina! {NAME:P1} saltó de la cama.	アリ⁠の​巣⁠の​寝室⁠の​外⁠から、​アリ⁠の​合唱⁠が​聞こえ⁠て​き⁠まし⁠た。​それ⁠は\n女王⁠の​誕生⁠日⁠を​祝う​歌⁠でし⁠た⁠！​{NAME:P1}​は​ベッド⁠から​飛び起き⁠まし⁠た。	Dari kamarnya di sarang semut, dia mendengar paduan suara semut.\nLagu perayaan ulang tahun ratu! {NAME:P1} loncat dari tempat tidurnya.	Dari bilik tidurnya di busut semut, dia mendengar koir menyanyi.\nItu lagu sambutan hari lahir permaisuri! {NAME:P1} melompat dari katil.	سمع من غرفته في عشّ النمل غناء الجوقة الموسيقيّة.\nإنها أنشودة الاحتفال بعيد ميلاد الملكة! نَهض {NAME:P1} بحماس من الفراش.
boy.page.3	He ran in the direction of the music. Was it already the queen’s birthday?	Он помчался в направлении, откуда была слышна музыка.\nЭто что, сегодня уже день рождения Королевы?	Er rannte in Richtung der Musik. War denn schon der Geburtstag der Königin?	Il courut en direction de la musique.\nEst-ce que c’était déjà l’anniversaire de la reine ?	Corse in direzione della musica. Era già il compleanno della regina?	E saiu correndo na direção da música.\nSerá que já era o dia do aniversário da rainha?	Corrió hacia la música. ¿Era ya el cumpleaños de la reina?	{NAME:P1}​は​歌⁠が​聞こえる​方⁠へ​走っ⁠て​いき⁠まし⁠た。\n今日⁠は​女王⁠の​誕生⁠日⁠な​の⁠でしょ⁠う⁠か⁠？	Dia berlari ke arah sumber musik itu. Apakah hari ini ulang tahun sang Ratu?	Dia berlari ke arah muzik itu. Adakah hari lahir permaisuri sudah tiba?	ركض باتجاه مصدر الموسيقى. هل هو عيد ميلاد الملكة فعلاً؟
boy.page.4	{NAME:P1} bumped straight into a big,\nstrong ant carrying a whole leaf by himself.	На бегу {NAME:P1} наткнулся на большого, сильного муравья,\nв одиночку тащившего огромный лист.	{NAME:P1} stieß direkt mit einer großen,\nstarken Ameise zusammen, die ganz allein ein Blatt trug.	{NAME:P1} se cogna contre une grande\net impressionnante fourmi qui portait à lui seul une feuille entière.	{NAME:P1} urtò contro una grossa formica forzuta\nche portava una grossa foglia tutta da sola.	No caminho, {NAME:P1} deu de cara com uma formiga grande e forte,\nque estava carregando uma folha inteira sozinha.	{NAME:P1} chocó de frente contra una hormiga grande y fuerte,\nque llevaba, ella sola, una hoja entera.	{NAME:P1}​は、​大きな⁠葉っぱ⁠を​運ん⁠で​いる\n大きく⁠て​強⁠そう⁠な​アリ⁠に​ぶつかり⁠まし⁠た。	{NAME:P1} menyenggol seekor semut besar\ndan kuat yang menggotong sehelai daun utuh sendirian.	{NAME:P1} bertembung dengan seekor semut besar\ndan kuat sedang mengangkat sehelai daun seorang diri.	اصطدم {NAME:P1} بنملة ضخمة قويّة تحمل ورقة شجرٍ كاملة بمفردها.
boy.page.5	“Sorry about that!” {NAME:P1} said. “Is today the queen’s birthday?”	«Прошу прощения, ‒ сказал {NAME:P1}.\n‒ А сегодня, что, день рождения Королевы?»	„Tut mir leid!“, sagte {NAME:P1}. „Ist heute der Geburtstag der Königin?“	« Désolé ! dit {NAME:P1}.\nEst-ce que l’anniversaire de la reine est aujourd’hui ? »	«Scusa!», disse {NAME:P1}. «È oggi il compleanno della regina?»	“Ops, desculpe!”, disse {NAME:P1}. “É hoje o aniversário da rainha?”	“¡Disculpa!”, exclamó {NAME:P1}. “¿Es hoy el cumpleaños de la reina?”	「ごめんなさい⁠！」​{NAME:P1}​は​言い⁠まし⁠た。\n「今日⁠は​女王⁠様⁠の​誕生⁠日⁠な⁠の⁠？」	“Maaf!” kata {NAME:P1}. “Apakah hari ini ulang tahunnya Ratu?”	“Maaf sebab terlanggar!” {NAME:P1} berkata.\n“Adakah hari ini hari lahir permaisuri?”	”آسف!“ اعتذر {NAME:P1} ثم سأل: ”هل اليوم عيد ميلاد الملكة؟“
boy.page.6	“No, thank goodness,” replied the big ant. “Her birthday is tomorrow.\nNow scurry along. I must get this leaf to the chariot-building chamber.”	«Слава Богу, нет, ‒ ответил муравей. ‒ Её день рождения завтра.\nА сейчас посторонись-ка. Мне нужно отнести этот лист в мастерскую».	„Nein, zum Glück nicht“, erwiderte die große Ameise. „Ihr Geburtstag\nist morgen. Geh weiter. Ich muss dieses Blatt in die Baukammer bringen.“	« Non, dieu merci, répondit la grande fourmi. C’est demain. Maintenant\nécarte-toi. Je dois livrer cette feuille pour la construction des chars. »	«No, grazie al cielo», rispose l’altra formica. «È domani. Ora spostati.\nDevo portare questa foglia nella stanza dove costruiscono le carrozze».	“Não, graças a Deus”, respondeu a formigona. “O aniversário é só amanhã.\nAgora, sai fora! Preciso levar essa folha para a oficina de carruagens.”	“No, por suerte”, replicó la hormiga. “Su cumpleaños es mañana.\nApártate. Tengo que llevar esta hoja al taller de construcción de carruajes”.	「違う⁠よ」​大きな⁠アリ⁠は​言い⁠まし⁠た。​「女王⁠様⁠の​誕生⁠日⁠は​明日⁠だ⁠よ。\nさあ、​急が⁠ない⁠と。​この⁠葉っぱ⁠を​馬車⁠作り⁠の​部屋⁠に​持っ⁠て​いか⁠なく⁠ちゃ」	“Belum, untungnya,” si semut besar menjawab. “Ulang tahun beliau besok.\nSekarang lekaslah. Aku harus membawa daun ini ke ruang pembuatan kereta.”	“Syukurlah bukan,” balas si semut besar. “Hari lahirnya esok. Sekarang cepat\nbergerak. Saya mesti bawa daun ini ke bilik membuat kereta kuda.”	أجابت النملة الكبيرة: ”كلا لحسن الحظ، عيد ميلادها غدًا.\nتحرّك الآن، عليّ إيصال هذه الورقة إلى حجرة بناء العربات“.
boy.page.7	“May I help you?” asked {NAME:P1}.\n“I’m a very good helper! Is there anything I can do?”	«А можно вам помочь? ‒ спросил {NAME:P1}.\n‒ Я очень хороший помощник. Что я могу сделать?»	„Kann ich dir helfen?“, fragte {NAME:P1}.\n„Ich bin ein guter Helfer! Gibt es etwas, das ich tun kann?“	« Je peux t’aider ? demanda {NAME:P1}. Je peux être très utile !\nEst-ce que je peux faire quelque chose ? »	«Posso aiutarti?», chiese {NAME:P1}.\n«Sono un ottimo aiutante! C’è qualcosa che posso fare?»	“Posso te ajudar?”, perguntou {NAME:P1}. “Eu sou um ótimo ajudante!\nNão teria alguma coisa que eu possa fazer?”	“¿Puedo ayudarte?”, perguntó {NAME:P1}.\n“¡Soy muy buen ayudante! ¿Hay algo en lo que pueda colaborar?”	「何⁠か​お手伝い​できる​こと⁠は⁠？」​{NAME:P1}​は​聞き⁠まし⁠た。\n「お手伝い⁠が​得意⁠な​ん⁠だ⁠！⁠何⁠か​できる​こと⁠は​ある⁠？」	“Boleh kubantu?” tanya {NAME:P1}.\n“Aku biasa membantu! Ada yang bisa kulakukan?”	“Boleh saya bantu kamu?” tanya {NAME:P1}.\n“Saya pembantu yang amat bagus! Ada sesuatu yang boleh saya buat?”	سأل {NAME:P1}: ”أتسمحين لي بمساعدتكِ؟ إني أحب مساعدة\nالغير كثيرًا! أهناك أي مهمّة أستطيع إنجازها؟“
boy.page.8	“Maybe when you’re stronger,” said the ant. “We are in a hurry.”	«Может быть, когда подрастёшь, ‒ ответил муравей.\n‒ А сейчас я очень спешу».	„Vielleicht wenn du stärker bist“, sagte die Ameise. „Wir sind in Eile.“	« Peut-être quand tu seras plus fort, dit la fourmi.\nNous manquons de temps. »	«Forse quando sarai più forte», disse la formica. «Andiamo di fretta».	“Talvez quando você ficar mais forte”, respondeu a formiga.\n“A gente está com pressa.”	“Quizás cuando seas mas fuerte”,\ndijo la hormiga enorme. “Estamos apurados”.	「君⁠が​もっと⁠強く​なっ⁠たら⁠ね」\n​アリ⁠は​言い⁠まし⁠た。​「急い​でる​ん⁠だ」	“Mungkin kalau kamu sudah lebih kuat,”\nujar si semut besar. “Kami sedang buru-buru.”	“Mungkin apabila kamu lebih kuat nanti,” kata semut itu. “Kita mahu cepat.”	قالت النملة الكبيرة: ”يمكنكَ المساعدة عندما تصبح أقوى. إنني مشغولةٌ الآن“.
boy.page.9	{NAME:P1} sighed and walked toward the sound of the singing.	{NAME:P1} вздохнул и направился в сторону,\nоткуда доносилось пение.	{NAME:P1} seufzte und ging in Richtung des Gesangs.	{NAME:P1} soupira et continua son chemin\nen direction des bruits de chant.	{NAME:P1} sospirò e andò nella direzione da cui veniva il coro.	{NAME:P1} respirou fundo\ne continuou seu caminho em direção à música.	{NAME:P1} suspiró y caminó hacia donde provenían los cantos.	{NAME:P1}​は​フーッ⁠と​ため息⁠を​つい⁠て、\n歌⁠が​聞こえる​方⁠へ​歩い⁠て​いき⁠まし⁠た。	{NAME:P1} mendesah, lalu berjalan menuju suara nyanyian itu.	{NAME:P1} mengeluh dan berjalan ke arah bunyi nyanyian.	تنهّد {NAME:P1} وأكمل باتجاه مصدر الغناء.
boy.page.10	He heard a bustle in the dining chamber and peeked inside.	Он услышал шум в столовой и заглянул внутрь.	Er hörte geschäftiges Treiben aus dem Speisezimmer und lugte hinein.	Il entendit de l’agitation dans la salle à manger et jeta un œil à l’intérieur.	Sentiva un viavai provenire dal salone da pranzo e sbirciò dentro.	Ao passar pelo salão de jantar,\nele ouviu um burburinho e decidiu dar uma espiadela.	Escuchó el bullicio del comedor y se asomó.	ダイニング​ルーム⁠から​にぎやか⁠な​音⁠が\n聞こえ⁠て​き⁠た⁠ので、​中⁠を​のぞい⁠て​み⁠まし⁠た。	Dia mendengar suara ribut di ruang makan, lalu dia mengintip ke dalam.	Dia mendengar bunyi kesibukan di bilik makan dan mengintai ke dalam.	سمِع ضجيجًا يصدر من غُرفة الطعام، فاسترق النظر للداخل.
boy.page.11	Lightning bugs brightened the room\nand tall ants were hanging clover garlands for the queen’s birthday banquet.	Светлячки освещали помещение, а высокие муравьи развешивали\nгирлянды из клевера для банкета в честь Королевы.	Glühwürmchen erhellten den Raum, und große Ameisen\nhängten Girlanden aus Klee für das Geburtstagsessen der Königin auf.	Des lucioles illuminaient la salle et de grandes fourmis accrochaient\ndes guirlandes de trèfles pour le banquet d’anniversaire de la reine.	Le lucciole illuminavano la stanza e le formiche più alte stavano\nappendendo ghirlande di trifogli per il banchetto della regina.	Um grupo de vagalumes iluminava o salão e formigas bem altas penduravam\num cordão de trevos para decorar o banquete de aniversário da rainha.	Las luciérnagas iluminaban la habitación y las hormigas más altas\ncolgaban guirnaldas para el banquete en honor del cumpleaños de la reina.	ホタル⁠が​部屋⁠を​明るく​てらし、​背⁠の​高い​アリ⁠たち⁠が​女王⁠の\n誕生⁠日⁠パーティー⁠の​ため⁠に​クローバー⁠の​花輪⁠を​かざっ⁠て​い⁠まし⁠た。	Kunang-kunang menerangi ruangan itu dan semut-semut yang tinggi\nmenggantungkan karangan bunga kemangi untuk jamuan ulang tahun Ratu.	Kunang-kunang menerangi bilik dan semut\nyang tinggi menggantung kalungan klover untuk jamuan hari lahir permaisuri.	كانت اليراعات تضئنَ الغرفة بينما تعلّق النملات الطويلات\nأكاليل البرسيم تجهيزًا لمأدبة عيد ميلاد الملكة.
boy.page.12	“This looks amazing! May I help hang the garlands?”\n{NAME:P1} asked the ant tying the stems. “I’m a very good helper.”	«Выглядит восхитительно! Можно помочь вам с гирляндами?\n‒ {NAME:P1} спросил муравьиху. ‒ Я хороший помощник».	„Das sieht toll aus! Kann ich euch helfen, die Girlanden aufzuhängen?“,\nfragte {NAME:P1} die Ameise. „Ich bin ein guter Helfer.“	« C’est magnifique ! dit {NAME:P1}.\nJe peux aider à accrocher les guirlandes ? Je peux être très utile ! »	«Che meraviglia! Posso aiutare ad appendere le ghirlande?», chiese\n{NAME:P1} alla formica che legava gli steli. «Sono un ottimo aiutante».	“Isso está ficando incrível! Posso ajudar a pendurar os trevos?”, perguntou\no {NAME:P1} a uma das formigas. “Eu sou um ótimo ajudante.”	“¡Esto es fantástico! ¿Puedo ayudar a colgar las guirnaldas?”, preguntó\n{NAME:P1} a la hormiga mas cercana. “Soy muy buen ayudante”.	「すごい⁠！⁠花輪⁠を​つるす​の⁠を​手伝っ⁠て⁠も​いい⁠？」​{NAME:P1}​は、\nくき⁠を​結ん⁠で​いる​アリ⁠に​聞き⁠まし⁠た。​「お手伝い⁠が​得意⁠な​ん⁠だ」	“Ini bagus! Boleh kubantu menggantung karangan bunga?” {NAME:P1}\nbertanya pada semut yang sedang mengikat dahan. “Aku pintar membantu.”	“Hebat sekali! Boleh saya tolong sangkut kalungan?” {NAME:P1} bertanya\nkepada semut yang mengikat tangkai. “Saya pembantu yang amat bagus.”	”ما أجملها!“ تعجّب {NAME:P1} ثم سأل النملة التي تربط السويقات معًا:\n”أتسمحن لي بتعليق الأكاليل معكنّ؟ إنّي أحب مساعدة الغير كثيرًا!“
boy.page.13	The tall ant smiled. “Thank you for wanting to help,” she said.\n“But we are very busy. Maybe when you are taller.”	Муравьиха улыбнулась. «Молодец, что хочешь помочь, ‒ сказала она,\n‒ но мы сейчас слишком заняты. Может быть, когда подрастёшь».	Die große Ameise lächelte. „Danke, dass du helfen möchtest“, sagte sie.\n„Aber wir sind sehr beschäftigt. Vielleicht wenn du größer bist.“	La grande fourmi sourit. « Merci de proposer ton aide, dit-elle.\nMais nous sommes très occupées. Peut-être quand tu seras plus grand. »	La formica sorrise. «Grazie per l’offerta», disse.\n«Ma siamo molto occupati. Forse quando sarai più alto».	A formiga alta sorriu. “Obrigada por oferecer ajuda”, ela disse.\n“Mas a gente está muito ocupada. Talvez quando você ficar mais alto.”	La espigada hormiga sonrió. “Gracias por la voluntad de ayudar”, contestó.\n“Pero ahora estamos ocupadas. Quizás cuando seas más alto”.	背⁠の​高い​アリ⁠は​ニッコリ⁠し⁠て、​言い⁠まし⁠た。​「そう⁠言っ⁠て​くれ⁠て​ありが\nとう。​でも⁠私⁠たち⁠は​とても⁠忙しい⁠の。​もっと⁠背⁠が​伸び⁠たら​手伝っ⁠て⁠ね」	Semut yang tinggi tersenyum. “Terima kasih sudah ingin membantu,” ujarnya.\n“Tapi kami sangat sibuk. Mungkin nanti kalau kamu sudah lebih tinggi.”	Semut tinggi tersenyum. “Terima kasih kerana mahu membantu,” katanya.\n“Tapi kami sangat sibuk. Mungkin apabila kamu lebih tinggi nanti.”	ابتسمت النملة الطويلة وقالت: ”شكرًا لأنّكَ تريد المساعدة،\nلكننا مشغولات جدًا الآن. يمكنكَ مساعدتنا عندما تصبح أطول“.
boy.page.14	{NAME:P1} sighed again and walked toward the music chamber.\n“There must be something I can do to help!”	{NAME:P1} снова вздохнул и направился к музыкальному залу.\n«Но ведь есть же что-то, с чем я могу помочь!»	{NAME:P1} seufzte erneut und ging in Richtung des Musikzimmers.\n„Dort muss es etwas geben, bei dem ich helfen kann!“	{NAME:P1} soupira à nouveau et reprit son chemin vers la salle\nde musique. « Il doit bien y avoir quelque chose que je puisse faire ! »	{NAME:P1} sospirò di nuovo e andò verso la stanza della musica.\n«Dev’esserci qualcosa che posso fare per dare una mano!»	{NAME:P1} respirou fundo de novo e seguiu em direção\nà sala de música. “Com certeza vou poder ajudar com alguma coisa!”	{NAME:P1} suspiró nuevamente y se dirigió hacia el salón\ndesde dónde provenía la música. “¡Debe haber algo en lo que pueda ayudar!”	{NAME:P1}​は、​また⁠フーッ⁠と​ため息⁠を​つい⁠て、​歌⁠が​聞こえる​方⁠へ\n歩い⁠て​いき⁠まし⁠た。​「何⁠か​僕⁠に⁠も​できる​こと⁠が​ある​はず⁠！」	{NAME:P1} mendesah lagi, kemudian berjalan menuju ruang musik.\n“Pasti ada sesuatu yang bisa kubantu!”	{NAME:P1} mengeluh lagi dan berjalan ke arah bilik muzik.\n“Mesti ada sesuatu di sana yang boleh saya bantu!”	تنهّد {NAME:P1} مجدّدًا وأكمل باتجاه حجرة الموسيقى وهو يفكّر:\n”لا بدّ من وجود مهمّة أستطيع إنجازها!“
boy.page.15	When {NAME:P1} reached the music chamber, the ant choir was gone.\nThere was only the old choir director who was rolling up his music.	Войдя в музыкальный зал, {NAME:P1} обнаружил, что хора там уже нет.\nОстался только старый дирижёр, да и тот уже убирал свои ноты.	Als {NAME:P1} das Musikzimmer erreichte, war der Ameisenchor nicht da.\nNur der alte Chordleiter war dort, der seine Notenblätter weglegte.	Quand {NAME:P1} entra dans la salle de musique,\nseul s’y trouvait le vieux directeur de chorale qui rangeait ses partitions.	Quando {NAME:P1} arrivò nella stanza della musica,\nil coro non c’era più. C’era solo il vecchio direttore che arrotolava gli spartiti.	Quando {NAME:P1} chegou à sala de música, todas as formigas\ndo coro já tinham ido embora. Só restava o velho maestro e suas partituras.	Cuando llegó a la sala de música el coro de hormigas ya se había ido.\nEstaba sólo el viejo director del coro, enrollando las partituras.	{NAME:P1}​が​音楽⁠の​部屋⁠に​着く⁠と、​アリ⁠の​合唱⁠団⁠は​もう⁠い⁠ませ⁠ん⁠でし⁠た。\n楽譜⁠を​かたず⁠け⁠て​いる​年寄り⁠の​指揮⁠者⁠が​いる⁠だけ⁠でし⁠た。	Saat {NAME:P1} sampai ke ruang musik, paduan suara sudah bubar.\nHanya ada direktur paduan suara tua yang sedang menggulung notasi musiknya.	Apabila {NAME:P1} sampai ke bilik muzik, koir semut telah berlalu.\nHanya ada pengarah koir yang tua sedang menggulung not muziknya.	لمّا وصل {NAME:P1} إلى حجرة الموسيقى، كانت جوقة النمل قد رحلت.\nلم يكن هناك سوى مدير الجوقة العجوز يُلملم نوتاته الموسيقيّة.
boy.page.16	“May I please join the birthday celebration choir?” {NAME:P1} asked\nthe old ant. “I have heard the song so much I know it by heart.”	«А можно я буду участвовать в хоре на день рождения Королевы? ‒ спросил\n{NAME:P1} старого муравья. ‒ Я уже выучил эту песню наизусть».	„Kann ich bitte beim Chor mitmachen?“, fragte {NAME:P1} die alte Ameise.\n„Ich habe das Lied so oft gehört, ich kenne es auswendig.“	« Est-ce que je peux participer à la chorale ? demanda {NAME:P1}.\nJ’ai entendu la chanson tellement de fois que je la connais par cœur. »	«Posso unirmi al coro per il compleanno?», chiese {NAME:P1}\nalla vecchia formica. «Ho sentito la canzone così tanto che la so a memoria».	“Por favor, posso fazer parte no coro de celebração de aniversário?\nJá ouvi a música tantas vezes, que já sei de cor”, disse {NAME:P1}.	“¿Puedo unirme al coro para la fiesta?” preguntó {NAME:P1} a la vieja\nhormiga. “He escuchado la canción tantas veces que la sé de memoria”.	「お⁠誕生⁠日⁠を​祝う​合唱⁠団⁠に​入れ⁠て​もらえる⁠？」​{NAME:P1}​は​年寄り⁠の\nアリ⁠に​聞き⁠まし⁠た。​「何⁠度⁠も​聞い⁠て​いる⁠から、​ぜんぶ​歌える​ん⁠だ」	“Bolehkah aku ikut paduan suara perayaan ulang tahun?” {NAME:P1}\nbertanya ke semut tua. “Aku sering mendengar lagunya, jadi aku hapal.”	“Bolehkah saya menyertai koir sambutan hari lahir?” {NAME:P1} bertanya\nsemut tua. “Saya sudah sering mendengar lagu ini hingga hafal.”	سأل {NAME:P1} العجوز: ”من فضلك، هل تسمحين لي بالانضمام إلى\nجوقة عيد الميلاد؟ لقد سمعت الأغنية مرارًا وأحفظها عن ظهر قلب“.
boy.page.17	The old ant patted {NAME:P1} on the head and said, “We only allow\ngrown-up ants to sing for Her Majesty. Everything must be perfect.”	Муравей погладил {NAME:P4} по голове. «Мы разрешаем петь\nдля Её Величества только взрослым муравьям. Всё должно быть идеально».	Die Ameise tätschelte den Kopf von {NAME:P1} und sagte: „Nur\nerwachsene Ameisen dürfen für Ihre Majestät singen. Alles muss perfekt sein.“	La vieille fourmi dit gentiment à {NAME:P1} : « Seules les fourmis\nadultes peuvent chanter pour Sa Majesté. Tout doit être parfait. »	La formica diede a {NAME:P1} un buffetto e disse: «Solo le formiche\nadulte possono cantare per Sua Maestà. Dev’essere tutto perfetto».	O velho maestro passou a mão na cabeça de {NAME:P1} e respondeu:\n“Só formigas adultas podem cantar para a rainha. Tudo deve ser perfeito.”	La vieja hormiga palmeó la cabeza de {NAME:P1} y dijo “Sólo las\nhormigas adultas le pueden cantar a Su Majestad. Todo debe ser perfecto”.	年寄り⁠の​アリ⁠は​{NAME:P1}​の​頭⁠を​なで⁠て​言い⁠まし⁠た。​「女王⁠の​ため⁠に​歌え\nる​の⁠は​大人⁠の​アリ⁠だけ⁠じゃ。​すべて​完璧⁠じゃ⁠ない⁠と​いけ⁠ない​ん⁠じゃ⁠よ」	Semut tua menepuk kepala {NAME:P1}, lalu berkata, “Kami hanya mengizinkan\nsemut dewasa yang bernyanyi untuk Ratu. Semuanya harus sempurna.”	Semut tua menepuk kepala {NAME:P1} dan berkata, “Kami cuma benarkan\nsemut dewasa menyanyi untuk Baginda Ratu. Semuanya mesti sempurna.”	ربّتت النملة العجوز على رأس {NAME:P1} قائلةً: ”لا نسمح إلّا للشَيْصَبان\nالكبار بالغناء لصاحبة الجلالة. يجب أن تكون كلّ النغمات مثاليةً تمامًا“.
boy.page.18	“But what can I do to help?” {NAME:P1} asked.\n“It seems I’m too weak, small, and young to do anything to honor the queen!”	«Но чем же я могу помочь? ‒ спросил {NAME:P1}.\n‒ Кажется, я слишком маленький, чтобы сделать что-то для Королевы».	„Aber wie kann ich helfen?“, fragte {NAME:P1}. „Es scheint,\nich bin zu schwach, klein und zu jung, um die Königin ehren zu können!“	« Mais que puis-je faire ? demanda {NAME:P1}. Je suis trop faible,\npetit et jeune pour faire quoi que ce soit pour honorer la reine ! »	«Ma cosa posso fare per aiutare?», chiese {NAME:P1}. «A quanto\npare sono troppo debole, piccolo e giovane per fare qualcosa per la regina!»	“Mas como eu poderia ajudar?”, perguntou {NAME:P1}. “Parece que\neu sou fraco, pequeno e novo demais para ajudar na homenagem à rainha!”	“Pero, ¿qué puedo hacer para ayudar”, preguntó {NAME:P1}.\n“¡Parece que soy demasiado débil, pequeño o joven para honrar a la reina!”	「じゃあ、​僕⁠に​できる​こと⁠は⁠？」​{NAME:P1}​は​聞き⁠まし⁠た。​「僕⁠は​弱く\nて、​小さく⁠て、​若い⁠から、​女王⁠の​ため⁠に​できる​こと⁠が​何⁠も​ない​ん⁠だ⁠！」	“Tapi apa yang bisa kubantu?” tanya {NAME:P1}. “Tampaknya aku terlalu\nlemah, kecil, dan muda untuk berbuat sesuatu demi menghormati Ratu!”	“Tapi apa yang boleh saya bantu?” {NAME:P1} bertanya. “Nampaknya saya\nterlalu lemah, kecil dan muda bagi membuat apa-apa untuk permaisuri!”	فسأل {NAME:P1}: ”لكن، أهناك أي مهمّة أستطيع إنجازها؟ يبدو\nأنني أضعف وأقصر وأصغر من تقديم أي شيء تكريمًا للملكة!“
boy.page.19	The old ant smiled at {NAME:P1}. “That is very noble of you.\nWhy don’t you run above ground and see if they need any help gathering food?”	«Очень благородно с твоей стороны, муравьишка. Может, ты выберешься\nиз муравейника и посмотришь, не нужна ли помощь в приготовлении еды?»	Die Ameise lächelte {NAME:P1} an. „Das ist ehrenwert von dir. Geh doch\nnach oben und schau, ob sie Hilfe beim Sammeln des Essens brauchen.“	La vieille fourmi sourit à {NAME:P1}. « Pourquoi ne te rend-tu\npas à la surface pour aider avec la récolte de nourriture ? »	La vecchia formica sorrise a {NAME:P1}. «È bello da parte tua.\nPerché non vai fuori a vedere se hanno bisogno d’aiuto a raccogliere cibo?»	O maestro-formiga sorriu. “Isso é muito nobre da sua parte. Por que\nvocê não vai à superfície para ver se eles precisam de ajuda com a comida?”	La vieja hormiga sonrió. “Es muy noble de tu parte. ¿Por qué no vas arriba,\na la superficie, y ves si necesitan ayuda para buscar comida?”	年寄り⁠の​アリ⁠は​ニッコリ⁠と​笑い⁠まし⁠た。​「立派⁠じゃ。​外⁠に​出⁠て、\n食べ物⁠を​集める⁠のに​助け⁠が​必要⁠か​どう⁠か​見⁠て​き⁠たら​どう⁠じゃ⁠？」	Semut tua tersenyum pada {NAME:P1}. “Mulia sekali. Coba lari di atas tanah,\nlihat apakah mereka butuh bantuan untuk mengumpulkan makanan?”	Semut tua tersenyum kepada {NAME:P1}. “Kamu amat mulia. Pergilah ke atas tanah,\nmungkin mereka perlukan bantuan bagi mengumpulkan makanan?”	تبسّمت العجوز في وجه {NAME:P1} وقالت: ”غايتكَ نبيلة حقًا.\nما رأيكَ بأن تخرج إلى السطح وتسأل إذا كانوا يحتاجون مساعدة في جمع الطعام؟“
boy.page.20	{NAME:P1} hadn’t thought of that!\nHe climbed nimbly up to the anthill opening and looked around.	{NAME:P3} эта мысль не приходила в голову!\nОн проворно выбрался наружу и огляделся.	Daran hatte {NAME:P1} nicht gedacht!\nFlink kletterte er zur Öffnung des Ameisenhügels und schaute sich um.	{NAME:P1} n’avait pas pensé à ça !\nIl grimpa habilement hors de la fourmillière et regarda autour de lui.	{NAME:P1} non ci aveva pensato!\nSi arrampicò agilmente fino in cima al formicaio e si guardò intorno.	{NAME:P1} não tinha pensado nisso!\nEle subiu rapidinho até a abertura do formigueiro e deu uma olhada ao redor.	¡{NAME:P1} no había pensado en eso!\nÁgil, subió hasta la entrada del hormiguero y miró a su alrededor.	食べ物⁠の​こと⁠は​思いつき⁠ませ⁠ん⁠でし⁠た⁠！​{NAME:P1}​は\nすばやく​アリ⁠の​巣⁠の​入り口⁠まで​登り、​あたり⁠を​見回し⁠まし⁠た。	{NAME:P1} tidak terpikirkan hal itu! Dia memanjat dengan gesit\nke pintu sarang semut dan melihat-lihat ke sekelilingnya.	{NAME:P1} tidak terfikirkan hal itu! Dia mendaki dengan lincah\nke pintu busut semut dan memerhatikan keadaan sekeliling.	لم يخطر ذلك على بال {NAME:P1}! تسلّق برشاقة إلى فتحة عشّ النمل ونظر حوله.
boy.page.21	“That’s why I heard marching!” he thought,\nfollowing the ants who were collecting food.	«Так вот почему я слышал маршировку!» ‒ воскликнул он,\nнаблюдая за муравьями, которые несли еду.	„Deshalb habe ich die Marschiergeräusche gehört!“,\ndachte er und folgte den Ameisen, die Essen sammelten.	« C’est pour ça que j’ai entendu les pas ! »\npensa-t-il en suivant les fourmis qui récoltait la nourriture.	«Ecco perché sentivo marciare!»,\npensò, seguendo le formiche che stavano raccogliendo il cibo.	“Ah, então foi por isso que ouvi aqueles passos!”,\nele pensou, seguindo as formigas que estavam coletando comida.	“¡Es por eso que escuchaba tantos pasos marchando!”\npensó, yendo tras las hormigas que estaban recolectando comida.	「だから⁠行進​する​音⁠が​聞こえ⁠た​ん⁠だ⁠！」​{NAME:P1}​は​そう⁠思い⁠ながら、\n食べ物⁠を​集め⁠て​いる​アリ⁠の​後⁠を​つい⁠て​いき⁠まし⁠た。	“Itu sebabnya aku mendengar suara berbaris!” katanya dalam hati,\nsambil mengikuti para semut yang sedang mengumpulkan makanan.	“Itulah sebabnya saya dengar orang berkawat!”\ndia berfikir, mengikuti semut yang sedang mengumpulkan makanan.	”إذن هذا مصدر دبيب الأقدام الذي سمعته!“\nحدّث نفسه وهو يتبع النملات اللواتي يجمعن الطعام.
boy.page.22	{NAME:P1} climbed onto a bowl of strawberries.\n“Surely I’m strong enough to carry one of these,” he supposed.	{NAME:P1} забрался на миску с земляникой.\n«Я уж точно достаточно силён, чтобы поднять эти ягоды».	{NAME:P1} kletterte auf eine Schale Erdbeeren.\n„Bestimmt bin ich stark genug, eine davon zu tragen“, mutmaßte er.	{NAME:P1} grimpa sur un bol de fraises, et se dit :\n« Je suis sûr d’être assez fort pour en porter une. »	{NAME:P1} si arrampicò su una ciotola di fragole.\n«Di sicuro sono abbastanza forte da portare una di queste», si disse.	{NAME:P1} subiu em uma tigela de morangos.\n“Com certeza eu sou forte o suficiente para carregar um deles”, ele imaginou.	{NAME:P1} trepó a un cuenco con fresas.\n“Seguramente soy lo suficientemente fuerte para llevarlas”, barruntó.	{NAME:P1}​は​イチゴ⁠の​入っ⁠た​ボウル⁠に​登り⁠まし⁠た。​「きっと⁠僕⁠は、\nイチゴ⁠を​運べる⁠くらい​強い​ん⁠だ」​{NAME:P1}​は​そう⁠思い⁠まし⁠た。	{NAME:P1} menaiki mangkuk berisi stroberi.\n“Pasti aku cukup kuat untuk mengangkat ini,” pikirnya.	{NAME:P1} mendaki ke atas semangkuk strawberi. “Tentunya saya\ncukup kuat untuk membawa sebiji daripadanya,” dia mengagak.	تسلّق {NAME:P1} وعاء مليئًا بالفراولة.\nتصوّر في نفسه: ”لا بدّ أني قويّ كفاية لحمل ثمرة واحدة“.
boy.page.23	{NAME:P1} tried to pick up the smallest berry. But it wouldn’t budge.	{NAME:P1} попытался приподнять самую маленькую ягодку,\nно она и не сдвинулась с места.	{NAME:P1} versuchte, die kleine Beere aufzuheben.\nAber sie wollte sich nicht bewegen.	{NAME:P1} essaya de soulever la plus petite fraise.\nMais celle-ci ne bougea pas.	{NAME:P1} provò a sollevare\nla fragola più piccola. Ma quella non si mosse.	{NAME:P1} tentou pegar o menor moranguinho que viu,\nmas ele nem conseguia sair do lugar.	{NAME:P1} trató de recoger la más pequeña. Pero no se movió.	{NAME:P1}​は​一番​小さな⁠イチゴ⁠を​持ち上げよ⁠う⁠と​し⁠まし⁠た。\nしかし、​イチゴ⁠は​動き⁠ませ⁠ん。	{NAME:P1} mencoba mengambil buah beri yang terkecil.\nTapi buah beri itu tidak bergerak.	{NAME:P1} cuba mengangkat beri paling kecil.\nNamun beri itu tidak berganjak.	حاول {NAME:P1} حمل أصغر فراولة، لكنها لم تتزحزح.
boy.page.24	“Hey!” said a strong ant, climbing onto the bowl.\n“Run along back to the anthill! It’s about to storm!”	«Эй, ‒ крикнул ему сильный муравей, взобравшись на миску.\n‒ Беги-ка поскорей в муравейник! Сейчас польёт дождь!»	„Hey!“, sagte eine starke Ameisen, die gerade auf die Schale kletterte.\n„Schnell zurück zum Ameisenhügel! Es wird gleich einen Sturm geben!“	« Hé ! dit une grande fourmi en grimpant sur le bol.\nRedescend dans la fourmillière ! Un orage arrive ! »	«Ehi!», disse una formica forzuta che si arrampicava sulla ciotola.\n«Ritorna in fretta nel formicaio! Sta per arrivare un temporale!»	“Ei!”, disse uma formiga forte enquanto subia na tigela.\n“Volte correndo para o formigueiro! Vai cair uma tempestade!”	“¡Oye!”, dijo una fornida hormiga trepando al cuenco.\n“¡Corre de vuelta al hormiguero! ¡Va a arreciar una tormenta!”	「おい⁠！」​一⁠匹⁠の​強い​アリ⁠が​ボウル⁠の​上⁠に​登っ⁠て​き⁠まし⁠た。\n「アリ⁠の​巣⁠まで​逃げろ⁠！⁠嵐⁠が​来る⁠ぞ⁠！」	“Hey!” ujar seekor semut yang kuat, sambil memanjat ke mangkuk itu.\n“Larilah kembali ke sarang! Sebentar lagi turun badai!”	“Hei!” kata semut kuat, mendaki ke atas mangkuk.\n“Baliklah semula ke busut! Ribut akan berlaku tidak lama lagi!”	”أنتَ!“ صاحت نملة قويّة وهي تتسلّق إلى الوعاء:\n”عد إلى العشّ! ستهبّ عاصفة قريبًا!“
boy.page.25	{NAME:P1} tried to lift the strawberry again.\n“I just want to help,” he grunted.	{NAME:P1} сделал ещё одну попытку поднять ягоду земляники.\n«Я просто хочу помочь», ‒ пробормотал он.	{NAME:P1} versuchte erneut, die Erdbeere hochzuheben.\n„Ich wollte doch nur helfen“, grummelte er.	{NAME:P1} essaya à nouveau de soulever la fraise\net dit en grognant : « Je veux juste aider »	{NAME:P1} provò di nuovo a sollevare la fragola.\n«Voglio solo aiutare», grugnì.	{NAME:P1} tentou levantar o morango mais uma vez.\n“Eu só quero ajudar”, ele resmungou.	{NAME:P1} trató de levantar la fresa otra vez.\n“Sólo quiero ayudar”, refunfuñó.	{NAME:P1}​は​もう一度⁠イチゴ⁠を​持ち上げよ⁠う⁠と​し⁠まし⁠た。\n「ただ⁠手伝い⁠たい​ん⁠だ」​{NAME:P1}​は​言い⁠まし⁠た。	{NAME:P1} mencoba mengangkat lagi stroberi itu.\n“Aku hanya ingin membantu,” dia menggerutu.	{NAME:P1} cuba mengangkat strawberi itu lagi.\n“Saya cuma mahu membantu,” dia mendengus.	حاول {NAME:P1} حمل الفراولة مجددًا وهمهم: ”أريد المساعدة فحسب“.
boy.page.26	The strong ant easily picked up the berry.\n“The best way to help is to get out of the way. We are in a big…”	Сильный муравей легко взвалил ягоду на плечо.\n«Лучшая помощь – не мешать. Мы тут все очень…»	Die starke Ameise hob mit Leichtigkeit die Beere hoch. „Die beste Möglichkeit\nzu helfen, ist es, aus dem Weg zu gehen. Wir haben es…“	La grande fourmi souleva facilement la fraise. « La meilleure façon d’aider\nest de nous laisser travailler. Nous avons de gros… »	La formica forzuta sollevò facilmente la fragola.\n«Il modo migliore di aiutare è se ti togli di mezzo. Andiamo proprio di f…»	A formiga forte pegou o morango sem precisar de muito esforço.\n“A melhor forma de ajudar é saindo do caminho. A gente tem uma grande…”	La hormiga forzuda levantó la fresa fácilmente. “La mejor manera\nde ayudar es mantenerse fuera del camino. Tenemos un gran…”	強い​アリ⁠は​ヒョイッ⁠と​イチゴ⁠を​持ち上げ⁠まし⁠た。\n「一番⁠の​手助け⁠は、​じゃま⁠を​し⁠ない​こと⁠だ。​俺⁠たち⁠は​大きな…​」	Semut yang kuat itu mengangkat buah beri dengan mudah.\n“Cara terbaik untuk membantu adalah dengan minggir. Kami sedang…”	Semut kuat mengangkat beri itu dengan mudah. “Cara terbaik\nuntuk membantu adalah dengan pergi dari sini. Kami sedang bekerja keras…”	رفعت النملة القويّة الفراولة بسهولة وقالت:\n”ستكون مفيدًا جدًا إذا أفسحتَ لي الطريق. أمامنا الكثير من…“
boy.page.27	Suddenly the ant dropped his berry and bowed. “Your Majesty!”	Внезапно муравей сбросил ягоду\nобратно в миску и поклонился. «Ваше Величество!»	Plötzlich ließ die Ameise ihre Beere fallen und verbeugte sich. „Eure Majestät!“	Soudain la fourmi laissa tomber la fraise et se prosterna. « Votre Majesté ! »	Improvvisamente la formica lasciò cadere la fragola\ne s’inchinò. «Vostra Maestà!»	De repente, a formiga deixou seu morango cair e se curvou. “Sua Majestade!”	De repente, la hormiga dejó caer la fresa y se postró. “¡Su Majestad!”	突然、​アリ⁠は​イチゴ⁠を​落とし、\n​頭⁠を​下げ⁠まし⁠た。​「女王⁠様⁠！」	Tiba-tiba semut itu menjatuhkan beri yang diangkatnya,\nlalu membungkuk. “Yang Mulia!”	Tiba-tiba semut itu meletakkan berinya dan tunduk hormat. “Baginda Ratu!”	فجأةً أفلتت النملة ثمرتها وانحنت قائلةً: ”صاحبة الجلالة!“
boy.page.28	{NAME:P1} turned and saw an ant standing on the bowl behind him.\nThe ant was wearing a crown!	{NAME:P1} обернулся и увидел муравьиху,\nстоявшую позади него. Её голова была увенчана короной!	{NAME:P1} drehte sich um und sah eine Ameise,\ndie auf der Schale hinter ihm stand. Die Ameise trug eine Krone!	{NAME:P1} se retourna et vit une fourmi\nqui se tenait sur le bol derrière lui. La fourmi portait une couronne !	{NAME:P1} si girò e vide in piedi sulla ciotola\ndietro di sè una formica con una corona in testa!	{NAME:P1} se virou e percebeu que, atrás dele, na mesma tigela,\ntinha uma outra formiga. E ela estava usando uma coroa!	{NAME:P1} se dio vuelta y vio una hormiga parada en el cuenco,\ndetrás de él. ¡La hormiga lucía una corona!	{NAME:P1}​が​強い​アリ⁠の​後ろ⁠を​見る⁠と、​ボウル⁠の​上⁠に​1⁠匹⁠の\nアリ⁠が​立っ⁠て​い⁠まし⁠た。​その⁠アリ⁠は​王冠⁠を​かぶっ⁠て​い⁠まし⁠た⁠！	{NAME:P1} berbalik dan melihat seekor semut\nyang berdiri di mangkuk di belakangnya. Semut itu memakai mahkota!	{NAME:P1} berpaling dan melihat seekor semut berdiri\ndi atas mangkuk di belakangnya. Semut itu memakai mahkota!	استدار {NAME:P1} فإذا بنملة تعتلي الوعاء خلفه. كانت النملة ترتدي تاجًا!
boy.page.29	“Your Majesty!” {NAME:P1} cried, bowing low.	«Ваше Величество!» ‒ воскликнул {NAME:P1}, низко кланяясь.	„Eure Majestät!“, rief {NAME:P1} und verbeugte sich.	« Votre Majesté ! » cria {NAME:P1} en se prosternant à son tour.	«Vostra Maestà!», gridò {NAME:P1}, facendo un inchino.	“Sua Majestade!”, disse {NAME:P1}, curvando-se à rainha.	“¡Su majestad!”, exclamó {NAME:P1} inclinándose levemente.	「女王⁠様⁠！」​{NAME:P1}\nは​頭⁠を​下げ⁠て​言い⁠まし⁠た。	“Yang Mulia!” {NAME:P1} menangis, membungkuk dalam-dalam.	“Baginda Ratu!” {NAME:P1} terjerit, sambil menunduk penuh hormat.	”صاحبة الجلالة!“ هتف {NAME:P1} وانحنى بإجلال.
boy.page.30	“Hello, little ant. I am out choosing the food for my birthday menu.\nWhy do you look so sad? No one should be sad for my celebration.”	«Здравствуй, муравьишка. Я выбираю угощения для праздничного стола.\nА почему ты такой грустный? Никто не должен грустить в мой праздник».	„Hallo, kleine Ameise. Ich suche mir Essen für meine Feier aus.\nWarum schaust du so traurig? Niemand sollte bei meiner Feier traurig sein.“	« Bonjour, petit. Je suis en train de choisir mon menu d’anniversaire.\nPourquoi si triste ? Personne ne devrait être triste aujourd’hui. »	«Ciao, formichina. Sto scegliendo il cibo per il menù del mio compleanno.\nPerché sei così triste? Nessuno dovrebbe essere triste alla mia festa».	“Olá, formiguinha. Estou escolhendo os pratos para o cardápio do meu\naniversário. Mas por que essa cara toda triste? Não combina com a ocasião.”	“Hola, pequeña hormiga. Estoy eligiendo la comida del menú de mi\ncumpleaños. ¿Por qué estás triste? Nadie debería estar triste por mi fiesta”.	「こんにちは、​小さな⁠アリ⁠さん。​私⁠は​誕生⁠日⁠の​食べ物⁠を​選ん⁠で​いる​とこ\nろ​よ。​どうして⁠悲し⁠そう⁠な⁠の⁠？⁠私⁠の​お祝い⁠に​悲しい​顔⁠を​し⁠て⁠は​ダメ⁠よ」	“Hai, semut kecil. Aku keluar untuk memilih makanan menu ulang tahunku.\nMengapa kamu terlihat sedih sekali? Jangan ada yang sedih di perayaanku.”	“Helo, semut kecil. Saya mahu memilih makanan untuk menu hari lahir.\nKenapa kamu sedih? Tiada yang patut bersedih ketika hari lahir saya.”	”مرحبًا، أيها الشَيْصَبانُ الصغير. أنا أتجوّل لاختيار قائمة طعام لعيد ميلادي.\nلمَ تبدو حزينًا هكذا؟ لا ينبغي أن يحزن أي شَيْصَبانُ يومَ الاحتفال“.
boy.page.31	“B-but that’s just it,” {NAME:P1} tried to explain. “I want to help…”	«Н-но я просто… ‒ пробормотал {NAME:P1},\n‒ Я просто хотел помочь…»	„Aber das ist es ja“, versuchte {NAME:P1}\nzu erklären. „Ich möchte helfen…“	« M-mais c’est juste que,\nessaya d’expliquer {NAME:P1}. Je veux aider… »	«E-ecco, io…», provò a spiegare {NAME:P1}.\n«Vorrei dare una mano…»	“Ma-ma-mas é exatamente isso”,\n{NAME:P1} tentou explicar. “Eu quero ajudar…”	“Pp…ero, no es nada”, balbuceaba {NAME:P1}\ntratando de explicar. “Es que quiero ayudar…”	「で、​でも、​悲しい​ん⁠です」​{NAME:P1}​は\n説明​しよ⁠う⁠と​し⁠まし⁠た。​「お手伝い⁠が​し⁠たくっ⁠て…​」	“T-tapi itulah,” {NAME:P1} mencoba menjelaskan. “Saya ingin membantu…”	“T-tapi itulah,” {NAME:P1} cuba menerangkan. “Saya mahu membantu…”	حاول {NAME:P1} أن يشرح: ”ال-الأمر هو أنّي… أودّ تقديم المساعدة فحسب“.
boy.page.32	Suddenly a gust of wind blew the queen’s crown right off of her head!	Внезапно порыв ветра сорвал корону с головы Королевы!	Plötzlich stieß ein Windstoß die Krone der Königin von ihrem Kopf!	Soudain une bourrasque de vent souffla\net partit avec la couronne de la reine !	Improvvisamente una folata di vento fece volare via la corona della regina!	De repente, uma rajada de vento passou por ali e a coroa,\nque estava na cabeça da rainha, saiu voando pelos ares!	De repente, ¡una ráfaga de viento arrebató la corona de la cabeza de la reina!	その⁠とき​突然、​強い​風⁠が​吹い⁠て​き⁠て、\n女王⁠の​王冠⁠を​頭⁠から​吹き飛ばし⁠まし⁠た⁠！	Tiba-tiba embusan angin melepaskan mahkota dari kepala sang ratu!	Tiba-tiba deruan angin meniup mahkota\npermaisuri hingga jatuh dari kepalanya!	فجأةً، هبّت ريحٌ قويّة وأوقعت التاج من على رأس الملكة!
boy.page.33	“Oh no!” she cried. “My crown! We can’t celebrate without it!”	«О, нет! ‒ вскричала она. ‒ Моя корона!\nБез неё праздник не сможет состояться!»	„Oh nein!“, rief sie. „Meine Krone! Ohne sie können wir nicht feiern!“	« Oh non ! cria-t-elle. Ma couronne !\nLa fête ne peut pas avoir lieu sans elle ! »	«Oh no!», gridò. «La mia corona!\nNon possiamo iniziare i festeggiamenti senza la corona!»	“Ah, não!”, exclamou a rainha. “Minha coroa! Sem ela, não tem celebração!”	“¡Oh, no!”, exclamó la reina. “¡Mi corona! No puedo ir a la fiesta sin ella”.	「大変⁠！」​女王⁠は​叫び⁠まし⁠た。​「私⁠の​王冠⁠！\n王冠⁠が​ない⁠と​お祝い​でき⁠ない⁠わ⁠！」	“Oh tidak!” dia berteriak. “Mahkotaku!\nKita tidak bisa merayakannya tanpa mahkota itu!”	“Oh tidak!” dia terjerit. “Mahkota saya!\nKita tidak dapat mengadakan sambutan tanpa mahkota!”	”يا إلهي!“ صاحت الملكة: ”تاجي! لا يمكننا الاحتفال بدونه!“
boy.page.34	The crown rolled on the ground and fell right into a crack.	Корона покатилась по земле и свалилась прямо в расщелину.	Die Krone kullerte über den Boden und fiel direkt in eine Spalte.	La couronne roula sur le sol et tomba dans une crevasse.	La corona rotolò per terra e cadde in una crepa.	A coroa enfim despencou no chão,\nmas foi rolando até cair bem em uma fenda.	La corona rodó por el suelo y cayó en una grieta.	王冠⁠は​地面⁠を​コロコロ⁠と​転がり、\n​ひび割れ⁠の​中⁠に​落ち⁠まし⁠た。	Ratu terguling di tanah dan terjatuh ke dalam celah.	Mahkota itu bergolek di atas tanah dan terjatuh ke dalam rekahan tanah.	تدحرج التاج على الأرض وسقط في شقّ ضيّق.
boy.page.35	The queen was shocked. “Oh! How can I get it without soiling my cape?”	Королева была дико расстроена.\n«Ой! Как же мне достать её, не испачкав мой наряд?»	Die Königin war schockiert. „Oh! Wie kann ich sie zurückholen,\nohne meinen Umhang zu verschmutzen?“	La reine était choquée.\n« Oh ! Comment puis-je la récupérer sans salir ma cape ? »	La regina era sconvolta. «Oh! Come faccio a prenderla\nsenza sporcarmi il mantello?»	A rainha ficou chocada. “Ah, não!\nE agora, o que farei para pegá-la sem sujar toda a minha capa?”	La reina quedó patitiesa.\n“¡Oh! ¿Cómo puedo recuperarla sin ensuciar mi capa?”	女王⁠は​ひどく​悲しみ⁠まし⁠た。​「ああ⁠！\nどう⁠し⁠たら​ローブ⁠を​汚さ⁠ず⁠に​取り​だせる⁠かしら⁠？」	Ratu terkejut. “Oh! Bagaimana aku bisa\nmengambilnya tanpa mengotori mantelku?”	Permaisuri amat terkejut. “Oh! Bagaimana saya\ndapat mengambilnya tanpa mengotorkan mantel saya?”	قالت الملكة مصدومةً: ”يا للأسف! كيف سأستردّه دون تلويث ردائي؟“
boy.page.36	{NAME:P1} said, “I’ll get it!”	«Я достану её для вас», ‒ промолвил {NAME:P1}.	{NAME:P1} sagte: „Ich hole sie!“	{NAME:P1} dit : « Je m’en occupe ! »	{NAME:P1} disse: «La prendo io!»	{NAME:P1} não perdeu tempo e foi logo dizendo: “deixe comigo!”	{NAME:P1} proclamó, “¡Yo la recuperaré!”	{NAME:P1}​は​言い⁠まし⁠た。​\n「僕⁠が​取っ⁠て​き⁠ます⁠！」	{NAME:P1} berkata, “Biar saya ambilkan!”	{NAME:P1} berkata, “Saya akan mengambilnya!”	قال {NAME:P1}: ”أنا سأحضره!“
boy.page.37	“Step aside!” {NAME:P1} was pushed by a big ant.\n“You are too young for such things.”	«Посторонись-ка! ‒ большой муравей оттолкнул {NAME:P4}.\n‒ Ты ещё слишком мал для этого».	„An die Seite!“ {NAME:P1} wurde von einer\ngroßen Ameise weggestoßen. „Du bist zu jung für solche Dinge.“	« Écarte-toi, dit une grande fourmi\nen poussant {NAME:P1}. Tu es trop jeune. »	«Spostati!», disse una grossa formica urtando {NAME:P1}.\n«Sei troppo giovane per queste cose».	Mas, logo em seguida, uma formiga grande apareceu e deu um empurrão\nno {NAME:P1}. “Sai fora! Você é novo demais para essas coisas.”	“¡Apártate!” Una hormiga enorme empujó a {NAME:P1}.\n“Tú eres demasiado joven para eso”.	「さがっ⁠て⁠！」​大きな⁠アリ⁠が​{NAME:P1}​を​押し⁠まし⁠た。\n「そんな⁠こと⁠を​する​の⁠は、​君⁠に⁠は​まだ⁠ムリ⁠だ」	“Minggir!” {NAME:P1} didorong oleh seekor semut besar.\n“Kamu terlalu muda untuk melakukan hal seperti itu.”	“Beri laluan!” {NAME:P1} ditolak oleh semut besar.\n“Kamu terlalu muda untuk tugas-tugas begini.”	”تنحي جانبًا!“ دفعت النملة الكبيرة {NAME:P1} وقالت:\n”لا تزال صغيرًا جدًا على هذه الأمور“.
boy.page.38	The big ant tried to climb into the crack, but…	Муравей попытался залезть в расщелину, но…	Die große Ameise versuchte, in die Spalte zu klettern, aber…	La grande fourmi essaya de se glisser à travers la crevasse, mais…	La grossa formica provò a calarsi nella crepa, ma…	A formiga grande tentou entrar na fenda, mas…	La hormiga enorme trato de descender por la grieta pero…	大きな⁠アリ⁠は​割れ目⁠に​入ろう⁠と​し⁠まし⁠た⁠が…	Semut besar itu mencoba naik ke dalam celah, namun…	Semut besar cuba memanjat turun ke dalam rekahan, tetapi…	حاولت النملة الكبيرة التسلّل إلى الشقّ، لكن…
boy.page.39	“Your Majesty, I’m afraid I can’t do it. I don’t fit in the crack.”	«Ваше Величество, боюсь, я не могу это сделать. Я не пролажу».	„Eure Majestät, ich befürche, ich schaffe es nicht.\nIch passe nicht in die Spalte.“	« Votre majesté, j’ai bien peur d’en être incapable.\nJe ne passe pas dans la crevasse. »	«Vostra Maestà, temo di non riuscirci. La crepa è troppo stretta».	“Sua Majestade, infelizmente não será possível ajudá-la.\nA fenda é estreita demais para o meu tamanho.”	“Su Majestad, me temo que no puedo buscarla. No entro en la grieta”.	「女王⁠様、​残念⁠ながら​私⁠に⁠は​ムリ⁠です。\n​割れ目⁠に​入れ⁠ませ⁠ん」	“Yang Mulia, rasanya saya tidak bisa melakukannya.\nSaya tidak muat di celah itu.”	“Baginda Ratu, saya rasa saya tidak dapat melakukannya.\nSaya tidak dapat masuk ke dalam rekahan.”	”اعذريني جلالتكِ، أعجز عن إنجاز هذه المهمة. لا يمكنني دخول الشقّ“.
boy.page.40	“I will try!” declared {NAME:P1}.	«Можно, я попробую?» ‒ спросил {NAME:P1}.	„Ich versuche es!“, erklärte {NAME:P1}.	« Je vais essayer ! » déclara {NAME:P1}.	«Ci provo io!», annunciò {NAME:P1}.	“Eu vou tentar!”, afirmou {NAME:P1}.	“¡Yo lo intentaré!”, clamó {NAME:P1}.	「僕⁠が​やり⁠ます⁠！」​{NAME:P1}\nは​きっぱり⁠と​言い⁠まし⁠た。	“Biar saya coba!” tegas {NAME:P1}.	“Saya akan cuba!” tegas {NAME:P1}.	أعلنَ {NAME:P1}: ”أنا سأحاول!“
boy.page.41	“Look! I got through! I will find it!”	«Смотрите, я могу пролезть. Думаю, у меня получится!»	„Schaut, ich passe durch! Ich werde sie finden!“	« Regardez ! J’arrive à passer ! Je vais la trouver ! »	«Guarda! Ci passo! La troverò!»	“Vejam só! Consegui entrar! Vou encontrar sua coroa!”	“¡Miren! ¡Pude pasar! ¡La encontraré!”	「見⁠て⁠！⁠入れ⁠た⁠よ⁠！⁠ぜったい⁠見つける⁠ぞ⁠！」	“Lihat! Aku bisa masuk! Aku akan mencarinya!”	“Lihat! Saya boleh masuk! Saya akan cari mahkota tuanku!”	”رأيتم! يمكنني المرور! سأجده حتمًا!“
boy.page.42	{NAME:P1} went down into the crack and looked around.	{NAME:P1} спустился в расщелину и огляделся.	{NAME:P1} kletterte in die Spalte und schaute sich um.	{NAME:P1} passa de l’autre côté\nde la crevasse et regarda autour de lui.	{NAME:P1} si calò nella crepa e si guardò intorno.	{NAME:P1} desceu pela fenda e seguiu em busca da coroa.	{NAME:P1} se sumergió en la grieta y buscó a su alrededor.	{NAME:P1}​は​割れ目⁠に​入っ⁠て、\n​あたり⁠を​見回し⁠まし⁠た。	{NAME:P1} turun dan masuk ke dalam celah dan melihat-lihat.	{NAME:P1} turun ke dalam rekahan dan melihat sekeliling.	نزل {NAME:P1} في الشقّ وراح يبحث عن التاج.
boy.page.43	Above the crack the queen waited for news. Would {NAME:P1} be able\nto save the celebration and bring back the crown?	Стоя наверху, Королева ожидала новостей.\nПолучится ли у {NAME:P2} спасти праздник и вернуть корону?	Oberhalb der Spalte wartete die Königin auf Neuigkeiten.\nKonnte {NAME:P1} die Feier retten und die Krone zurückbringen?	Au dessus de la crevasse, la reine attendait. {NAME:P1} serait-il\ncapable de sauver sa fête d’anniversaire et de lui ramener sa couronne ?	Da fuori la regina aspettava notizie. Riuscirà {NAME:P1} a salvare\ni festeggiamenti e a riprendere la corona?	Acima da fenda, a rainha aguardava notícias. Será que o {NAME:P1}\nconseguiria salvar a celebração e trazer a coroa de volta?	Fuera de la grieta, la reina esperaba novedades.\nEs que, ¿podría {NAME:P1} recuperar la corona y salvar la celebración?	割れ目⁠の​上⁠で⁠は​女王⁠が​知らせ⁠を​待っ⁠て​い⁠まし⁠た。​{NAME:P1}​は\n王冠⁠を​取り戻し、​お祝い⁠を​する​こと⁠が​できる⁠でしょ⁠う⁠か⁠？	Di atas celah itu sang ratu menunggu kabar. Akankah {NAME:P1} mampu\nmenyelamatkan perayaan ulang tahunnya dan membawa kembali mahkotanya?	Di atas sana permaisuri menunggu berita. Dapatkah {NAME:P1}\nmemastikan sambutan itu berjalan dan mengembalikan mahkota?	انتظرت الملكة بصبر أمام الشقّ.\nهل سيتمكّن {NAME:P1} من إعادة التاج وإنقاذ الحفل الملكيّ؟
boy.page.44	And then his hand came out! The queen was overjoyed!	И тут на поверхности земли показалась рука муравьишки!\nКоролева была в восторге!	Und dann kam seine Hand zum Vorschein! Die Königin war überglücklich!	Sa main ressortit de la crevasse ! La reine débordait de joie !	E poi la sua mano spuntò dalla crepa! La regina era piena di gioia!	Foi quando a mão dele apareceu na abertura da fenda!\nA rainha ficou radiante!	¡Y fue entonces que emergió su mano! ¡La reina estaba exultante!	すると、​{NAME:P1}​の​手⁠が​出⁠て​き⁠まし⁠た⁠！\n⁠女王⁠は​とても⁠喜び⁠まし⁠た⁠！	Dan kemudian tangan si semut kecil itu muncul!\nSang Ratu bukan main senangnya!	Seketika kemudian tangannya keluar dari rekahan! Permaisuri amat gembira!	وفي تلك اللّحظة، خرجت يده من الشقّ! شعرت الملكة بسعادة غامرة!
boy.page.45	“Here Your Majesty. The crown is fine.”	«Держите, Ваше Величество. Корона в порядке».	„Hier, Eure Majestät. Die Krone ist unbeschädigt.“	« Et voilà, Votre Majesté. La couronne est en parfait état. »	«Ecco, Vostra Maestà. La corona è salva».	“Aqui está, Sua Majestade. A coroa está intacta.”	“Aquí está, Su Majestad. La corona está a salvo”.	「さあ​どうぞ、​女王⁠様。​王冠⁠は​無事⁠です」	“Ini Yang Mulia. Mahkotanya baik-baik saja.”	“Ini Baginda Ratu. Mahkota tuanku tidak rosak.”	”انظري يا صاحبة الجلالة. التاج بخير“.
boy.page.46	“Oh! Thank you very much, {NAME:P1}. You saved the celebration.”	«О, огромное тебе спасибо, {NAME:P1}! Ты спас мой праздник».	„Oh! Vielen Dank, {NAME:P1}. Du hast die Feier gerettet.“	« Oh ! Merci mille fois, {NAME:P1}. Tu as sauvé la fête. »	«Oh! Grazie mille, {NAME:P1}. Hai salvato i festeggiamenti».	“Ah! Muito obrigada, {NAME:P1}. Você salvou a celebração!”	“¡Oh! Muchas gracias, {NAME:P1}. Tú salvaste la fiesta”.	「ああ⁠！⁠本当に⁠ありがとう、​{NAME:P1}。\nあなた⁠は​お祝い⁠の​場⁠を​救っ⁠て​くれ⁠た⁠の⁠よ」	“Oh! Terima kasih banyak, {NAME:P1}.\nKamu sudah menyelamatkan perayaan ulang tahunku.”	“Oh! Terima kasih banyak, {NAME:P1}.\nKamu memastikan sambutan dapat berjalan.”	”يا إلهي! شكرا جزيلاً لكَ يا {NAME:P1}. لقد أنقذتَ الحفل الملكيّ“.
boy.page.47	“Hm. I think you deserve a reward.\nI will let you sit next to me and eat the most delicious royal food.”	«Я думаю, ты заслуживаешь награду. Я позволю тебе сесть рядом со мной\nи попробовать самую изысканную королевскую еду».	„Hm. Ich glaube, du verdienst eine Belohnung.\nDu darfst neben mir sitzen und vom leckersten königlichen Essen kosten.“	« Hum… Je pense que tu mérites une récompense. Je vais te laisser\nt’asseoir à côté de moi pour déguster la délicieuse nourriture royale. »	«Hm. Penso che ti meriti un premio. Ti farò sedere vicino a me\ne mangerai il cibo più buono riservato alla famiglia reale».	“Humm. Acho que você merece uma recompensa. Vou deixar que você\nse sente ao meu lado e aproveite a comida mais deliciosa da realeza!”	“Mmm. Creo que mereces una recompensa. Te dejaré sentarte\na mi lado y comer los deliciosos manjares reales”.	「そう⁠ね、​ご⁠褒美⁠を​あげる⁠わ。​私⁠の​となり⁠に​座ら⁠せ⁠て​あげ⁠て、\n一番​おいしい​女王⁠用⁠の​料理⁠を​食べ⁠させ⁠て​あげる⁠わ」	“Hm. Kupikir kamu layak mendapatkan hadiah. Nanti kamu duduk\ndi sampingku dan menikmati makanan kerajaan yang paling enak.”	“Hm. Saya fikir kamu wajar menerima ganjaran. Saya akan benarkan kamu\nduduk di sebelah saya dan makan makanan diraja yang paling lazat.”	”حسنًا. أعتقد أنكَ تستحق مكافأة.\nسأدعكَ تجلس بجانبي وتأكل أشهى الأطعمة الملكيّة“.
boy.page.48	{NAME:P1} was very happy. But he was even more happy\nbecause he knew that small ants could be useful too.	{NAME:P1} был вне себя от счастья. Но ещё большую радость\nему доставляло то, что маленькие муравьи тоже могут приносить пользу.	{NAME:P1} war überglücklich. Aber es erfreute ihn noch mehr,\nweil er wusste, dass kleine Ameisen auch eine Hilfe sein konnten.	{NAME:P1} était très heureux. Mais sa joie grandissait en se disant\nque même les petites fourmis pouvaient se montrer très utiles.	{NAME:P1} era felicissimo. Ma era ancora più felice perché sapeva\nche anche le formiche più piccole potevano essere d’aiuto.	{NAME:P1} ficou tão feliz! E ainda mais porque, agora, ele sabia\nque até as formiguinhas pequenas poderiam ser úteis de alguma forma.	{NAME:P1} estaba muy contento. Pero estaba más contento aún\npor haber demostrado que las hormigas pequeñas también pueden ser útiles.	{NAME:P1}​は​とても⁠喜び⁠まし⁠た。​そして、​小さな⁠アリ⁠も​役に\n立つ​こと⁠が​わかっ⁠た⁠ので、​もっと⁠うれしく​なり⁠まし⁠た。	{NAME:P1} pun sangat senang. Namun dia lebih senang lagi\nkarena dia tahu bahwa semut kecil pun bisa berguna.	{NAME:P1} berasa amat gembira. Namun dia lebih gembira lagi\nkerana dia tahu semut kecil pun berguna juga.	كان {NAME:P1} سعيدًا جدًا، لكنّه شعر بفخر أكبر\nلأنه أثبت أنّ الشَيْصَبانُ الصغار مفيدون أيضًا.
girl.description	No one looked up to the little ant. They all thought that she\ncouldn’t do anything. She was too little to help. But were\nthe other ants right? Don’t forget that first impressions\nare often misleading.	Никто не хотел считаться с маленькой муравьишкой,\nпотому что все думали, что она ни на что не способна.\nНо были ли обитатели муравейника правы? Ведь первое\nвпечатление может быть обманчивым.	Alle übergingen die kleine Ameise, und sie trauten ihr\nnichts zu. Sie war zu klein, um zu helfen. Aber hatten\ndie anderen Ameisen recht? Vergiss nie, dass der erste\nEindruck täuschen kann.	Personne ne respectait la petite fourmi. Ils pensaient\nqu’elle était trop petite pour aider. Mais les autres fourmis\navaient-elles raison ? N’oubliez pas que les apparences\npeuvent être trompeuses.	Nessuno ammirava la formichina. Pensavano tutti\nche non sapesse fare niente. Era troppo piccola per aiutare.\nMa avevano ragione le altre formiche? Non dimenticare\nche le prime impressioni spesso ingannano.	Ninguém dava a mínima para a formiguinha. Todas\nas outras formigas achavam que ela era pequena demais\npara ajudar. Mas será que elas estavam certas?\nNem sempre a primeira impressão condiz com a realidade.	Nadie valoraba a la pequeña hormiga. Todos pensaban\nque no podía hacer nada. Era demasiado pequeña\npara colaborar. Pero, ¿tenían razón las otras hormigas?\nNunca olvides que la primera impresión suele ser falaz.	小さなアリに期待する者はいません。みんな、小さすぎるアリは何もできないと思っていました。本当にそうでしょうか？第一印象はしばしば誤解を招くことをお忘れなく。	Tidak ada yang menghargai semut kecil itu. Mereka semua mengira dia tidak bisa apa-apa. Dia juga terlalu kecil untuk membantu. Tetapi apakah semut-semut lainnya benar? Jangan lupa, kesan pertama sering menipu.	Tiada sesiapa memandang tinggi kepada semut kecil. Semut lain fikir dia tidak dapat berbuat apa-apa. Dia terlalu kecil untuk membantu. Betulkah kata semut lain? Jangan lupa tanggapan pertama selalunya tersilap.	لم يحترم أحدٌ النملة الصغيرة. فبسبب حجمها الضئيل جدًا، ظنّها الجميع عاجزةً عن إنجاز أيّ مهمّة أو تقديم أيّ مساعدة. فهل كانت النّملات الأخريات على حقّ؟ تذكّروا أنّ المظاهر خدّاعة في أغلب الأحيان.
girl.description.iphone	No one looked up to the little ant. They all thought that she couldn’t do\nanything. She was too little to help. But were the other ants right?\nDon’t forget that first impressions are often misleading.	Никто не хотел считаться с маленькой муравьишкой, потому что\nвсе думали, что она ни на что не способна. Но были ли обитатели\nмуравейника правы? Ведь первое впечатление может быть обманчивым.	Alle übergingen die kleine Ameise, und sie trauten ihr nichts zu.\nSie war zu klein, um zu helfen. Aber hatten die anderen Ameisen recht?\nVergiss nie, dass der erste Eindruck täuschen kann.	Personne ne respectait la petite fourmi. Ils pensaient qu’elle était trop\npetite pour aider. Mais les autres fourmis avaient-elles raison ?\nN’oubliez pas que les apparences peuvent être trompeuses.	Nessuno ammirava la formichina. Pensavano tutti che non sapesse\nfare niente. Era troppo piccola per aiutare. Ma avevano ragione le altre\nformiche? Non dimenticare che le prime impressioni spesso ingannano.	Ninguém dava a mínima para a formiguinha. Todas as outras formigas\nachavam que ela era pequena demais para ajudar. Mas será que elas\nestavam certas? Nem sempre a primeira impressão condiz com a realidade.	Nadie valoraba a la pequeña hormiga. Todos pensaban que no podía hacer\nnada. Era demasiado pequeña para colaborar. Pero, ¿tenían razón las otras\nhormigas? Nunca olvides que la primera impresión suele ser falaz.	小さなアリに期待する者はいません。みんな、小さすぎるアリは何もできないと思っていました。本当にそうでしょうか？第一印象はしばしば誤解を招くことをお忘れなく。	Tidak ada yang menghargai semut kecil itu. Mereka semua mengira dia tidak bisa apa-apa. Dia juga terlalu kecil untuk membantu. Tetapi apakah semut-semut lainnya benar? Jangan lupa, kesan pertama sering menipu.	Tiada sesiapa memandang tinggi kepada semut kecil. Semut lain fikir dia tidak dapat berbuat apa-apa. Dia terlalu kecil untuk membantu. Betulkah kata semut lain? Jangan lupa tanggapan pertama selalunya tersilap.	لم يحترم أحدٌ النملة الصغيرة. فبسبب حجمها الضئيل جدًا، ظنّها الجميع عاجزةً عن إنجاز أيّ مهمّة أو تقديم أيّ مساعدة. فهل كانت النّملات الأخريات على حقّ؟ تذكّروا أنّ المظاهر خدّاعة في أغلب الأحيان.
girl.page.1	{NAME:P1} the ant woke up to the sound of marching overhead.\nShe rubbed her sleepy eyes. Where was everyone going?	Муравьишка {NAME:P1} проснулась от громких звуков марширующих\nног над головой. Она потёрла заспанные глаза. Куда это все идут?	Marschiergeräusche über ihr weckten {NAME:P1} die Ameise auf.\nSie rieb sich ihre schläfrigen Augen. Wo gingen alle hin?	{NAME:P1} la fourmi se réveilla au bruit de pas bruyants au dessus d’elle.\nFatiguée, elle se frotta les yeux. Mais où allaient-ils tous ?	La formichina {NAME:P1} si svegliò sentendo rumore di piedi in marcia.\nSi strofinò gli occhi assonnata. Dove stavano andando tutti?	Ainda era cedo quando {NAME:P1}, a formiguinha, acordou com um som\nde passos. Sonolenta, ela pensou: “mas para onde está indo todo mundo?”	La hormiga {NAME:P1} despertó con el repiqueteo de pasos marchando\nsobre su cabeza. Somnolienta, se restregó los ojos. ¿A dónde iban todos?	アリ⁠の​{NAME:P1}​は、​行進​する​足音⁠を​聞い⁠て​目⁠を​覚まし⁠まし⁠た。\n{NAME:P1}​は​眠い​目⁠を​こすり⁠まし⁠た。​みんな​どこ⁠へ​行く​の⁠でしょ⁠う⁠？	{NAME:P1} si semut terbangun karena suara berbaris di atas kepalanya.\nDia menggosok matanya yang mengantuk. Mau ke mana mereka semua?	{NAME:P1} si semut terjaga oleh bunyi berkawat di atas kepalanya.\nDia menggosok mata yang mengantuk. Ke mana semua semut mahu pergi?	استيقظت النملةُ {NAME:P1} على صوت أقدامٍ تدبّ فوق الأرض.\nفَركت عينيها الناعستين. يا ترى أين يذهب الجميع؟
girl.page.2	From her anthill bedroom, she heard the ant choir singing. It was\nthe queen’s birthday celebration song! {NAME:P1} jumped out of bed.	В её спальню в муравейнике доносилось пение хора. Это была песня\nв честь дня рождения Королевы! {NAME:P1} подскочила с кровати.	Von ihrem Schlafzimmer aus hörte sie den Chor singen. Es war das Lied\nzur Geburtstagsfeier der Königin! {NAME:P1} sprang aus dem Bett.	Depuis sa chambre, elle entendait la chorale de fourmis. C’était le chant\nde célébration de la reine fourmi ! {NAME:P1} sauta du lit.	Dalla camera nel formicaio, sentiva le formiche cantare in coro.\nEra la canzone per il compleanno della regina! {NAME:P1} balzò dal letto.	Do seu quarto, ela ouvia um coro de formigas cantando. Era a música\nde celebração para o aniversário da rainha! {NAME:P1} pulou da cama.	Desde su habitación en el hormiguero escuchó cantar a las hormigas.\n¡Era la canción de cumpleaños de la reina! {NAME:P1} saltó de la cama.	アリ⁠の​巣⁠の​寝室⁠の​外⁠から、​アリ⁠の​合唱⁠が​聞こえ⁠て​き⁠まし⁠た。​それ⁠は\n女王⁠の​誕生⁠日⁠を​祝う​歌⁠でし⁠た⁠！​{NAME:P1}​は​ベッド⁠から​飛び起き⁠まし⁠た。	Dari kamarnya di sarang semut, dia mendengar paduan suara semut.\nLagu perayaan ulang tahun ratu! {NAME:P1} loncat dari tempat tidurnya.	Dari bilik tidurnya di busut semut, dia mendengar koir menyanyi.\nItu lagu sambutan hari lahir permaisuri! {NAME:P1} melompat dari katil.	سمعت من غرفتها في عشّ النمل غناء الجوقة الموسيقيّة.\nإنها أنشودة الاحتفال بعيد ميلاد الملكة! نَهضت {NAME:P1} بحماس من الفراش.
girl.page.3	She ran in the direction of the music. Was it already the queen’s birthday?	Она помчалась в направлении, откуда была слышна музыка.\nЭто что, сегодня уже день рождения Королевы?	Sie rannte in Richtung der Musik.\nWar denn schon der Geburtstag der Königin?	Elle courut en direction de la musique.\nEst-ce que c’était déjà l’anniversaire de la reine ?	Corse in direzione della musica. Era già il compleanno della regina?	E saiu correndo na direção da música.\nSerá que já era o dia do aniversário da rainha?	Corrió hacia la música. ¿Era ya el cumpleaños de la reina?	{NAME:P1}​は​歌⁠が​聞こえる​方⁠へ​走っ⁠て​いき⁠まし⁠た。\n今日⁠は​女王⁠の​誕生⁠日⁠な​の⁠でしょ⁠う⁠か⁠？	Dia berlari ke arah sumber musik itu. Apakah hari ini ulang tahun sang Ratu?	Dia berlari ke arah muzik itu. Adakah hari lahir permaisuri sudah tiba?	ركضت باتجاه مصدر الموسيقى. هل هو عيد ميلاد الملكة فعلاً؟
girl.page.4	{NAME:P1} bumped straight into a big,\nstrong ant carrying a whole leaf by himself.	На бегу {NAME:P1} наткнулась на большого, сильного муравья,\nв одиночку тащившего огромный лист.	{NAME:P1} stieß direkt mit einer großen,\nstarken Ameise zusammen, die ganz allein ein Blatt trug.	{NAME:P1} se cogna contre une grande\net impressionnante fourmi qui portait à lui seul une feuille entière.	{NAME:P1} urtò contro una grossa formica forzuta\nche portava una grossa foglia tutta da sola.	No caminho, {NAME:P1} deu de cara com uma formiga grande e forte,\nque estava carregando uma folha inteira sozinha.	{NAME:P1} chocó de frente contra una hormiga grande y fuerte,\nque llevaba, ella sola, una hoja entera.	{NAME:P1}​は、​大きな⁠葉っぱ⁠を​運ん⁠で​いる\n大きく⁠て​強⁠そう⁠な​アリ⁠に​ぶつかり⁠まし⁠た。	{NAME:P1} menyenggol seekor semut besar\ndan kuat yang menggotong sehelai daun utuh sendirian.	{NAME:P1} bertembung dengan seekor semut besar\ndan kuat sedang mengangkat sehelai daun seorang diri.	اصطدمت {NAME:P1} بنملة ضخمة قويّة تحمل ورقة شجرٍ كاملة بمفردها.
girl.page.5	“Sorry about that!” {NAME:P1} said. “Is today the queen’s birthday?”	«Прошу прощения, ‒ сказала {NAME:P1}.\n‒ А сегодня, что, день рождения Королевы?»	„Tut mir leid!“, sagte {NAME:P1}. „Ist heute der Geburtstag der Königin?“	« Désolé ! dit {NAME:P1}.\nEst-ce que l’anniversaire de la reine est aujourd’hui ? »	«Scusa!», disse {NAME:P1} . «È oggi il compleanno della regina?»	“Ops, desculpe!”, disse {NAME:P1}. “É hoje o aniversário da rainha?”	“¡Disculpa!”, exclamó {NAME:P1}. “¿Es hoy el cumpleaños de la reina?”	「ごめんなさい⁠！」​{NAME:P1}​は​言い⁠まし⁠た。\n「今日⁠は​女王⁠様⁠の​誕生⁠日⁠な⁠の⁠？」	“Maaf!” kata {NAME:P1}. “Apakah hari ini ulang tahunnya Ratu?”	“Maaf sebab terlanggar!” {NAME:P1} berkata.\n“Adakah hari ini hari lahir permaisuri?”	”آسفة!“ اعتذرت {NAME:P1} ثم سألت: ”هل اليوم عيد ميلاد الملكة؟“
girl.page.6	“No, thank goodness,” replied the big ant. “Her birthday is tomorrow.\nNow scurry along. I must get this leaf to the chariot-building chamber.”	«Слава Богу, нет, ‒ ответил муравей. ‒ Её день рождения завтра.\nА сейчас посторонись-ка. Мне нужно отнести этот лист в мастерскую».	„Nein, zum Glück nicht“, erwiderte die große Ameise. „Ihr Geburtstag\nist morgen. Geh weiter. Ich muss dieses Blatt in die Baukammer bringen.“	« Non, dieu merci, répondit la grande fourmi. C’est demain. Maintenant\nécarte-toi. Je dois livrer cette feuille pour la construction des chars. »	«No, grazie al cielo», rispose l’altra formica. «È domani. Ora spostati.\nDevo portare questa foglia nella stanza dove costruiscono le carrozze».	“Não, graças a Deus”, respondeu a formigona. “O aniversário é só amanhã.\nAgora, sai fora! Preciso levar essa folha para a oficina de carruagens.”	“No, por suerte”, replicó la hormiga. “Su cumpleaños es mañana.\nApártate. Tengo que llevar esta hoja al taller de construcción de carruajes”.	「違う⁠よ」​大きな⁠アリ⁠は​言い⁠まし⁠た。​「女王⁠様⁠の​誕生⁠日⁠は​明日⁠だ⁠よ。\nさあ、​急が⁠ない⁠と。​この⁠葉っぱ⁠を​馬車⁠作り⁠の​部屋⁠に​持っ⁠て​いか⁠なく⁠ちゃ」	“Belum, untungnya,” si semut besar menjawab. “Ulang tahun beliau besok.\nSekarang lekaslah. Aku harus membawa daun ini ke ruang pembuatan kereta.”	“Syukurlah bukan,” balas si semut besar. “Hari lahirnya esok. Sekarang cepat\nbergerak. Saya mesti bawa daun ini ke bilik membuat kereta kuda.”	أجابت النملة الكبيرة: ”كلا لحسن الحظ، عيد ميلادها غدًا.\nتحرّكي الآن، عليّ إيصال هذه الورقة إلى حجرة بناء العربات“.
girl.page.7	“May I help you?” asked {NAME:P1}.\n“I’m a very good helper! Is there anything I can do?”	«А можно вам помочь? ‒ спросила {NAME:P1}.\n‒ Я очень хорошая помощница. Что я могу сделать?»	„Kann ich dir helfen?“, fragte {NAME:P1}.\n„Ich bin eine gute Helferin! Gibt es etwas, das ich tun kann?“	« Je peux t’aider ? demanda {NAME:P1}. Je peux être très utile !\nEst-ce que je peux faire quelque chose ? »	«Posso aiutarti?», chiese {NAME:P1}.\n«Sono un’ottima aiutante! C’è qualcosa che posso fare?»	“Posso te ajudar?”, perguntou {NAME:P1}. “Eu sou uma ótima ajudante!\nNão teria alguma coisa que eu possa fazer?”	“¿Puedo ayudarte?”, perguntó {NAME:P1}.\n“¡Soy muy buena ayudante! ¿Hay algo en lo que pueda colaborar?”	「何⁠か​お手伝い​できる​こと⁠は⁠？」​{NAME:P1}​は​聞き⁠まし⁠た。\n「お手伝い⁠が​得意⁠な⁠の⁠！⁠何⁠か​できる​こと⁠は​ある⁠？」	“Boleh kubantu?” tanya {NAME:P1}.\n“Aku biasa membantu! Ada yang bisa kulakukan?”	“Boleh saya bantu kamu?” tanya {NAME:P1}.\n“Saya pembantu yang amat bagus! Ada sesuatu yang boleh saya buat?”	سألت {NAME:P1}: ”أتسمحين لي بمساعدتكِ؟ إني أحب\nمساعدة الغير كثيرًا! أهناك أي مهمّة أستطيع إنجازها؟“
girl.page.8	“Maybe when you’re stronger,” said the ant. “We are in a hurry.”	«Может быть, когда подрастёшь, ‒ ответил муравей.\n‒ А сейчас я очень спешу».	„Vielleicht wenn du stärker bist“, sagte die Ameise. „Wir sind in Eile.“	« Peut-être quand tu seras plus forte, dit la fourmi.\nNous manquons de temps. »	«Forse quando sarai più forte», disse la formica. «Andiamo di fretta».	“Talvez quando você ficar mais forte”, respondeu a formiga.\n“A gente está com pressa.”	“Quizás cuando seas mas fuerte”,\ndijo la hormiga enorme. “Estamos apurados”.	「君⁠が​もっと⁠強く​なっ⁠たら⁠ね」\n​アリ⁠は​言い⁠まし⁠た。​「急い​でる​ん⁠だ」	“Mungkin kalau kamu sudah lebih kuat,”\nujar si semut besar. “Kami sedang buru-buru.”	“Mungkin apabila kamu lebih kuat nanti,” kata semut itu. “Kita mahu cepat.”	قالت النملة الكبيرة: ”يمكنكِ المساعدة عندما تصبحين أقوى. إنني مشغولةٌ الآن“.
girl.page.9	{NAME:P1} sighed and walked toward the sound of the singing.	{NAME:P1} вздохнула и направилась в сторону,\nоткуда доносилось пение.	{NAME:P1} seufzte und ging in Richtung des Gesangs.	{NAME:P1} soupira et continua son chemin\nen direction des bruits de chant.	{NAME:P1} sospirò e andò nella direzione da cui veniva il coro.	{NAME:P1} respirou fundo\ne continuou seu caminho em direção à música.	{NAME:P1} suspiró y caminó hacia donde provenían los cantos.	{NAME:P1}​は​フーッ⁠と​ため息⁠を​つい⁠て、\n歌⁠が​聞こえる​方⁠へ​歩い⁠て​いき⁠まし⁠た。	{NAME:P1} mendesah, lalu berjalan menuju suara nyanyian itu.	{NAME:P1} mengeluh dan berjalan ke arah bunyi nyanyian.	تنهّدت {NAME:P1} وأكملت باتجاه مصدر الغناء.
girl.page.10	She heard a bustle in the dining chamber and peeked inside.	Она услышала шум в столовой и заглянула внутрь.	Sie hörte geschäftiges Treiben aus dem Speisezimmer und lugte hinein.	Elle entendit de l’agitation dans la salle à manger et jeta un œil à l’intérieur.	Sentiva un viavai provenire dal salone da pranzo e sbirciò dentro.	Ao passar pelo salão de jantar,\nele ouviu um burburinho e decidiu dar uma espiadela.	Escuchó el bullicio del comedor y se asomó.	ダイニング​ルーム⁠から​にぎやか⁠な​音⁠が\n聞こえ⁠て​き⁠た⁠ので、​中⁠を​のぞい⁠て​み⁠まし⁠た。	Dia mendengar suara ribut di ruang makan, lalu dia mengintip ke dalam.	Dia mendengar bunyi kesibukan di bilik makan dan mengintai ke dalam.	سمِعت ضجيجًا يصدر من غُرفة الطعام، فاسترقت النظر للداخل.
girl.page.11	Lightning bugs brightened the room\nand tall ants were hanging clover garlands for the queen’s birthday banquet.	Светлячки освещали помещение, а высокие муравьи развешивали\nгирлянды из клевера для банкета в честь Королевы.	Glühwürmchen erhellten den Raum, und große Ameisen\nhängten Girlanden aus Klee für das Geburtstagsessen der Königin auf.	Des lucioles illuminaient la salle et de grandes fourmis accrochaient\ndes guirlandes de trèfles pour le banquet d’anniversaire de la reine.	Le lucciole illuminavano la stanza e le formiche più alte stavano\nappendendo ghirlande di trifogli per il banchetto della regina.	Um grupo de vagalumes iluminava o salão e formigas bem altas penduravam\num cordão de trevos para decorar o banquete de aniversário da rainha.	Las luciérnagas iluminaban la habitación y las hormigas más altas\ncolgaban guirnaldas para el banquete en honor del cumpleaños de la reina.	ホタル⁠が​部屋⁠を​明るく​てらし、​背⁠の​高い​アリ⁠たち⁠が​女王⁠の\n誕生⁠日⁠パーティー⁠の​ため⁠に​クローバー⁠の​花輪⁠を​かざっ⁠て​い⁠まし⁠た。	Kunang-kunang menerangi ruangan itu dan semut-semut yang tinggi\nmenggantungkan karangan bunga kemangi untuk jamuan ulang tahun Ratu.	Kunang-kunang menerangi bilik dan semut\nyang tinggi menggantung kalungan klover untuk jamuan hari lahir permaisuri.	كانت اليراعات تضئنَ الغرفة بينما تعلّق النملات الطويلات\nأكاليل البرسيم تجهيزًا لمأدبة عيد ميلاد الملكة.
girl.page.12	“This looks amazing! May I help hang the garlands?”\n{NAME:P1} asked the ant tying the stems. “I’m a very good helper.”	«Выглядит восхитительно! Можно помочь вам с гирляндами?\n‒ {NAME:P1} спросила муравьиху. ‒ Я хорошая помощница».	„Das sieht toll aus! Kann ich euch helfen, die Girlanden aufzuhängen?“,\nfragte {NAME:P1} eine Ameise. „Ich bin eine gute Helferin.“	« C’est magnifique ! dit {NAME:P1}.\nJe peux aider à accrocher les guirlandes ? Je peux être très utile ! »	«Che meraviglia! Posso aiutare ad appendere le ghirlande?», chiese\n{NAME:P1} alla formica che legava gli steli. «Sono un’ottima aiutante».	“Isso está ficando incrível! Posso ajudar a pendurar os trevos?”, perguntou\n{NAME:P1} a uma das formigas. “Eu sou uma ótima ajudante.”	“¡Esto es fantástico! ¿Puedo ayudar a colgar las guirnaldas?”, preguntó\n{NAME:P1} a la hormiga mas cercana. “Soy muy buena ayudante”.	「すごい⁠！⁠花輪⁠を​つるす​の⁠を​手伝っ⁠て⁠も​いい⁠？」​{NAME:P1}​は、\nくき⁠を​結ん⁠で​いる​アリ⁠に​聞き⁠まし⁠た。​「お手伝い⁠が​得意⁠な​の」	“Ini bagus! Boleh kubantu menggantung karangan bunga?” {NAME:P1}\nbertanya pada semut yang sedang mengikat dahan. “Aku pintar membantu.”	“Hebat sekali! Boleh saya tolong sangkut kalungan?” {NAME:P1} bertanya\nkepada semut yang mengikat tangkai. “Saya pembantu yang amat bagus.”	”ما أجملها!“ تعجّبت {NAME:P1} ثم سألت النملة التي تربط السويقات معًا:\n”أتسمحن لي بتعليق الأكاليل معكنّ؟ إنّي أحب مساعدة الغير كثيرًا!“
girl.page.13	The tall ant smiled. “Thank you for wanting to help,” she said.\n“But we are very busy. Maybe when you are taller.”	Муравьиха улыбнулась. «Молодец, что хочешь помочь, ‒ сказала она,\n‒ но мы сейчас слишком заняты. Может быть, когда подрастёшь».	Die große Ameise lächelte. „Danke, dass du helfen möchtest“, sagte sie.\n„Aber wir sind sehr beschäftigt. Vielleicht wenn du größer bist.“	La grande fourmi sourit. « Merci de proposer ton aide, dit-elle.\nMais nous sommes très occupées. Peut-être quand tu seras plus grande. »	La formica sorrise. «Grazie per l’offerta», disse.\n«Ma siamo molto occupati. Forse quando sarai più alta».	A formiga alta sorriu. “Obrigada por oferecer ajuda”, ela disse.\n“Mas a gente está muito ocupada. Talvez quando você ficar mais alta.”	La espigada hormiga sonrió. “Gracias por la voluntad de ayudar”, contestó.\n“Pero ahora estamos ocupadas. Quizás cuando seas más alta”.	背⁠の​高い​アリ⁠は​ニッコリ⁠し⁠て、​言い⁠まし⁠た。​「そう⁠言っ⁠て​くれ⁠て​ありが\nとう。​でも⁠私⁠たち⁠は​とても⁠忙しい⁠の。​もっと⁠背⁠が​伸び⁠たら​手伝っ⁠て⁠ね」	Semut yang tinggi tersenyum. “Terima kasih sudah ingin membantu,” ujarnya.\n“Tapi kami sangat sibuk. Mungkin nanti kalau kamu sudah lebih tinggi.”	Semut tinggi tersenyum. “Terima kasih kerana mahu membantu,” katanya.\n“Tapi kami sangat sibuk. Mungkin apabila kamu lebih tinggi nanti.”	ابتسمت النملة الطويلة وقالت: ”شكرًا لأنّكِ تريدين المساعدة،\nلكننا مشغولات جدًا الآن. يمكنكِ مساعدتنا عندما تصبحين أطول“.
girl.page.14	{NAME:P1} sighed again and walked toward the music chamber.\n“There must be something I can do to help!”	{NAME:P1} снова вздохнула и направилась к музыкальному залу.\n«Но ведь есть же что-то, с чем я могу помочь!»	{NAME:P1} seufzte erneut und ging in Richtung des Musikzimmers.\n„Dort muss es etwas geben, bei dem ich helfen kann!“	{NAME:P1} soupira à nouveau et reprit son chemin vers la salle\nde musique. « Il doit bien y avoir quelque chose que je puisse faire ! »	{NAME:P1} sospirò di nuovo e andò verso la stanza della musica.\n«Dev’esserci qualcosa che posso fare per dare una mano!»	{NAME:P1} respirou fundo de novo e seguiu em direção\nà sala de música. “Com certeza vou poder ajudar com alguma coisa!”	{NAME:P1} suspiró nuevamente y se dirigió hacia el salón\ndesde dónde provenía la música. “¡Debe haber algo en lo que pueda ayudar!”	{NAME:P1}​は、​また⁠フーッ⁠と​ため息⁠を​つい⁠て、​歌⁠が​聞こえる​方⁠へ\n歩い⁠て​いき⁠まし⁠た。​「何⁠か​私⁠に⁠も​できる​こと⁠が​ある​はず⁠！」	{NAME:P1} mendesah lagi, kemudian berjalan menuju ruang musik.\n“Pasti ada sesuatu yang bisa kubantu!”	{NAME:P1} mengeluh lagi dan berjalan ke arah bilik muzik.\n“Mesti ada sesuatu di sana yang boleh saya bantu!”	تنهّدت {NAME:P1} مجدّدًا وأكملت باتجاه حجرة الموسيقى وهي تفكّر:\n”لا بدّ من وجود مهمّة أستطيع إنجازها!“
girl.page.15	When {NAME:P1} reached the music chamber, the ant choir was gone.\nThere was only the old choir director who was rolling up his music.	Войдя в музыкальный зал, {NAME:P1} обнаружила, что хора там\nуже нет. Остался только старый дирижёр, да и тот уже убирал свои ноты.	Als {NAME:P1} das Musikzimmer erreichte, war der Ameisenchor nicht da.\nNur der alte Chordleiter war dort, der seine Notenblätter weglegte.	Quand {NAME:P1} entra dans la salle de musique,\nseul s’y trouvait le vieux directeur de chorale qui rangeait ses partitions.	Quando {NAME:P1} arrivò nella stanza della musica,\nil coro non c’era più. C’era solo il vecchio direttore che arrotolava gli spartiti.	Quando {NAME:P1} chegou à sala de música, todas as formigas\ndo coro já tinham ido embora. Só restava o velho maestro e suas partituras.	Cuando llegó a la sala de música el coro de hormigas ya se había ido.\nEstaba sólo el viejo director del coro, enrollando las partituras.	{NAME:P1}​が​音楽⁠の​部屋⁠に​着く⁠と、​アリ⁠の​合唱⁠団⁠は​もう⁠い⁠ませ⁠ん⁠でし⁠た。\n楽譜⁠を​かたず⁠け⁠て​いる​年寄り⁠の​指揮⁠者⁠が​いる⁠だけ⁠でし⁠た。	Saat {NAME:P1} sampai ke ruang musik, paduan suara sudah bubar.\nHanya ada direktur paduan suara tua yang sedang menggulung notasi musiknya.	Apabila {NAME:P1} sampai ke bilik muzik, koir semut telah berlalu.\nHanya ada pengarah koir yang tua sedang menggulung not muziknya.	لمّا وصلت {NAME:P1} إلى حجرة الموسيقى، كانت جوقة النمل قد رحلت.\nلم يكن هناك سوى مدير الجوقة العجوز يُلملم نوتاته الموسيقيّة.
girl.page.16	“May I please join the birthday celebration choir?” {NAME:P1} asked\nthe old ant. “I have heard the song so much I know it by heart.”	«Можно мне поучаствовать в хоре на день рождения Королевы? ‒ спросила\n{NAME:P1} старого муравья. ‒ Я уже выучила эту песню наизусть».	„Kann ich bitte beim Chor mitmachen?“, fragte {NAME:P1} die alte Ameise.\n„Ich habe das Lied so oft gehört, ich kenne es auswendig.“	« Est-ce que je peux participer à la chorale ? demanda {NAME:P1}.\nJ’ai entendu la chanson tellement de fois que je la connais par cœur. »	«Posso unirmi al coro per il compleanno?», chiese {NAME:P1}\nalla vecchia formica. «Ho sentito la canzone così tanto che la so a memoria».	“Por favor, posso fazer parte no coro de celebração de aniversário?\nJá ouvi a música tantas vezes, que já sei de cor”, disse {NAME:P1}.	“¿Puedo unirme al coro para la fiesta?” preguntó {NAME:P1} a la vieja\nhormiga. “He escuchado la canción tantas veces que la sé de memoria”.	「お⁠誕生⁠日⁠を​祝う​合唱⁠団⁠に​入れ⁠て​もらえる⁠？」​{NAME:P1}​は​年寄り⁠の\nアリ⁠に​聞き⁠まし⁠た。​「何⁠度⁠も​聞い⁠て​いる⁠から、​ぜんぶ​歌える⁠わ」	“Bolehkah aku ikut paduan suara perayaan ulang tahun?” {NAME:P1}\nbertanya ke semut tua. “Aku sering mendengar lagunya, jadi aku hapal.”	“Bolehkah saya menyertai koir sambutan hari lahir?” {NAME:P1} bertanya\nsemut tua. “Saya sudah sering mendengar lagu ini hingga hafal.”	سألت {NAME:P1} العجوز: ”من فضلك، هل تسمحين لي بالانضمام إلى\nجوقة عيد الميلاد؟ لقد سمعت الأغنية مرارًا وأحفظها عن ظهر قلب“.
girl.page.17	The old ant patted {NAME:P1} on the head and said, “We only allow\ngrown-up ants to sing for Her Majesty. Everything must be perfect.”	Муравей погладил {NAME:P4} по голове. «Мы разрешаем петь\nдля Её Величества только взрослым муравьям. Всё должно быть идеально».	Die Ameise tätschelte den Kopf von {NAME:P1} und sagte: „Nur\nerwachsene Ameisen dürfen für Ihre Majestät singen. Alles muss perfekt sein.“	La vieille fourmi dit gentiment à {NAME:P1} : « Seules les fourmis\nadultes peuvent chanter pour Sa Majesté. Tout doit être parfait. »	La formica diede a {NAME:P1} un buffetto e disse: «Solo le formiche\nadulte possono cantare per Sua Maestà. Dev’essere tutto perfetto».	O velho maestro passou a mão na cabeça de {NAME:P1} e respondeu:\n“Só formigas adultas podem cantar para a rainha. Tudo deve ser perfeito.”	La vieja hormiga palmeó la cabeza de {NAME:P1} y dijo “Sólo las\nhormigas adultas le pueden cantar a Su Majestad. Todo debe ser perfecto”.	年寄り⁠の​アリ⁠は​{NAME:P1}​の​頭⁠を​なで⁠て​言い⁠まし⁠た。​「女王⁠の​ため⁠に​歌え\nる​の⁠は​大人⁠の​アリ⁠だけ⁠じゃ。​すべて​完璧⁠じゃ⁠ない⁠と​いけ⁠ない​ん⁠じゃ⁠よ」	Semut tua menepuk kepala {NAME:P1}, lalu berkata, “Kami hanya mengizinkan\nsemut dewasa yang bernyanyi untuk Ratu. Semuanya harus sempurna.”	Semut tua menepuk kepala {NAME:P1} dan berkata, “Kami cuma benarkan\nsemut dewasa menyanyi untuk Baginda Ratu. Semuanya mesti sempurna.”	ربّتت النملة العجوز على رأس {NAME:P1} قائلةً: ”لا نسمح إلّا للنّملات\nالبالغات بالغناء لصاحبة الجلالة. يجب أن تكون كلّ النغمات مثاليةً تمامًا“.
girl.page.18	“But what can I do to help?” {NAME:P1} asked.\n“It seems I’m too weak, small, and young to do anything to honor the queen!”	«Но чем же я могу помочь? ‒ спросила {NAME:P1}.\n‒ Кажется, я слишком маленькая, чтобы сделать что-то для Королевы».	„Aber wie kann ich helfen?“, fragte {NAME:P1}. „Es scheint,\nich bin zu schwach, klein und zu jung, um die Königin ehren zu können!“	« Mais que puis-je faire ? demanda {NAME:P1}. Je suis trop faible,\npetite et jeune pour faire quoi que ce soit pour honorer la reine ! »	«Ma cosa posso fare per aiutare?», chiese {NAME:P1}. «A quanto\npare sono troppo debole, piccola e giovane per fare qualcosa per la regina!»	“Mas como eu poderia ajudar?”, perguntou {NAME:P1}. “Parece que\neu sou fraca, pequena e nova demais para ajudar na homenagem à rainha!”	“Pero, ¿qué puedo hacer para ayudar”, preguntó {NAME:P1}.\n“¡Parece que soy demasiado débil, pequeña o joven para honrar a la reina!”	「じゃあ、​私⁠に​できる​こと⁠は⁠？」​{NAME:P1}​は​聞き⁠まし⁠た。​「私⁠は​弱\nく​て、​小さく⁠て、​若い⁠から、​女王⁠の​ため⁠に​できる​こと⁠が​何⁠も​ない⁠の⁠！」	“Tapi apa yang bisa kubantu?” tanya {NAME:P1}. “Tampaknya aku terlalu\nlemah, kecil, dan muda untuk berbuat sesuatu demi menghormati Ratu!”	“Tapi apa yang boleh saya bantu?” {NAME:P1} bertanya. “Nampaknya saya\nterlalu lemah, kecil dan muda bagi membuat apa-apa untuk permaisuri!”	فسألت {NAME:P1}: ”لكن، أهناك أي مهمّة أستطيع إنجازها؟ يبدو\nأنني أضعف وأقصر وأصغر من تقديم أي شيء تكريمًا للملكة!“
girl.page.19	The old ant smiled at {NAME:P1}. “That is very noble of you.\nWhy don’t you run above ground and see if they need any help gathering food?”	«Очень благородно с твоей стороны, муравьишка. Может, ты выберешься\nиз муравейника и посмотришь, не нужна ли помощь в приготовлении еды?»	Die Ameise lächelte {NAME:P1} an. „Das ist ehrenwert von dir. Geh doch\nnach oben und schau, ob sie Hilfe beim Sammeln des Essens brauchen.“	La vieille fourmi sourit à {NAME:P1}. « Pourquoi ne te rend-tu\npas à la surface pour aider avec la récolte de nourriture ? »	La vecchia formica sorrise a {NAME:P1}. «È bello da parte tua.\nPerché non vai fuori a vedere se hanno bisogno d’aiuto a raccogliere cibo?»	O maestro-formiga sorriu. “Isso é muito nobre da sua parte. Por que\nvocê não vai à superfície para ver se eles precisam de ajuda com a comida?”	La vieja hormiga sonrió. “Es muy noble de tu parte. ¿Por qué no vas arriba,\na la superficie, y ves si necesitan ayuda para buscar comida?”	年寄り⁠の​アリ⁠は​ニッコリ⁠と​笑い⁠まし⁠た。​「立派⁠じゃ。​外⁠に​出⁠て、\n食べ物⁠を​集める⁠のに​助け⁠が​必要⁠か​どう⁠か​見⁠て​き⁠たら​どう⁠じゃ⁠？」	Semut tua tersenyum pada {NAME:P1}. “Mulia sekali. Coba lari di atas tanah,\nlihat apakah mereka butuh bantuan untuk mengumpulkan makanan?”	Semut tua tersenyum kepada {NAME:P1}. “Kamu amat mulia. Pergilah ke atas tanah,\nmungkin mereka perlukan bantuan bagi mengumpulkan makanan?”	تبسّمت العجوز في وجه {NAME:P1} وقالت: ”غايتكِ نبيلة حقًا. ما رأيكِ\nبأن تخرجي إلى السطح وتسألي إذا كانوا يحتاجون مساعدة في جمع الطعام؟“
girl.page.20	{NAME:P1} hadn’t thought of that!\nShe climbed nimbly up to the anthill opening and looked around.	{NAME:P3} эта мысль не приходила в голову!\nОна проворно выбралась наружу и огляделась.	Daran hatte {NAME:P1} nicht gedacht!\nFlink kletterte sie zur Öffnung des Ameisenhügels und schaute sich um.	{NAME:P1} n’avait pas pensé à ça !\nElle grimpa habilement hors de la fourmillière et regarda autour d’elle.	{NAME:P1} non ci aveva pensato!\nSi arrampicò agilmente fino in cima al formicaio e si guardò intorno.	{NAME:P1} não tinha pensado nisso!\nEla subiu rapidinho até a abertura do formigueiro e deu uma olhada ao redor.	¡{NAME:P1} no había pensado en eso!\nÁgil, subió hasta la entrada del hormiguero y miró a su alrededor.	食べ物⁠の​こと⁠は​思いつき⁠ませ⁠ん⁠でし⁠た⁠！​{NAME:P1}​は\nすばやく​アリ⁠の​巣⁠の​入り口⁠まで​登り、​あたり⁠を​見回し⁠まし⁠た。	{NAME:P1} tidak terpikirkan hal itu! Dia memanjat dengan gesit\nke pintu sarang semut dan melihat-lihat ke sekelilingnya.	{NAME:P1} tidak terfikirkan hal itu! Dia mendaki dengan lincah\nke pintu busut semut dan memerhatikan keadaan sekeliling.	لم يخطر ذلك على بال {NAME:P1}!\nتسلّقت برشاقة إلى فتحة عشّ النمل ونظرت حولها.
girl.page.21	“That’s why I heard marching!” she thought,\nfollowing the ants who were collecting food.	«Так вот почему я слышала маршировку!» ‒ воскликнула она,\nнаблюдая за муравьями, которые несли еду.	„Deshalb habe ich die Marschiergeräusche gehört!“,\ndachte sie und folgte den Ameisen, die Essen sammelten.	« C’est pour ça que j’ai entendu les pas ! »\npensa-t-elle en suivant les fourmis qui récoltait la nourriture.	«Ecco perché sentivo marciare!»,\npensò, seguendo le formiche che stavano raccogliendo il cibo.	“Ah, então foi por isso que ouvi aqueles passos!”,\nela pensou, seguindo as formigas que estavam coletando comida.	“¡Es por eso que escuchaba tantos pasos marchando!”\npensó, yendo tras las hormigas que estaban recolectando comida.	「だから⁠行進​する​音⁠が​聞こえ⁠た⁠の⁠ね⁠！」​{NAME:P1}​は​そう⁠思い⁠ながら、\n食べ物⁠を​集め⁠て​いる​アリ⁠の​後⁠を​つい⁠て​いき⁠まし⁠た。	“Itu sebabnya aku mendengar suara berbaris!” katanya dalam hati,\nsambil mengikuti para semut yang sedang mengumpulkan makanan.	“Itulah sebabnya saya dengar orang berkawat!”\ndia berfikir, mengikuti semut yang sedang mengumpulkan makanan.	”إذن هذا مصدر دبيب الأقدام الذي سمعته!“\nحدّثت نفسها وهي تتبع النملات اللواتي يجمعن الطعام.
girl.page.22	{NAME:P1} climbed onto a bowl of strawberries.\n“Surely I’m strong enough to carry one of these,” she supposed.	{NAME:P1} забралась на миску с земляникой.\n«Я уж точно достаточно сильна, чтобы поднять эти ягоды».	{NAME:P1} kletterte auf eine Schale Erdbeeren.\n„Bestimmt bin ich stark genug, eine davon zu tragen“, mutmaßte sie.	{NAME:P1} grimpa sur un bol de fraises, et se dit :\n« Je suis sûr d’être assez forte pour en porter une. »	{NAME:P1} si arrampicò su una ciotola di fragole.\n«Di sicuro sono abbastanza forte da portare una di queste», si disse.	{NAME:P1} subiu em uma tigela de morangos.\n“Com certeza eu sou forte o suficiente para carregar um deles”, ela imaginou.	{NAME:P1} trepó a un cuenco con fresas.\n“Seguramente soy lo suficientemente fuerte para llevarlas”, barruntó.	{NAME:P1}​は​イチゴ⁠の​入っ⁠た​ボウル⁠に​登り⁠まし⁠た。​「きっと⁠私⁠は、\nイチゴ⁠を​運べる⁠くらい​強い⁠の⁠よ」​{NAME:P1}​は​そう⁠思い⁠まし⁠た。	{NAME:P1} menaiki mangkuk berisi stroberi.\n“Pasti aku cukup kuat untuk mengangkat ini,” pikirnya.	{NAME:P1} mendaki ke atas semangkuk strawberi. “Tentunya saya\ncukup kuat untuk membawa sebiji daripadanya,” dia mengagak.	تسلّقت {NAME:P1} وعاء مليئًا بالفراولة.\nتصوّرت في نفسها: ”لا بدّ أني قويّة كفاية لحمل ثمرة واحدة“.
girl.page.23	{NAME:P1} tried to pick up the smallest berry. But it wouldn’t budge.	{NAME:P1} попыталась приподнять самую маленькую ягодку,\nно та и не сдвинулась с места.	{NAME:P1} versuchte, die kleine Beere aufzuheben.\nAber sie wollte sich nicht bewegen.	{NAME:P1} essaya de soulever la plus petite fraise.\nMais celle-ci ne bougea pas.	{NAME:P1} provò a sollevare\nla fragola più piccola. Ma quella non si mosse.	{NAME:P1} tentou pegar o menor moranguinho que viu,\nmas ela nem conseguia sair do lugar.	{NAME:P1} trató de recoger la más pequeña. Pero no se movió.	{NAME:P1}​は​一番​小さな⁠イチゴ⁠を​持ち上げよ⁠う⁠と​し⁠まし⁠た。\nしかし、​イチゴ⁠は​動き⁠ませ⁠ん。	{NAME:P1} mencoba mengambil buah beri yang terkecil.\nTapi buah beri itu tidak bergerak.	{NAME:P1} cuba mengangkat beri paling kecil.\nNamun beri itu tidak berganjak.	حاولت {NAME:P1} حمل أصغر فراولة، لكنها لم تتزحزح.
girl.page.24	“Hey!” said a strong ant, climbing onto the bowl.\n“Run along back to the anthill! It’s about to storm!”	«Эй, ‒ крикнул ей сильный муравей, взобравшись на миску.\n‒ Беги-ка поскорей в муравейник! Сейчас польёт дождь!»	„Hey!“, sagte eine starke Ameisen, die gerade auf die Schale kletterte.\n„Schnell zurück zum Ameisenhügel! Es wird gleich einen Sturm geben!“	« Hé ! dit une grande fourmi en grimpant sur le bol.\nRedescend dans la fourmillière ! Un orage arrive ! »	«Ehi!», disse una formica forzuta che si arrampicava sulla ciotola.\n«Ritorna in fretta nel formicaio! Sta per arrivare un temporale!»	“Ei!”, disse uma formiga forte enquanto subia na tigela.\n“Volte correndo para o formigueiro! Vai cair uma tempestade!”	“¡Oye!”, dijo una fornida hormiga trepando al cuenco.\n“¡Corre de vuelta al hormiguero! ¡Va a arreciar una tormenta!”	「おい⁠！」​一⁠匹⁠の​強い​アリ⁠が​ボウル⁠の​上⁠に​登っ⁠て​き⁠まし⁠た。\n「アリ⁠の​巣⁠まで​逃げろ⁠！⁠嵐⁠が​来る⁠ぞ⁠！」	“Hey!” ujar seekor semut yang kuat, sambil memanjat ke mangkuk itu.\n“Larilah kembali ke sarang! Sebentar lagi turun badai!”	“Hei!” kata semut kuat, mendaki ke atas mangkuk.\n“Baliklah semula ke busut! Ribut akan berlaku tidak lama lagi!”	”أنتِ!“ صاحت نملة قويّة وهي تتسلّق إلى الوعاء:\n”عودي إلى العشّ! ستهبّ عاصفة قريبًا!“
girl.page.25	{NAME:P1} tried to lift the strawberry again.\n“I just want to help,” she grunted.	{NAME:P1} сделала ещё одну попытку поднять ягоду земляники.\n«Я просто хочу помочь», ‒ пробормотала она.	{NAME:P1} versuchte erneut, die Erdbeere hochzuheben.\n„Ich wollte doch nur helfen“, grummelte sie.	{NAME:P1} essaya à nouveau de soulever la fraise\net dit en grognant : « Je veux juste aider »	{NAME:P1} provò di nuovo a sollevare la fragola.\n«Voglio solo aiutare», grugnì.	{NAME:P1} tentou levantar o morango mais uma vez.\n“Eu só quero ajudar”, ela resmungou.	{NAME:P1} trató de levantar la fresa otra vez.\n“Sólo quiero ayudar”, refunfuñó.	{NAME:P1}​は​もう一度⁠イチゴ⁠を​持ち上げよ⁠う⁠と​し⁠まし⁠た。\n「ただ⁠手伝い⁠たい​の⁠よ」​{NAME:P1}​は​言い⁠まし⁠た。	{NAME:P1} mencoba mengangkat lagi stroberi itu.\n“Aku hanya ingin membantu,” dia menggerutu.	{NAME:P1} cuba mengangkat strawberi itu lagi.\n“Saya cuma mahu membantu,” dia mendengus.	حاولت {NAME:P1} حمل الفراولة مجددًا وهمهمت: ”أريد المساعدة فحسب“.
girl.page.26	The strong ant easily picked up the berry.\n“The best way to help is to get out of the way. We are in a big…”	Сильный муравей легко взвалил ягоду на плечо.\n«Лучшая помощь – не мешать. Мы тут все очень…»	Die starke Ameise hob mit Leichtigkeit die Beere hoch. „Die beste Möglichkeit\nzu helfen, ist es, aus dem Weg zu gehen. Wir haben es…“	La grande fourmi souleva facilement la fraise. « La meilleure façon d’aider\nest de nous laisser travailler. Nous avons de gros… »	La formica forzuta sollevò facilmente la fragola.\n«Il modo migliore di aiutare è se ti togli di mezzo. Andiamo proprio di f…»	A formiga forte pegou o morango sem precisar de muito esforço.\n“A melhor forma de ajudar é saindo do caminho. A gente tem uma grande…”	La hormiga forzuda levantó la fresa fácilmente. “La mejor manera\nde ayudar es mantenerse fuera del camino. Tenemos un gran…”	強い​アリ⁠は​ヒョイッ⁠と​イチゴ⁠を​持ち上げ⁠まし⁠た。\n「一番⁠の​手助け⁠は、​じゃま⁠を​し⁠ない​こと⁠だ。​俺⁠たち⁠は​大きな…​」	Semut yang kuat itu mengangkat buah beri dengan mudah.\n“Cara terbaik untuk membantu adalah dengan minggir. Kami sedang…”	Semut kuat mengangkat beri itu dengan mudah. “Cara terbaik\nuntuk membantu adalah dengan pergi dari sini. Kami sedang bekerja keras…”	رفعت النملة القويّة الفراولة بسهولة وقالت:\n”ستكونين مفيدةً جدًا إذا أفسحتِ لي الطريق. أمامنا الكثير من…“
girl.page.27	Suddenly the ant dropped his berry and bowed. “Your Majesty!”	Внезапно муравей сбросил ягоду\nобратно в миску и поклонился. «Ваше Величество!»	Plötzlich ließ die Ameise ihre Beere fallen und verbeugte sich. „Eure Majestät!“	Soudain la fourmi laissa tomber la fraise et se prosterna. « Votre Majesté ! »	Improvvisamente la formica lasciò cadere la fragola\ne s’inchinò. «Vostra Maestà!»	De repente, a formiga deixou seu morango cair e se curvou. “Sua Majestade!”	De repente, la hormiga dejó caer la fresa y se postró. “¡Su Majestad!”	突然、​アリ⁠は​イチゴ⁠を​落とし、\n​頭⁠を​下げ⁠まし⁠た。​「女王⁠様⁠！」	Tiba-tiba semut itu menjatuhkan beri yang diangkatnya,\nlalu membungkuk. “Yang Mulia!”	Tiba-tiba semut itu meletakkan berinya dan tunduk hormat. “Baginda Ratu!”	فجأةً أفلتت النملة ثمرتها وانحنت قائلةً: ”صاحبة الجلالة!“
girl.page.28	{NAME:P1} turned and saw an ant standing on the bowl behind her.\nThe ant was wearing a crown!	{NAME:P1} обернулась и увидела муравьиху,\nстоявшую позади неё. Её голова была увенчана короной!	{NAME:P1} drehte sich um und sah eine Ameise,\ndie auf der Schale hinter ihr stand. Die Ameise trug eine Krone!	{NAME:P1} se retourna et vit une fourmi\nqui se tenait sur le bol derrière elle. La fourmi portait une couronne !	{NAME:P1} si girò e vide in piedi sulla ciotola\ndietro di sè una formica con una corona in testa!	{NAME:P1} se virou e percebeu que, atrás dela, na mesma tigela,\ntinha uma outra formiga. E ela estava usando uma coroa!	{NAME:P1} se dio vuelta y vio una hormiga parada en el cuenco,\ndetrás de ella. ¡La hormiga lucía una corona!	{NAME:P1}​が​強い​アリ⁠の​後ろ⁠を​見る⁠と、​ボウル⁠の​上⁠に\n1⁠匹⁠の​アリ⁠が​立っ⁠て​い⁠まし⁠た。​その⁠アリ⁠は​王冠⁠を​かぶっ⁠て​い⁠まし⁠た⁠！	{NAME:P1} berbalik dan melihat seekor semut\nyang berdiri di mangkuk di belakangnya. Semut itu memakai mahkota!	{NAME:P1} berpaling dan melihat seekor semut berdiri\ndi atas mangkuk di belakangnya. Semut itu memakai mahkota!	استدارت {NAME:P1} فإذا بنملة تعتلي الوعاء خلفها. كانت النملة ترتدي تاجًا!
girl.page.29	“Your Majesty!” {NAME:P1} cried, bowing low.	«Ваше Величество!» ‒ воскликнула {NAME:P1}, низко кланяясь.	„Eure Majestät!“, rief {NAME:P1} und verbeugte sich.	« Votre Majesté ! » cria {NAME:P1} en se prosternant à son tour.	«Vostra Maestà!», gridò {NAME:P1}, facendo un inchino.	“Sua Majestade!”, disse {NAME:P1}, curvando-se à rainha.	“¡Su majestad!”, exclamó {NAME:P1} inclinándose levemente.	「女王⁠様⁠！」​{NAME:P1}\nは​頭⁠を​下げ⁠て​言い⁠まし⁠た。	“Yang Mulia!” {NAME:P1} menangis, membungkuk dalam-dalam.	“Baginda Ratu!” {NAME:P1} terjerit, sambil menunduk penuh hormat.	”صاحبة الجلالة!“ هتفت {NAME:P1} وانحنت بإجلال.
girl.page.30	“Hello, little ant. I am out choosing the food for my birthday menu.\nWhy do you look so sad? No one should be sad for my celebration.”	«Здравствуй, муравьишка. Я выбираю угощения для праздничного стола.\nА почему ты такая грустная? Никто не должен грустить в мой праздник».	„Hallo, kleine Ameise. Ich suche mir Essen für meine Feier aus.\nWarum schaust du so traurig? Niemand sollte bei meiner Feier traurig sein.“	« Bonjour, petite. Je suis en train de choisir mon menu d’anniversaire.\nPourquoi si triste ? Personne ne devrait être triste aujourd’hui. »	«Ciao, formichina. Sto scegliendo il cibo per il menù del mio compleanno.\nPerché sei così triste? Nessuno dovrebbe essere triste alla mia festa».	“Olá, formiguinha. Estou escolhendo os pratos para o cardápio do meu\naniversário. Mas por que essa cara toda triste? Não combina com a ocasião.”	“Hola, pequeña hormiga. Estoy eligiendo la comida del menú de mi\ncumpleaños. ¿Por qué estás triste? Nadie debería estar triste por mi fiesta”.	「こんにちは、​小さな⁠アリ⁠さん。​私⁠は​誕生⁠日⁠の​食べ物⁠を​選ん⁠で​いる​とこ\nろ​よ。​どうして⁠悲し⁠そう⁠な⁠の⁠？⁠私⁠の​お祝い⁠に​悲しい​顔⁠を​し⁠て⁠は​ダメ⁠よ」	“Hai, semut kecil. Aku keluar untuk memilih makanan menu ulang tahunku.\nMengapa kamu terlihat sedih sekali? Jangan ada yang sedih di perayaanku.”	“Helo, semut kecil. Saya mahu memilih makanan untuk menu hari lahir.\nKenapa kamu sedih? Tiada yang patut bersedih ketika hari lahir saya.”	”مرحبًا، أيتها النملة الصغيرة. أنا أتجوّل لاختيار قائمة طعام لعيد ميلادي.\nلمَ تبدين حزينة هكذا؟ لا ينبغي أن تحزن أي نملة يومَ الاحتفال“.
girl.page.31	“B-but that’s just it,” {NAME:P1} tried to explain. “I want to help…”	«Н-но я просто… ‒ пробормотала {NAME:P1},\n‒ Я просто хотела помочь…»	„Aber das ist es ja“, versuchte {NAME:P1} zu erklären. „Ich möchte helfen…“	« M-mais c’est juste que,\nessaya d’expliquer {NAME:P1}. Je veux aider… »	«E-ecco, io…», provò a spiegare {NAME:P1}.\n«Vorrei dare una mano…»	“Ma-ma-mas é exatamente isso”,\n{NAME:P1} tentou explicar. “Eu quero ajudar…”	“Pp…ero, no es nada”, balbuceaba {NAME:P1}\ntratando de explicar. “Es que quiero ayudar…”	「で、​でも、​悲しい​ん⁠です」​{NAME:P1}​は​説明​しよ⁠う⁠と​し⁠まし⁠た。\n「お手伝い⁠が​し⁠たくっ⁠て…​」	“T-tapi itulah,” {NAME:P1} mencoba menjelaskan. “Saya ingin membantu…”	“T-tapi itulah,” {NAME:P1} cuba menerangkan. “Saya mahu membantu…”	حاولت {NAME:P1} أن تشرح: ”ال-الأمر هو أنّي… أودّ تقديم المساعدة فحسب“.
girl.page.32	Suddenly a gust of wind blew the queen’s crown right off of her head!	Внезапно порыв ветра сорвал корону с головы Королевы!	Plötzlich stieß ein Windstoß die Krone der Königin von ihrem Kopf!	Soudain une bourrasque de vent souffla\net partit avec la couronne de la reine !	Improvvisamente una folata di vento fece volare via la corona della regina!	De repente, uma rajada de vento passou por ali e a coroa,\nque estava na cabeça da rainha, saiu voando pelos ares!	De repente, ¡una ráfaga de viento arrebató la corona de la cabeza de la reina!	その⁠とき​突然、​強い​風⁠が​吹い⁠て​き⁠て、\n女王⁠の​王冠⁠を​頭⁠から​吹き飛ばし⁠まし⁠た⁠！	Tiba-tiba embusan angin melepaskan mahkota dari kepala sang ratu!	Tiba-tiba deruan angin meniup mahkota\npermaisuri hingga jatuh dari kepalanya!	فجأةً، هبّت ريحٌ قويّة وأوقعت التاج من على رأس الملكة!
girl.page.33	“Oh no!” she cried. “My crown! We can’t celebrate without it!”	«О, нет! ‒ вскричала она. ‒ Моя корона!\nБез неё праздник не сможет состояться!»	„Oh nein!“, rief sie. „Meine Krone! Ohne sie können wir nicht feiern!“	« Oh non ! cria-t-elle. Ma couronne !\nLa fête ne peut pas avoir lieu sans elle ! »	«Oh no!», gridò. «La mia corona!\nNon possiamo iniziare i festeggiamenti senza la corona!»	“Ah, não!”, exclamou a rainha. “Minha coroa! Sem ela, não tem celebração!”	“¡Oh, no!”, exclamó la reina. “¡Mi corona! No puedo ir a la fiesta sin ella”.	「大変⁠！」​女王⁠は​叫び⁠まし⁠た。​「私⁠の​王冠⁠！\n王冠⁠が​ない⁠と​お祝い​でき⁠ない⁠わ⁠！」	“Oh tidak!” dia berteriak. “Mahkotaku!\nKita tidak bisa merayakannya tanpa mahkota itu!”	“Oh tidak!” dia terjerit. “Mahkota saya!\nKita tidak dapat mengadakan sambutan tanpa mahkota!”	”يا إلهي!“ صاحت الملكة: ”تاجي! لا يمكننا الاحتفال بدونه!“
girl.page.34	The crown rolled on the ground and fell right into a crack.	Корона покатилась по земле и свалилась прямо в расщелину.	Die Krone kullerte über den Boden und fiel direkt in eine Spalte.	La couronne roula sur le sol et tomba dans une crevasse.	La corona rotolò per terra e cadde in una crepa.	A coroa enfim despencou no chão,\nmas foi rolando até cair bem em uma fenda.	La corona rodó por el suelo y cayó en una grieta.	王冠⁠は​地面⁠を​コロコロ⁠と​転がり、\n​ひび割れ⁠の​中⁠に​落ち⁠まし⁠た。	Ratu terguling di tanah dan terjatuh ke dalam celah.	Mahkota itu bergolek di atas tanah dan terjatuh ke dalam rekahan tanah.	تدحرج التاج على الأرض وسقط في شقّ ضيّق.
girl.page.35	The queen was shocked. “Oh! How can I get it without soiling my cape?”	Королева была дико расстроена.\n«Ой! Как же мне достать её, не испачкав мой наряд?»	Die Königin war schockiert. „Oh! Wie kann ich sie zurückholen,\nohne meinen Umhang zu verschmutzen?“	La reine était choquée.\n« Oh ! Comment puis-je la récupérer sans salir ma cape ? »	La regina era sconvolta. «Oh! Come faccio a prenderla\nsenza sporcarmi il mantello?»	A rainha ficou chocada. “Ah, não!\nE agora, o que farei para pegá-la sem sujar toda a minha capa?”	La reina quedó patitiesa.\n“¡Oh! ¿Cómo puedo recuperarla sin ensuciar mi capa?”	女王⁠は​ひどく​悲しみ⁠まし⁠た。​「ああ⁠！\nどう⁠し⁠たら​ローブ⁠を​汚さ⁠ず⁠に​取り​だせる⁠かしら⁠？」	Ratu terkejut. “Oh! Bagaimana aku bisa\nmengambilnya tanpa mengotori mantelku?”	Permaisuri amat terkejut. “Oh! Bagaimana saya\ndapat mengambilnya tanpa mengotorkan mantel saya?”	قالت الملكة مصدومةً: ”يا للأسف! كيف سأستردّه دون تلويث ردائي؟“
girl.page.36	{NAME:P1} said, “I’ll get it!”	«Я достану её для вас», ‒ промолвила {NAME:P1}.	{NAME:P1} sagte: „Ich hole sie!“	{NAME:P1} dit : « Je m’en occupe ! »	{NAME:P1} disse: «La prendo io!»	{NAME:P1} não perdeu tempo e foi logo dizendo: “deixe comigo!”	{NAME:P1} proclamó, “¡Yo la recuperaré!”	{NAME:P1}​は​言い⁠まし⁠た。​\n「私⁠が​取っ⁠て​き⁠ます⁠！」	{NAME:P1} berkata, “Biar saya ambilkan!”	{NAME:P1} berkata, “Saya akan mengambilnya!”	قالت {NAME:P1}: ”أنا سأحضره!“
girl.page.37	“Step aside!” {NAME:P1} was pushed by a big ant.\n“You are too young for such things.”	«Посторонись-ка! ‒ большой муравей оттолкнул {NAME:P4}.\n‒ Ты ещё слишком мала для этого».	„An die Seite!“ {NAME:P1} wurde von einer\ngroßen Ameise weggestoßen. „Du bist zu jung für solche Dinge.“	« Écarte-toi, dit une grande fourmi\nen poussant {NAME:P1}. Tu es trop jeune. »	«Spostati!», disse una grossa formica urtando {NAME:P1}.\n«Sei troppo giovane per queste cose».	Mas, logo em seguida, uma formiga grande apareceu e deu um empurrão\nna {NAME:P1}. “Sai fora! Você é nova demais para essas coisas.”	“¡Apártate!” Una hormiga enorme empujó a {NAME:P1}.\n“Tú eres demasiado joven para eso”.	「さがっ⁠て⁠！」​大きな⁠アリ⁠が​{NAME:P1}​を​押し⁠まし⁠た。\n「そんな⁠こと⁠を​する​の⁠は、​君⁠に⁠は​まだ⁠ムリ⁠だ」	“Minggir!” {NAME:P1} didorong oleh seekor semut besar.\n“Kamu terlalu muda untuk melakukan hal seperti itu.”	“Beri laluan!” {NAME:P1} ditolak oleh semut besar.\n“Kamu terlalu muda untuk tugas-tugas begini.”	”تنحي جانبًا!“ دفعت النملة الكبيرة {NAME:P1} وقالت:\n”لا تزالين صغيرةً جدًا على هذه الأمور“.
girl.page.38	The big ant tried to climb into the crack, but…	Муравей попытался залезть в расщелину, но…	Die große Ameise versuchte, in die Spalte zu klettern, aber…	La grande fourmi essaya de se glisser à travers la crevasse, mais…	La grossa formica provò a calarsi nella crepa, ma…	A formiga grande tentou entrar na fenda, mas…	La hormiga enorme trato de descender por la grieta pero…	大きな⁠アリ⁠は​割れ目⁠に​入ろう⁠と​し⁠まし⁠た⁠が…	Semut besar itu mencoba naik ke dalam celah, namun…	Semut besar cuba memanjat turun ke dalam rekahan, tetapi…	حاولت النملة الكبيرة التسلّل إلى الشقّ، لكن…
girl.page.39	“Your Majesty, I’m afraid I can’t do it. I don’t fit in the crack.”	«Ваше Величество, боюсь, я не могу это сделать. Я не пролажу».	„Eure Majestät, ich befürche, ich schaffe es nicht.\nIch passe nicht in die Spalte.“	« Votre majesté, j’ai bien peur d’en être incapable.\nJe ne passe pas dans la crevasse. »	«Vostra Maestà, temo di non riuscirci. La crepa è troppo stretta».	“Sua Majestade, infelizmente não será possível ajudá-la.\nA fenda é estreita demais para o meu tamanho.”	“Su Majestad, me temo que no puedo buscarla. No entro en la grieta”.	「女王⁠様、​残念⁠ながら​私⁠に⁠は​ムリ⁠です。\n​割れ目⁠に​入れ⁠ませ⁠ん」	“Yang Mulia, rasanya saya tidak bisa melakukannya.\nSaya tidak muat di celah itu.”	“Baginda Ratu, saya rasa saya tidak dapat melakukannya.\nSaya tidak dapat masuk ke dalam rekahan.”	”اعذريني جلالتكِ، أعجز عن إنجاز هذه المهمة. لا يمكنني دخول الشقّ“.
girl.page.40	“I will try!” declared {NAME:P1}.	«Можно, я попробую?» ‒ спросила {NAME:P1}.	„Ich versuche es!“, erklärte {NAME:P1}.	« Je vais essayer ! » déclara {NAME:P1}.	«Ci provo io!», annunciò {NAME:P1}.	“Eu vou tentar!”, afirmou {NAME:P1}.	“¡Yo lo intentaré!”, clamó {NAME:P1}.	「私⁠が​やり⁠ます⁠！」​{NAME:P1}\nは​きっぱり⁠と​言い⁠まし⁠た。	“Biar saya coba!” tegas {NAME:P1}.	“Saya akan cuba!” tegas {NAME:P1}.	أعلنَت {NAME:P1}: ”أنا سأحاول!“
girl.page.41	“Look! I got through! I will find it!”	«Смотрите, я могу пролезть. Думаю, у меня получится!»	„Schaut, ich passe durch! Ich werde sie finden!“	« Regardez ! J’arrive à passer ! Je vais la trouver ! »	«Guarda! Ci passo! La troverò!»	“Vejam só! Consegui entrar! Vou encontrar sua coroa!”	“¡Miren! ¡Pude pasar! ¡La encontraré!”	「見⁠て⁠！⁠入れ⁠た⁠わ⁠！⁠ぜったい⁠見つける⁠わ⁠！」	“Lihat! Aku bisa masuk! Aku akan mencarinya!”	“Lihat! Saya boleh masuk! Saya akan cari mahkota tuanku!”	”رأيتم! يمكنني المرور! سأجده حتمًا!“
girl.page.42	{NAME:P1} went down into the crack and looked around.	{NAME:P1} спустилась в расщелину и огляделась.	{NAME:P1} kletterte in die Spalte und schaute sich um.	{NAME:P1} passa de l’autre côté\nde la crevasse et regarda autour d’elle.	{NAME:P1} si calò nella crepa e si guardò intorno.	{NAME:P1} desceu pela fenda e seguiu em busca da coroa.	{NAME:P1} se sumergió en la grieta y buscó a su alrededor.	{NAME:P1}​は​割れ目⁠に​入っ⁠て、\n​あたり⁠を​見回し⁠まし⁠た。	{NAME:P1} turun dan masuk ke dalam celah dan melihat-lihat.	{NAME:P1} turun ke dalam rekahan dan melihat sekeliling.	نزلت {NAME:P1} في الشقّ وراحت تبحث عن التاج.
girl.page.43	Above the crack the queen waited for news. Would {NAME:P1} be able\nto save the celebration and bring back the crown?	Стоя наверху, Королева ожидала новостей.\nПолучится ли у {NAME:P2} спасти праздник и вернуть корону?	Oberhalb der Spalte wartete die Königin auf Neuigkeiten.\nKonnte {NAME:P1} die Feier retten und die Krone zurückbringen?	Au dessus de la crevasse, la reine attendait. {NAME:P1} serait-elle\ncapable de sauver sa fête d’anniversaire en lui ramenant sa couronne ?	Da fuori la regina aspettava notizie. Riuscirà {NAME:P1} a salvare\ni festeggiamenti e a riprendere la corona?	Acima da fenda, a rainha aguardava notícias. Será que a {NAME:P1}\nconseguiria salvar a celebração e trazer a coroa de volta?	Fuera de la grieta, la reina esperaba novedades.\nEs que, ¿podría {NAME:P1} recuperar la corona y salvar la celebración?	割れ目⁠の​上⁠で⁠は​女王⁠が​知らせ⁠を​待っ⁠て​い⁠まし⁠た。\n{NAME:P1}​は​王冠⁠を​取り戻し、​お祝い⁠を​する​こと⁠が​できる⁠でしょ⁠う⁠か⁠？	Di atas celah itu sang ratu menunggu kabar. Akankah {NAME:P1} mampu\nmenyelamatkan perayaan ulang tahunnya dan membawa kembali mahkotanya?	Di atas sana permaisuri menunggu berita. Dapatkah {NAME:P1}\nmemastikan sambutan itu berjalan dan mengembalikan mahkota?	انتظرت الملكة بصبر أمام الشقّ.\nهل ستتمكّن {NAME:P1} من إعادة التاج وإنقاذ الحفل الملكيّ؟
girl.page.44	And then his hand came out! The queen was overjoyed!	И тут на поверхности земли показалась рука муравьишки!\nКоролева была в восторге!	Und dann kam ihre Hand zum Vorschein! Die Königin war überglücklich!	Sa main ressortit de la crevasse ! La reine débordait de joie !	E poi la sua mano spuntò dalla crepa! La regina era piena di gioia.	Foi quando a mão dela apareceu na abertura da fenda!\nA rainha ficou radiante!	¡Y fue entonces que emergió su mano! ¡La reina estaba exultante!	すると、​{NAME:P1}​の​手⁠が​出⁠て​き⁠まし⁠た⁠！\n⁠女王⁠は​とても⁠喜び⁠まし⁠た⁠！	Dan kemudian tangan si semut kecil itu muncul!\nSang Ratu bukan main senangnya!	Seketika kemudian tangannya keluar dari rekahan! Permaisuri amat gembira!	وفي تلك اللّحظة، خرجت يدها من الشقّ! شعرت الملكة بسعادة غامرة!
girl.page.45	“Here Your Majesty. The crown is fine.”	«Держите, Ваше Величество. Корона в порядке».	„Hier, Eure Majestät. Die Krone ist unbeschädigt.“	« Et voilà, Votre Majesté. La couronne est en parfait état. »	«Ecco, Vostra Maestà. La corona è salva».	“Aqui está, Sua Majestade. A coroa está intacta.”	“Aquí está, Su Majestad. La corona está a salvo”.	「さあ​どうぞ、​女王⁠様。​王冠⁠は​無事⁠です」	“Ini Yang Mulia. Mahkotanya baik-baik saja.”	“Ini Baginda Ratu. Mahkota tuanku tidak rosak.”	”انظري يا صاحبة الجلالة. التاج بخير“.
girl.page.46	“Oh! Thank you very much, {NAME:P1}. You saved the celebration.”	«О, огромное тебе спасибо, {NAME:P1}! Ты спасла мой праздник».	„Oh! Vielen Dank, {NAME:P1}. Du hast die Feier gerettet.“	« Oh ! Merci mille fois, {NAME:P1}. Tu as sauvé la fête. »	«Oh! Grazie mille, {NAME:P1}. Hai salvato i festeggiamenti».	“Ah! Muito obrigada, {NAME:P1}. Você salvou a celebração!”	“¡Oh! Muchas gracias, {NAME:P1}. Tú salvaste la fiesta”.	「ああ⁠！⁠本当に⁠ありがとう、​{NAME:P1}。\nあなた⁠は​お祝い⁠の​場⁠を​救っ⁠て​くれ⁠た⁠の⁠よ」	“Oh! Terima kasih banyak, {NAME:P1}.\nKamu sudah menyelamatkan perayaan ulang tahunku.”	“Oh! Terima kasih banyak, {NAME:P1}.\nKamu memastikan sambutan dapat berjalan.”	”يا إلهي! شكرا جزيلًا لكِ يا {NAME:P1}. لقد أنقذتِ الحفل الملكيّ“.
girl.page.47	“Hm. I think you deserve a reward.\nI will let you sit next to me and eat the most delicious royal food.”	«Я думаю, ты заслуживаешь награду. Я позволю тебе сесть рядом со мной\nи попробовать самую изысканную королевскую еду».	„Hm. Ich glaube, du verdienst eine Belohnung.\nDu darfst neben mir sitzen und vom leckersten königlichen Essen kosten.“	« Hum… Je pense que tu mérites une récompense. Je vais te laisser\nt’asseoir à côté de moi pour déguster la délicieuse nourriture royale. »	«Hm. Penso che ti meriti un premio. Ti farò sedere vicino a me\ne mangerai il cibo più buono riservato alla famiglia reale».	“Humm. Acho que você merece uma recompensa. Vou deixar que você\nse sente ao meu lado e aproveite a comida mais deliciosa da realeza!”	“Mmm. Creo que mereces una recompensa. Te dejaré sentarte\na mi lado y comer los deliciosos manjares reales”.	「そう⁠ね、​ご⁠褒美⁠を​あげる⁠わ。​私⁠の​となり⁠に​座ら⁠せ⁠て​あげ⁠て、\n一番​おいしい​女王⁠用⁠の​料理⁠を​食べ⁠させ⁠て​あげる⁠わ」	“Hm. Kupikir kamu layak mendapatkan hadiah. Nanti kamu duduk\ndi sampingku dan menikmati makanan kerajaan yang paling enak.”	“Hm. Saya fikir kamu wajar menerima ganjaran. Saya akan benarkan kamu\nduduk di sebelah saya dan makan makanan diraja yang paling lazat.”	”حسنًا. أعتقد أنكِ تستحقين مكافأة.\nسأدعكِ تجلسين بجانبي وتأكلين أشهى الأطعمة الملكيّة“.
girl.page.48	{NAME:P1} was very happy. But she was even more happy\nbecause she knew that small ants could be useful too.	{NAME:P1} была вне себя от счастья. Но ещё большую радость\nей доставляло то, что маленькие муравьи тоже могут приносить пользу.	{NAME:P1} war überglücklich. Aber es erfreute sie noch mehr,\nweil sie wusste, dass kleine Ameisen auch eine Hilfe sein konnten.	{NAME:P1} était très heureuse. Mais sa joie grandissait en se disant\nque même les petites fourmis pouvaient se montrer très utiles.	{NAME:P1} era felicissima. Ma era ancora più felice perché sapeva\nche anche le formiche più piccole potevano essere d’aiuto.	{NAME:P1} ficou tão feliz! E ainda mais porque, agora, ela sabia\nque até as formiguinhas pequenas poderiam ser úteis de alguma forma.	{NAME:P1} estaba muy contenta. Pero estaba más contenta aún\npor haber demostrado que las hormigas pequeñas también pueden ser útiles.	{NAME:P1}​は​とても⁠喜び⁠まし⁠た。​そして、​小さな⁠アリ⁠も​役に\n立つ​こと⁠が​わかっ⁠た⁠ので、​もっと⁠うれしく​なり⁠まし⁠た。	{NAME:P1} pun sangat senang. Namun dia lebih senang lagi\nkarena dia tahu bahwa semut kecil pun bisa berguna.	{NAME:P1} berasa amat gembira. Namun dia lebih gembira lagi\nkerana dia tahu semut kecil pun berguna juga.	كانت {NAME:P1} سعيدة جدًا، لكنّها شعرت بفخر أكبر\nلأنها أثبتت أنّ النملات الصغيرات مفيداتٌ أيضًا.
spotlight.keywords											
tags.for.filters											